DivisionId;Date;PublicationUpdated;Number;IsDeferred;EVELType;EVELCountry;Title;AyeCount;NoCount;DoubleMajorityAyeCount;DoubleMajorityNoCount;FriendlyDescription;FriendlyTitle;RemoteVotingStart;RemoteVotingEnd;Attendance
30;2016-03-23T19:26:00;2016-03-23T19:49:36.597;232;FALSE;;;s5 European Communities (Amendment) Act 1993;241;180;;;;;;;0.65
29;2016-03-23T17:16:00;2016-03-24T12:45:13.71;231;FALSE;;;HS2: report stage: Third Reading;399;42;;;;;;;0.68
28;2016-03-23T16:27:00;2016-03-23T17:16:11.987;230;FALSE;;;High Speed Rail Bill Report Stage: New Clause 22;190;254;;;;;;;0.68
27;2016-03-23T16:16:00;2016-03-24T16:52:06.87;229;FALSE;;;HS2: report stage: NC 8;43;245;;;;;;;0.44
26;2016-03-23T15:15:00;2016-03-23T16:11:34.907;228;FALSE;;;HS2: report stage: NC 20;184;273;;;;;;;0.70
25;2016-03-23T00:00:00;2016-03-23T17:38:22.187;227;TRUE;;;Public Service Pensions;287;211;;;;;;;0.77
24;2016-03-23T00:00:00;2016-03-30T11:40:12.89;226;TRUE;;;Electricity;287;232;;;;;;;0.80
23;2016-03-22T19:38:00;2016-03-24T11:32:15.213;225;FALSE;;;Procedure: Future Taxation (Landfill Tax);297;62;;;;;;;0.55
22;2016-03-22T19:24:00;2016-03-23T13:24:25.4;224;FALSE;;;Budget Resolution Motion 56: Insurance Premium Tax;307;62;;;;;;;0.57
21;2016-03-22T19:10:00;2016-03-22T19:36:57.303;223;FALSE;;;Budget Motion 38: Capital Gains Tax;311;274;;;;;;;0.90
20;2016-03-22T18:57:00;2016-03-22T19:23:35.577;222;FALSE;;;Budget Resolutions: Motion 8;307;62;;;;;;;0.57
19;2016-03-22T18:40:00;2016-03-22T19:18:08.48;221;FALSE;;;Budget Resolutions: Amendment of the Law;310;275;;;;;;;0.90
18;2016-03-15T18:59:00;2016-03-15T19:21:03.85;220;FALSE;;;INVESTIGATORY POWERS BILL: SECOND READING;281;15;;;;;;;0.46
17;2016-03-14T21:04:00;2016-03-15T18:20:22.443;219;FALSE;;;Tax Credits SI;272;228;;;;;;;0.77
16;2016-03-14T20:08:00;2016-03-15T12:53:51.677;218;FALSE;;;Energy Bill (Lord) Report Stage: New Clause 10;229;275;;;;;;;0.78
15;2016-03-14T19:56:00;2016-03-15T12:51:45.137;217;FALSE;;;Energy Bill (Lords) Report Stage: New Clause 8;227;272;;;;;;;0.77
14;2016-03-14T19:44:00;2016-03-15T12:43:45.51;216;FALSE;;;Energy Bill (Lords) Report Stage: New Clause 3;229;268;;;;;;;0.76
13;2016-03-14T17:49:00;2016-03-15T12:07:14.623;215;FALSE;;;Energy Bill: amendment 8;229;271;;;;;;;0.77
12;2016-03-14T17:35:00;2016-03-15T18:18:13.813;214;FALSE;;;Energy Bill: amendment 24;183;270;;;;;;;0.70
2;2016-03-09T18:50:00;2016-10-21T15:49:05;211;FALSE;;;Immigration (Affirmative SI);307;57;;;;;;;0.56
55;2016-04-27T16:35:00;2016-04-29T16:58:38.943;257;FALSE;;;Trade Union Bill Lords Amdt 17: Motion to Disagree;307;268;;;;;;;0.88
54;2016-04-27T16:21:00;2016-04-27T17:09:12.747;256;FALSE;;;Trade Union Bill Lords Amendment 2: Govt Amdt (a);312;260;;;;;;;0.88
53;2016-04-26T19:14:00;2016-04-27T11:26:08.783;255;FALSE;;;Policing and Crime Bill Report Stage: Amdt 10;182;305;;;;;;;0.75
52;2016-04-26T19:00:00;2016-04-27T11:26:41.28;254;FALSE;;;Policing and Crime Bill Report Stage: Amdt 13;182;306;;;;;;;0.75
51;2016-04-26T16:19:00;2016-04-26T16:39:58.513;253;FALSE;;;Policing and Crime Bill Report Stage: Amdt 6;200;307;;;;;;;0.78
50;2016-04-26T16:03:00;2016-04-26T16:56:34.04;252;FALSE;;;Policing and Crime Bill Report Stage: Amdt 20;209;303;;;;;;;0.79
49;2016-04-26T15:52:00;2016-04-26T16:09:58.763;251;FALSE;;;Policing and Crime Blll Report Stage: Amdt. 3;200;308;;;;;;;0.78
48;2016-04-25T22:24:00;2016-04-25T23:31:07.853;250;FALSE;;;Immigration Bill Lords Amendment 59: Motion to disagree;303;60;;;;;;;0.56
47;2016-04-25T22:10:00;2016-04-25T23:36:53.5;249;FALSE;;;Immigration Bill Lords Amendment 85: Motion to disagree;302;266;;;;;;;0.87
46;2016-04-25T21:57:00;2016-04-25T23:35:14.277;248;FALSE;;;Immigration Bill Lords Amdt 84: Motion to disagree;302;266;;;;;;;0.87
45;2016-04-25T21:42:00;2016-04-25T23:32:15.33;247;FALSE;;;Immigration Bill Lords Amdt 60: Motion to disagree;304;268;;;;;;;0.88
44;2016-04-25T21:26:00;2016-04-26T13:34:52.713;246;FALSE;;;Immigration Bill Lords Amdt 87: Motion to disagree;294;276;;;;;;;0.88
43;2016-04-20T18:59:00;2016-04-20T19:39:38.287;245;FALSE;;;Record Copies of Act;117;38;;;;;;;0.24
42;2016-04-20T17:11:00;2016-04-21T10:47:50.153;244;FALSE;;;Daesh: Genocide of Minorities;278;0;;;;;;;0.43
41;2016-04-20T14:20:00;2016-04-20T15:02:21.92;243;FALSE;;;Energy Bill: Lords amendment 7T ;293;224;;;;;;;0.80
40;2016-04-19T18:32:00;2016-04-19T18:50:44.93;242;FALSE;;;Bank of England and Financial Services (Third Reading) Bill;298;237;;;;;;;0.82
39;2016-04-19T17:49:00;2016-04-19T18:21:49.673;241;FALSE;;;Bank of England Bill Report Stage: Amdt 4;239;301;;;;;;;0.83
38;2016-04-19T17:18:00;2016-04-26T17:43:45.997;240;FALSE;;;Bank of England Bill Report Stage: Amdt 8;246;300;;;;;;;0.84
37;2016-04-19T17:05:00;2016-04-19T17:18:44.437;239;FALSE;;;Bank of England Bill Report Stage: New Clause 14;245;299;;;;;;;0.84
36;2016-04-19T15:48:00;2016-04-20T12:02:23.503;238;FALSE;;;Bank of England Bill Report Stage: New Clause 2;246;303;;;;;;;0.84
35;2016-04-13T19:13:00;2016-04-14T10:30:57.667;237;FALSE;;;Opposition Day - Schools White Paper Main question, as amended;297;201;;;;;;;0.77
34;2016-04-13T19:00:00;2016-04-13T19:35:35.047;236;FALSE;;;Opposition Day Motion - Schools White Paper: Prime Ministers Amendment;302;204;;;;;;;0.78
33;2016-04-13T16:00:00;2016-04-14T10:23:25.437;235;FALSE;;;Opposition Day: Tax avoidance and evasion;266;300;;;;;;;0.87
32;2016-04-13T00:00:00;2016-04-27T17:43:06.443;234;TRUE;;;Employment Agencies, Etc.;308;241;;;;;;;0.84
31;2016-04-11T23:02:00;2016-04-11T23:22:33.123;233;FALSE;;;Finance (no. 2) Bill Second Reading;308;248;;;;;;;0.86
71;2016-05-26T17:27:00;2016-05-26T17:47:32.627;4;FALSE;;;Queen's Speech, main question as amended;297;237;;;;;;;0.82
70;2016-05-26T17:16:00;2016-05-26T17:45:42.403;3;FALSE;;;Queen's Speech, Economy and Work, Amendment d (A Robertson);52;303;;;;;;;0.55
69;2016-05-26T16:59:00;2016-05-26T17:44:08.627;2;FALSE;;;Queen's Speech, Economy and Work, Amendment e (J Corbyn);189;300;;;;;;;0.75
68;2016-05-25T19:01:00;2016-05-26T10:43:48.727;1;FALSE;;;Queen's Speech - Jeremy Corbyn's amendment;263;300;;;;;;;0.87
67;2016-05-11T13:41:00;2016-05-19T15:36:01.637;269;FALSE;Double Majority;England;Housing and Planning Bill: Lords Amdt 47E - Motion to disagree;292;197;275;166;;;;;0.75
66;2016-05-09T22:39:00;2016-05-09T23:41:35.837;268;FALSE;;;Immigration Bill Lords Amendment 85: motion to agree with amendments;296;258;;;;;;;0.85
65;2016-05-09T21:24:00;2016-05-09T22:35:28.257;267;FALSE;Double Majority;England;Housing and Planning Bill: Lords Amdt 108: Govt (a) in Lieu;292;205;276;175;;;;;0.76
64;2016-05-09T21:11:00;2016-05-10T11:00:12.5;266;FALSE;Double Majority;England;Housing and Planning Bill Lords Amdt 47B & 47C: Motion to disagree;291;203;275;174;;;;;0.76
63;2016-05-09T20:57:00;2021-03-26T08:57:35;265;FALSE;Double Majority;England;Housing and Planning Bill Lords Amdt 10B: Motion to disagree;289;206;259;170;;;;;0.76
62;2016-05-09T19:51:00;2016-05-09T20:24:25.263;264;FALSE;;;Energy Bill - Lords Amendment 7TB - Government Motion to disagree;286;260;;;;;;;0.84
61;2016-05-04T16:26:00;2016-05-04T16:43:05.21;263;FALSE;;;Opposition Day: NHS Bursaries;158;277;;;;;;;0.67
60;2016-05-03T22:15:00;2016-05-03T22:38:48.957;262;FALSE;Double Majority;England and Wales;Housing and Planning Bill Lords Amdt 110: Motion to disagree;285;164;285;161;;;;;0.69
59;2016-05-03T22:02:00;2016-05-03T22:34:13.017;261;FALSE;Double Majority;England;Housing and Planning Bill Lords Amdt 108: Motion to disagree;286;163;277;149;;;;;0.69
58;2016-05-03T20:57:00;2016-05-03T21:44:16.737;260;FALSE;Double Majority;England;Housing and Planning Bill Lords Amendment 54: Motion to disagree;286;171;278;157;;;;;0.70
57;2016-05-03T20:44:00;2016-05-03T21:16:11.09;259;FALSE;Double Majority;England;Housing and Planning Bill Lords Amendment 47: Motion to disagree;288;172;279;158;;;;;0.71
56;2016-05-03T20:29:00;2021-03-26T08:56:31;258;FALSE;Double Majority;England;Housing and Planning Bill Lords Amendment 9: Motion to disagree;287;172;267;152;;;;;0.71
96;2016-06-28T17:38:00;2016-06-28T17:56:46.98;29;FALSE;;; Finance Bill: committee: New Clause 2;259;315;;;;;;;0.88
95;2016-06-28T17:20:00;2016-06-28T17:42:51.167;28;FALSE;;;Finance Bill: committee: Clause 72 stand part ;308;264;;;;;;;0.88
94;2016-06-28T16:17:00;2016-06-28T17:18:20.41;27;FALSE;;;Finance Bill: committee: Clause 42 stand part;308;255;;;;;;;0.87
93;2016-06-28T14:54:00;2016-06-28T15:18:34.89;26;FALSE;;;Finance Bill: committee: New Clause 9;268;305;;;;;;;0.88
92;2016-06-28T14:39:00;2016-06-28T17:57:00.427;25;FALSE;;;Finance Bill: committee: Amendment 1;273;295;;;;;;;0.87
91;2016-06-27T20:30:00;2016-06-27T20:54:57.54;24;FALSE;;;Finance Bill: committee: Amendment 183;237;303;;;;;;;0.83
90;2016-06-27T19:38:00;2016-06-27T19:59:04.37;23;FALSE;;;Finance Bill: New Clause 1;247;316;;;;;;;0.87
89;2016-06-27T19:24:00;2016-06-27T19:47:35.943;22;FALSE;;;Finance Bill: committee: Amendment 2;251;314;;;;;;;0.87
88;2016-06-15T18:59:00;2016-06-15T19:25:53.757;21;FALSE;;;Opposition Day: EU Membership;257;0;;;;;;;0.40
87;2016-06-15T00:00:00;2016-06-15T15:00:30.643;20;TRUE;Double Majority;England;Local Government Statutory Instrument;278;4;260;3;;;;;0.43
86;2016-06-13T21:12:00;2016-06-13T21:30:45.01;19;FALSE;;;Policing and Crime Bill Report Stage: New Clause 60;157;257;;;;;;;0.64
85;2016-06-13T20:59:00;2016-06-13T21:13:23.493;18;FALSE;;;Policing and Crime Bill Report Stage: New Clause 2;12;262;;;;;;;0.42
84;2016-06-13T19:21:00;2016-06-13T20:18:05.247;17;FALSE;;;Policing and Crime Bill Report Stage: New Clause 64;155;268;;;;;;;0.65
83;2016-06-13T19:08:00;2016-06-13T19:26:17.153;16;FALSE;;;Policing and Crime Bill Report Stage: New Clause 63;155;264;;;;;;;0.64
82;2016-06-08T19:00:00;2016-06-09T13:11:57.997;15;FALSE;;;Opposition Day: Disability Employment Gap;215;262;;;;;;;0.73
81;2016-06-08T16:10:00;2016-06-08T16:56:28.167;14;FALSE;;;Opposition Day: BBC White Paper;216;286;;;;;;;0.77
80;2016-06-07T19:02:00;2016-06-07T19:27:08.977;13;FALSE;;;Investigatory Powers Bill Third Reading;444;69;;;;;;;0.79
79;2016-06-07T18:12:00;2016-06-07T18:39:24.23;12;FALSE;;;Investigatory Powers Bill Report Stage: Amdt 3;69;282;;;;;;;0.54
78;2016-06-07T17:59:00;2016-06-07T18:25:45.013;11;FALSE;;;Investigatory Powers Bill Report Stage: Amdt. 320;68;285;;;;;;;0.54
77;2016-06-07T16:13:00;2016-06-07T16:56:08.647;10;FALSE;;;Investigatory Powers Bill Report Stage: Amdt 390;66;285;;;;;;;0.54
76;2016-06-06T23:15:00;2016-06-06T23:30:20.443;9;FALSE;;;Investigatory Powers Bill: Report: Amendment 312;66;272;;;;;;;0.52
75;2016-06-06T23:02:00;2016-06-06T23:17:55.02;8;FALSE;;;Investigatory Powers Bill: Report: Amendment 267;67;271;;;;;;;0.52
74;2016-06-06T20:27:00;2016-06-07T10:28:06.147;7;FALSE;;;Investigatory Powers Bill: Report: Amendment 482;67;281;;;;;;;0.54
73;2016-06-06T20:26:00;2016-06-07T14:44:37.32;6;FALSE;;;Invesigatory Powers Bill: Report: Amendment 465;64;281;;;;;;;0.53
72;2016-06-06T20:01:00;2016-06-06T20:45:51.793;5;FALSE;;;Investigatory Powers Bill: Report: NC1;64;278;;;;;;;0.53
119;2016-07-20T18:27:00;2016-07-20T18:41:31.873;52;FALSE;;;Opposition Motion: Charter for Budget Responsibility;213;283;;;;;;;0.76
118;2016-07-20T16:28:00;2016-07-20T16:55:29.017;51;FALSE;;;Opposition Motion: Supported Housing Benefit;256;290;;;;;;;0.84
117;2016-07-20T13:14:00;2016-07-20T13:38:12.283;50;FALSE;;;Ten Minute Rule Motion: Electoral Reform (Proportional Representation and Reduction of Voting Age);74;81;;;;;;;0.24
116;2016-07-20T00:00:00;2016-12-08T19:08:28;49;TRUE;;;Climate Change;309;207;;;;;;;0.79
115;2016-07-20T00:00:00;2016-07-20T14:57:12.257;48;TRUE;;;Atomic Energy and Radioactive Substances;312;56;;;;;;;0.57
114;2016-07-19T19:00:00;2016-11-03T10:17:17;47;FALSE;;;Higher Education and Research Bill: Second Reading;294;258;;;;;;;0.85
113;2016-07-18T22:00:00;2016-11-03T15:09:08;46;FALSE;;;UK's Nuclear Deterrent;472;117;;;A vote on whether to maintain the UK’s independent minimum credible nuclear deterrent and replace the current Vanguard Class submarines with four Successor submarines;Renewal of Trident nuclear weapons system;;;0.91
112;2016-07-13T13:04:00;2016-07-13T13:40:04.55;45;FALSE;;;Independent Parliamentary Standards Authority;312;45;;;;;;;0.55
111;2016-07-12T17:58:00;2016-07-12T18:13:43.56;44;FALSE;;;Senior Courts of England and Wales;278;218;;;;;;;0.76
110;2016-07-12T17:45:00;2016-07-12T18:14:25.573;43;FALSE;;;Opposition Day: SATs Results;178;278;;;;;;;0.70
109;2016-07-12T15:54:00;2016-07-12T17:42:49.267;42;FALSE;;;Opposition Day: EU Referendum: Energy and Environment;229;278;;;;;;;0.78
108;2016-07-11T21:18:00;2016-07-11T21:29:46.2;41;FALSE;;;Wales Bill (committee): NC 2;46;273;;;;;;;0.49
107;2016-07-11T21:07:00;2016-07-11T21:17:43.57;40;FALSE;;;Wales Bill (committee): Amendment 81;47;274;;;;;;;0.49
106;2016-07-11T20:54:00;2016-07-11T21:07:02.547;39;FALSE;;;Wales Bill (committee): Amendment 74;195;275;;;;;;;0.72
105;2016-07-11T19:22:00;2016-07-11T20:27:44.777;38;FALSE;;;Wales Bill (committee): Amendment 123;210;270;;;;;;;0.74
104;2016-07-11T19:09:00;2016-07-11T19:26:01.633;37;FALSE;;;Wales Bill (Committee): Amendment 83;47;270;;;;;;;0.49
103;2016-07-06T17:48:00;2016-07-06T18:07:01.007;36;FALSE;;;Opposition Motion: EU Nationals in the UK;245;2;;;;;;;0.38
102;2016-07-05T17:58:00;2016-07-05T18:50:47.357;35;FALSE;;;Wales Bill Committee Clause 16 Stand Part;285;7;;;;;;;0.45
101;2016-07-05T17:44:00;2016-07-05T18:10:13.183;34;FALSE;;;Wales Bill Committee Amdt 11;181;285;;;;;;;0.72
100;2016-07-05T17:30:00;2016-07-05T17:57:39.573;33;FALSE;;;Wales Bill Committee Clause 10 Stand Part;294;228;;;;;;;0.80
99;2016-07-05T14:54:00;2016-07-05T15:46:11.923;32;FALSE;;;Wales Bill Committee Amdt 7;217;274;;;;;;;0.76
98;2016-07-05T14:41:00;2016-07-05T15:12:37.873;31;FALSE;;;Wales Bill Committee Amdt 5;41;270;;;;;;;0.48
97;2016-07-04T22:00:00;2016-07-04T22:23:58.18;30;FALSE;;;Estimates (Ministry of Justice);262;127;;;;;;;0.60
134;2016-09-14T18:37:00;2016-10-06T11:18:40.6;67;FALSE;;;Opposition Motion: NHS sustainabiliy and transformation plans;195;280;;;;;;;0.73
133;2016-09-14T15:22:00;2016-09-14T15:46:07.8;66;FALSE;Double Majority;England;Draft West Midlands Combined Authority (Election of Mayor) Order 2016;290;3;271;3;;;;;0.45
132;2016-09-14T13:55:00;2016-09-14T14:27:55.507;65;FALSE;;;Ten Minute Rule Motion: European Union (UK Withdrawal From Membership);50;179;;;;;;;0.35
131;2016-09-12T21:21:00;2016-09-12T22:03:15.217;64;FALSE;;;Wales Bill: Report Stage New Clause 6;195;281;;;;;;;0.73
130;2016-09-12T21:08:00;2016-09-12T21:59:44.233;63;FALSE;;;Wales Bill: Report Stage New Clause 3;191;286;;;;;;;0.73
129;2016-09-12T19:40:00;2016-09-12T20:07:06.643;62;FALSE;;;Wales Bill: Report Stage Amdt 60;30;288;;;;;;;0.49
128;2016-09-06T17:43:00;2016-09-06T18:20:20.77;61;FALSE;;;Finance Bill: Third Reading;303;250;;;;;;;0.85
127;2016-09-06T16:57:00;2016-09-09T12:34:13.94;60;FALSE;;;Finance Bill: Report Stage New Clause 15;265;307;;;;;;;0.88
126;2016-09-06T16:42:00;2016-09-06T17:04:38.693;59;FALSE;;;Finance Bill: Report Stage New Clause 8;261;309;;;;;;;0.88
125;2016-09-06T14:09:00;2016-09-06T14:39:10.573;58;FALSE;;;Finance Bill: Report Stage Amdt 174;236;291;;;;;;;0.81
124;2016-09-05T23:16:00;2016-09-05T23:31:50.54;57;FALSE;;;Finance Bill Report Stage Amdt 144;235;291;;;;;;;0.81
123;2016-09-05T22:22:00;2016-09-05T22:43:28.65;56;FALSE;;;Finance Bill Report Stage New Clause 13;245;304;;;;;;;0.84
122;2016-09-05T22:07:00;2016-09-05T22:48:24.05;55;FALSE;;;Finance Bill Report Stage New Clause 7;248;304;;;;;;;0.85
121;2016-09-05T20:36:00;2016-09-05T22:44:21.93;54;FALSE;;;Finance Bill: Report Stage Amdt 162 ;252;309;;;;;;;0.86
120;2016-09-05T20:21:00;2016-09-05T22:44:52.837;53;FALSE;;;Finance Bill: Report Stage New Clause 5;249;304;;;;;;;0.85
140;2016-10-31T21:18:00;2016-11-01T15:28:58;73;FALSE;;;Justice Committee: Motion To Nominate;203;7;;;;;;;0.32
139;2016-10-26T18:59:00;2016-10-26T19:22:00;72;FALSE;;;Opposition Motion: Yemen;193;283;;;;;;;0.73
138;2016-10-21T13:36:00;2016-10-21T13:49:23.47;71;FALSE;;;Closure Motion: Sexual Offences (Pardons Etc.) Bill second reading;57;0;;;;;;;0.09
137;2016-10-19T18:59:00;2016-10-19T19:25:25.013;70;FALSE;;;Opposition Motion: House of Lords reform and the size of the House of Commons;245;278;;;;;;;0.80
136;2016-10-19T16:18:00;2016-10-19T16:51:08.517;69;FALSE;;;Opposition motion: Rights of EU nationals;250;293;;;;;;;0.84
135;2016-10-18T18:27:00;2016-10-18T18:55:17.82;68;FALSE;;;Broadcasting Amdt (a);53;270;;;;;;;0.50
167;2016-11-30T19:00:00;2016-11-30T19:21:55;100;FALSE;;;Opposition Motion: Effect of the increase in the state pension age on women born in the 1950s;234;293;;;A motion tabled by the Scottish National Party;;;;0.81
166;2016-11-30T16:01:00;2016-11-30T16:31:33;99;FALSE;;;Opposition Motion: Chilcot Inquiry and parliamentary accountability;70;439;;;A motion tabled by the Scottish National Party;;;;0.78
165;2016-11-28T21:00:00;2016-11-30T13:50:01;98;FALSE;;;Digital Economy Bill: Report Stage New Clause 8;220;267;;;The New Clause would specify that it should be the Government's responsibility to set entitlement for TV licence fee concessions and to cover the cost of them.;;;;0.75
164;2016-11-28T19:02:00;2016-11-30T13:49:34;97;FALSE;;;Digital Economy Bill: Report Stage New Clause 27;221;277;;;A New Clause tabled by the Scottish National Party to introduce a broadband connection voucher scheme.;;;;0.77
163;2016-11-28T18:48:00;2016-11-30T13:48:36;96;FALSE;;;Digital Economy Bill: Report Stage New Clause 10;181;278;;;A New Clause tabled by the Opposition, to introduce a requirement that pupils learn as part of sex education the risks and dangers of internet pornography and the legal age requirement to access it.;;;;0.71
162;2016-11-22T19:00:00;2016-11-22T20:01:56;95;FALSE;;;Opposition Motion: National Health Service Funding;213;306;;;;;;;0.80
161;2016-11-22T16:14:00;2016-11-22T16:36:18;94;FALSE;;;Opposition Motion: Education and Social Mobility;263;310;;;;;;;0.88
160;2016-11-21T21:48:00;2016-11-21T22:01:28;93;FALSE;;;Higher Education and Research Bill: Third Reading;279;214;;;Decision on the Bill as amended during its passage through the Commons;;;;0.76
159;2016-11-21T21:06:00;2016-11-21T21:20:16;92;FALSE;;;Higher Education and Research Bill: Report Stage Amendment 56;217;275;;;This is an amendment to the Bill proposed by the Scottish National Party;;;;0.76
158;2016-11-21T20:55:00;2016-11-21T21:09:06;91;FALSE;;;Higher Education and Research Bill: Report Stage Amendment 40;212;281;;;An amendment to the Bill proposed by the Labour Party;;;;0.76
157;2016-11-21T20:44:00;2016-11-21T21:36:15;90;FALSE;;;Higher Education and Research Bill: Report Stage Amendment 47;216;277;;;An amendment to the Bill proposed by the Labour Party;;;;0.76
156;2016-11-21T20:31:00;2016-11-21T20:46:16;89;FALSE;;;Higher Education and Research Bill: Report Stage New Clause 14;211;280;;;A new clause proposed by the Scottish National Party;;;;0.76
155;2016-11-21T19:14:00;2016-11-21T19:41:18;88;FALSE;;;Higher Education and Research Bill: Report Stage New Clause 5;181;278;;;A new clause proposed by the Labour Party;;;;0.71
154;2016-11-21T19:01:00;2016-11-21T19:16:23;87;FALSE;;;Higher Education and Research Bill: Report Stage New Clause 2;180;278;;;A new clause proposed by Wes Streeting MP;;;;0.70
153;2016-11-18T13:46:00;2016-11-18T14:00:06;86;FALSE;;;Parliamentary Constituencies (Amendment) Bill: Second Reading;253;37;;;Decision on Pat Glass MP's Private Member's Bill ;;;;0.45
152;2016-11-18T13:33:00;2016-11-18T13:48:11;85;FALSE;;;Closure Motion: Parliamentary Constituencies (Amendment) Bill second reading ;257;35;;;Closure, if secured, ends debate and House moves to decision.;;;;0.45
151;2016-11-17T15:25:00;2016-11-17T15:56:36;84;FALSE;;;Reductions to Employment and Support Allowance and universal credit;127;0;;;A motion in the name of Neil Gray MP selected by the Backbench Business Committee for debate.;;;;0.20
150;2016-11-16T18:59:00;2016-11-17T15:33:55;83;FALSE;;;Opposition Motion: Social care;200;279;;;A Labour Party motion on social care;;;;0.74
149;2016-11-16T16:02:00;2016-11-16T16:53:57;82;FALSE;;;Opposition Motion: Autumn Statement distributional analysis, universal credit and ESA;265;284;;;A Labour Party motion on the Autumn Statement distributional analysis, universal credit and employment and support allowance;Opposition Motion: Autumn Statement distributional analysis, universal credit and employment and support allowance;;;0.84
148;2016-11-15T16:45:00;2016-11-15T18:00:12;81;FALSE;;;Small Charitable Donations Etc Bill: Report Stage Amdt 1;248;279;;;;;;;0.81
147;2016-11-15T16:25:00;2016-11-15T16:54:28;80;FALSE;;;Small Charitable Donations etc Bill Report Stage New Clause 4;256;287;;;;;;;0.84
146;2016-11-15T16:11:00;2016-11-15T16:48:42;79;FALSE;;;Small Charitable Donations etc Bill Report Stage New Clause 3;254;287;;;;;;;0.83
145;2016-11-15T15:17:00;2016-11-15T16:00:07;78;FALSE;;;Investigatory Powers Bill  Lords Amendments 15B, 15C, 338B, 339B and 339C, motion to disagree;295;245;;;;;;;0.83
144;2016-11-04T09:34:00;2016-11-04T09:59:03;77;FALSE;;;Motion to sit in private;1;45;;;Can only be moved once at any day's sitting. Commonly moved and disagreed to before proceedings start on Fridays when Private Members' Bills are being debated.;;;;0.07
143;2016-11-02T18:58:00;2016-11-02T19:24:29;76;FALSE;;;Opposition Motion: Police Officer Safety;207;288;;;;;;;0.76
142;2016-11-02T16:02:00;2016-11-02T16:25:39;75;FALSE;;;Opposition Motion: Community Pharmacies;211;305;;;;;;;0.79
141;2016-11-01T15:52:00;2016-11-01T16:18:45;74;FALSE;;;Investigatory Powers Bill: Lords Amendment 15 Motion to disagree;298;261;;;;;;;0.86
181;2016-12-16T13:29:00;2016-12-16T13:58:33;114;FALSE;;;Preventing and Combating Violence against Women and Domestic Violence (Ratification of Convention) Bill: Second Reading;135;2;;;;;;;0.21
180;2016-12-16T13:16:00;2016-12-16T13:50:20;113;FALSE;;;Preventing and Combating Violence against Women and Domestic Violence (Ratification of Convention) Bill: Second Reading Closure Motion;133;2;;;Closure, if secured, ends debate and the House moves to decision.;;;;0.21
179;2016-12-14T19:00:00;2016-12-14T19:34:35;112;FALSE;;;Opposition Motion: Homelessness;230;289;;;Motion proposed by the Labour Party ;;;;0.80
178;2016-12-14T15:59:00;2016-12-14T16:54:35;111;FALSE;;;Opposition Motion: Effect on equality of the Autumn Statement 2016;234;307;;;A motion proposed by the Labour Party;;;;0.83
177;2016-12-14T00:00:00;2016-12-14T15:09:14;110;TRUE;;;Deferred division: Financial Services and Markets;297;151;;;This is a deferred division;;;;0.69
176;2016-12-13T19:53:00;2016-12-13T20:07:30;109;FALSE;;;Neighbourhood Planning Bill Report Stage Amendment 14;157;279;;;;;;;0.67
175;2016-12-13T19:40:00;2016-12-13T20:10:31;108;FALSE;;;Neighbourhood Planning Bill Report Stage New Clause 9;161;274;;;;;;;0.67
174;2016-12-12T20:08:00;2016-12-12T20:51:43;107;FALSE;Double Majority;England;Draft Coasting Schools (England) Regulations;252;103;239;86;;;;;0.55
173;2016-12-12T19:00:00;2016-12-12T19:32:11;106;FALSE;;;Savings (Government Contributions) Bill Report Stage Amendment 2;227;279;;;;;;;0.78
172;2016-12-12T18:47:00;2016-12-12T19:23:25;105;FALSE;;;Savings (Government Contributions) Bill Report Stage Amendment 15;45;285;;;;;;;0.51
171;2016-12-12T18:34:00;2016-12-12T19:21:25;104;FALSE;;;Savings (Government Contributions) Bill: Report Stage New Clause 2;230;277;;;;;;;0.78
170;2016-12-07T19:18:00;2016-12-07T19:46:24;103;FALSE;;;Opposition motion: The Government's plan for Brexit motion as amended;448;75;;;Labour Party motion on the Government's plan for Brexit as now amended;;;;0.80
169;2016-12-07T18:59:00;2016-12-07T19:20:16;102;FALSE;;;Opposition Motion: The Government's plan for Brexit (Prime Minister's Amdt);461;89;;;Government amendment to the Labour Party's motion on the Government's plan for Brexit;;;;0.85
168;2016-12-01T11:51:00;2016-12-01T12:22:10;101;FALSE;;;Acceleration of the state pension age for women born in the 1950s;2;106;;;A backbench business motion in the name of Ian Blackford MP, a member of the Scottish National Party. ;;;;0.17
200;2017-01-25T19:00:00;2017-01-25T19:23:23;133;FALSE;;;Opposition Motion: School Funding;178;285;;;;;;;0.71
199;2017-01-25T16:00:00;2017-01-25T16:16:45;132;FALSE;;;Opposition Motion: Prisons;196;289;;;A motion tabled by the Labour Party;;;;0.75
198;2017-01-25T00:00:00;2017-01-25T16:22:22;131;TRUE;;;Draft Bank of England and Financial Services (Consequential Amendments) Regulations 2017;292;191;;;;;;;0.74
197;2017-01-24T18:04:00;2017-01-24T18:25:21;130;FALSE;;;Charter for Budget Responsibility;292;193;;;To approve the Charter for Budget Responsibility: autumn 2016 update, laid before the House on 17 January;;;;0.75
196;2017-01-24T16:37:00;2017-01-24T17:01:17;129;FALSE;;;Wales Bill: Lords Amendment 36 - Amdt (a);170;281;;;An amendment tabled by the Labour Party to a Lords Amendment on gaming machines on licensed betting premises;;;;0.69
195;2017-01-24T14:37:00;2017-01-24T14:59:19;128;FALSE;;;Ten Minute Rule Motion: Industrial Action (Protection of Critical National Services);127;206;;;A motion for leave to bring in a bill by Conservative backbencher Chris Philp MP;;;;0.51
194;2017-01-20T09:34:00;2017-01-20T09:55:58;127;FALSE;;;Motion to sit in private;1;40;;;Can only be moved once at any day's sitting. Commonly moved and disagreed to before proceedings start on Fridays when Private Members' Bills are being debated.;;;;0.06
193;2017-01-18T00:00:00;2017-01-18T14:20:51;126;TRUE;Double Majority;England;Draft Combined Authorities (Mayoral Elections) Order 2017;299;6;280;6;;;;;0.47
192;2017-01-17T20:12:00;2017-01-17T20:24:16;125;FALSE;;;Opposition Motion: DWP policies and low-income households--Prime Minister Amendment;268;81;;;A Government amendment to a motion by the Scottish National Party;;;;0.54
191;2017-01-17T20:00:00;2017-01-17T20:13:35;124;FALSE;;;Opposition Motion: DWP policies and low-income households;172;276;;;A motion tabled by the Scottish National Party;;;;0.69
190;2017-01-17T18:08:00;2017-01-17T18:23:52;123;FALSE;;;Opposition Motion: Effect of the UK leaving the EU on the rural economy;212;287;;;A motion tabled by the Scottish National Party;;;;0.77
189;2017-01-11T19:00:00;2017-01-11T19:19:15;122;FALSE;;;Opposition Motion: NHS and social care funding;209;295;;;A motion tabled by the Labour Party;;;;0.78
188;2017-01-10T19:13:00;2017-01-10T21:59:57;121;FALSE;Double Majority;England and Wales;Policing and Crime Bill: Lords Amendment 136 Motion to disagree;298;198;289;193;;;;;0.76
187;2017-01-10T18:55:00;2017-01-10T21:41:29;120;FALSE;Double Majority;England and Wales;Policing and Crime Bill: Lords Amendment 96 Motion to disagree;297;202;290;195;;;;;0.77
186;2017-01-10T18:38:00;2017-01-10T19:20:33;119;FALSE;Double Majority;England and Wales;Policing and Crime Bill: Lords Amendment 24 Motion to disagree;299;196;296;190;A vote on a Government motion to disagree with a Lords Amendment relating to an inquiry into complaints alleging corrupt relationships between police and newspaper organisations.;;;;0.76
185;2017-01-10T16:35:00;2017-01-10T17:06:16;118;FALSE;;;Commonwealth Development Corporation Bill: Report Stage Amdt 3;244;299;;;Amendment tabled by the Scottish National Party.;;;;0.84
184;2017-01-10T16:21:00;2017-01-10T16:58:43;117;FALSE;;;Commonwealth Development Corporation Bill: Report Stage New Clause 1;246;293;;;A New Clause tabled by the Labour Party.;;;;0.83
183;2017-01-09T20:59:00;2017-01-10T16:26:11;116;FALSE;;;Technical and Further Education Bill: Report Stage Amendment 22;183;278;;;;;;;0.71
182;2017-01-09T20:10:00;2017-01-09T20:39:55;115;FALSE;;;Technical and Further Education Bill: Report Stage New Clause 4;186;274;;;;;;;0.71
238;2017-02-24T13:27:00;2017-02-24T13:41:03;171;FALSE;;;Preventing and Combating Violence Against Women and Domestic Violence (Ratification of Convention) Bill: Third Reading;138;1;;;;;;;0.21
237;2017-02-24T13:15:00;2017-02-24T13:28:20;170;FALSE;;;Preventing and Combating Violence Against Women and Domestic Violence (Ratification of Convention) Bill: Third Reading: Closure motion;135;3;;;Motion on whether to curtail debate on Third Reading and move straight to a decision;;;;0.21
236;2017-02-24T12:31:00;2017-02-24T14:54:40;169;FALSE;;;Preventing and Combating Violence Against Women and Domestic Violence (Ratification of Convention) Bill: Report Stage Amendment 16;132;2;;;;;;;0.21
235;2017-02-24T12:18:00;2017-02-24T14:54:15;168;FALSE;;;Preventing and Combating Violence Against Women and Domestic Violence (Ratification of Convention) Bill: Report Stage Amendment 14;135;3;;;;;;;0.21
234;2017-02-24T12:04:00;2017-02-24T14:53:11;167;FALSE;;;Preventing and Combating Violence Against Women and Domestic Violence (Ratification of Convention) Bill: Report Stage Amendment 1;137;3;;;;;;;0.22
233;2017-02-22T18:18:00;2017-02-22T18:35:03;166;FALSE;Double Majority;England;Local Government Finance (England);269;158;253;141;The House is voting on whether or not to approve the Report on Local Government Finance (England) 2017-18.;;;;0.66
232;2017-02-22T15:12:00;2017-02-22T15:43:12;165;FALSE;Double Majority;England and Wales;Police Grant Report (England and Wales) 2017-18;275;179;269;173;;;;;0.70
231;2017-02-21T18:31:00;2017-02-22T15:22:41;164;FALSE;Double Majority;England;Draft Housing and Planning Act 2016 (Permission in Principle etc) (Miscellaneous Amendments) (England) Regulations 2017;273;107;260;84;;;;;0.58
230;2017-02-21T17:32:00;2017-02-21T18:12:12;163;FALSE;;;Criminal Finances Bill: Report Stage New Clause 19;241;300;;;;;;;0.83
229;2017-02-21T17:18:00;2017-02-21T18:24:55;162;FALSE;;;Criminal Finances Bill: Report Stage New Clause 17;188;301;;;;;;;0.75
228;2017-02-08T20:01:00;2017-02-08T20:22:42;161;FALSE;;;European Union (Notification of Withdrawal) Bill: Third Reading;494;122;;;;;;;0.95
227;2017-02-08T19:45:00;2017-02-08T20:06:34;160;FALSE;;;European Union (Notification of Withdrawal) Bill: Committee of the whole House New Clause 192;287;336;;;A new clause tabled by the Labour Party relating to the UK's membership of the European Atomic Energy Community (Euratom).;;;;0.96
226;2017-02-08T19:33:00;2017-02-08T19:54:36;159;FALSE;;;European Union (Notification of Withdrawal) Bill: Committee of the whole House New Clause 57;290;332;;;A new clause tabled by Harriet Harman MP with the intention of protecting the residence rights of those EU citizens who were lawfully resident in the UK on the date of the EU referendum.;;;;0.96
225;2017-02-08T19:14:00;2017-02-08T19:34:43;158;FALSE;;;European Union (Notification of Withdrawal) Bill: Committee of the whole House Clauses 1 and 2 stand part;496;111;;;A vote to decide whether the two clauses of the Bill should remain in the Bill.;;;;0.93
224;2017-02-08T18:56:00;2017-02-09T12:33:51;157;FALSE;;;European Union (Notification of Withdrawal) Bill: Committee of the whole House Amdt 86;288;337;;;An amendment tabled by the SDLP that requires the power for the Prime Minister to notify withdrawal from the EU to be exercised with regard to the constitutional, institutional and rights provisions of the Belfast Agreement.;;;;0.96
223;2017-02-08T18:44:00;2017-02-08T19:04:24;156;FALSE;;;European Union (Notification of Withdrawal) Bill: Committee of the whole House Amdt 43;33;340;;;An amendment tabled by the Liberal Democrats that states that the Prime Minister, prior to notifying the UK's intention to withdraw from the EU, should publish a report on the process for ratifying the UK's new relationship with the EU through a public referendum.;;;;0.57
222;2017-02-08T18:32:00;2017-02-08T18:52:34;155;FALSE;;;European Union (Notification of Withdrawal) Bill: Committee of the whole House Amdt 11;288;337;;;An amendment tabled by Chuka Umunna MP that calls for the Government to publish a report on the effect of EU withdrawal on the national finances, including the impact on health spending.;;;;0.96
221;2017-02-08T18:19:00;2017-02-08T18:41:26;154;FALSE;;;European Union (Notification of Withdrawal) Bill: Committee of the whole House Amdt 29;288;338;;;An amendment tabled by Mike Gapes MP which states that the Prime Minister may only notify the UK's intention to withdraw from the EU following consultation with the Government of Gibraltar.;;;;0.96
220;2017-02-08T18:06:00;2017-02-08T18:38:43;153;FALSE;;;European Union (Notification of Withdrawal) Bill: Committee of the whole House New Clause 7;289;336;;;A new clause tabled by the Labour Party that lays out the statutory objectives that the Government must have regard to on EU tax avoidance and evasion while carrying out negotiations.;;;;0.96
219;2017-02-08T17:52:00;2017-02-09T09:54:45;152;FALSE;;;European Union (Notification of Withdrawal) Bill: Committee of the whole House New Clause 2;291;336;;;A new clause tabled by the Labour Party that sets out statutory objectives that the Government must have regard to whilst carrying out negotiations.;;;;0.96
218;2017-02-08T00:00:00;2017-02-08T17:57:16;151;TRUE;;;Comprehensive Economic Trade Agreement (CETA) between the EU and Canada;410;126;;;;;;;0.82
217;2017-02-08T00:00:00;2017-02-08T18:02:46;150;TRUE;;;Draft Trade Union Act 2016 (Political Funds) (Transition Period) Regulations 2017;322;255;;;;;;;0.89
216;2017-02-08T00:00:00;2017-02-08T17:56:50;149;TRUE;;;Draft Important Public Services (Fire) Regulations 2017;323;263;;;;;;;0.90
215;2017-02-08T00:00:00;2017-02-08T17:56:14;148;TRUE;;;Draft Important Public Sevices (Border Security) Regulations 2017;323;264;;;;;;;0.90
214;2017-02-08T00:00:00;2017-02-08T17:55:07;147;TRUE;;;Draft Important Public Services (Health) Regulations 2017;323;264;;;;;;;0.90
213;2017-02-08T00:00:00;2017-02-08T17:54:03;146;TRUE;;;Draft Important Public Sevices (Transport) Regulations 2017;328;264;;;;;;;0.91
212;2017-02-08T00:00:00;2017-02-08T17:47:58;145;TRUE;;;Draft Important Public Services (Education) Regulations 2017;327;265;;;;;;;0.91
211;2017-02-07T21:27:00;2017-02-07T21:41:39;144;FALSE;;;EU (Notification of Withdrawal) Bill Committee of the whole House: New Clause 143;79;333;;;New clause, proposed by the SNP, would require the Government, before initiating withdrawal from the EU, to publish an assessment of the financial liability of the UK towards the EU following withdrawal and make a statement to the Commons on the economic impact of leaving the single market.;;;;0.63
210;2017-02-07T21:13:00;2017-02-07T21:28:53;143;FALSE;;;EU (Notification of Withdrawal) Bill Committee of the whole House: New Clause 5;281;337;;;New clause, proposed by the Opposition, would require the Government to publish recent Treasury impact assessments of different trading models with the European Union.;;;;0.95
209;2017-02-07T18:29:00;2017-02-07T18:46:13;142;FALSE;;;EU (Notification of Withdrawal) Bill Committee of the whole House: New Clause 180;88;336;;;This new Clause, proposed by the SNP, would require the Government to obtain an undertaking from the European Council that failure by the UK Parliament to approve the terms of exit will result in the maintenance of UK membership on existing terms.;;;;0.65
204;2017-02-07T18:14:00;2017-02-07T18:38:29;141;FALSE;;;EU (Notification of Withdrawal) Bill Committee of the whole House: New Clause 110;293;326;;;This new Clause, proposed by Chris Leslie, would seek to ensure Parliament gives approval to any new Treaty or relationship with the EU and also of the terms in advance of final agreement.;;;;0.95
208;2017-02-06T00:21:00;2017-02-07T09:58:12;140;FALSE;;;EU (Notification of Withdrawal) Bill Committee of the whole House: New Clause 158;267;330;;;;;;;0.92
207;2017-02-06T00:07:00;2017-02-07T09:56:10;139;FALSE;;;EU (Notification of Withdrawal) Bill: Committee of the whole House New Clause 26;62;333;;;;;;;0.61
205;2017-02-06T23:54:00;2017-02-07T09:52:24;138;FALSE;;;EU (Notification of Withdrawal) Bill Committee: New Clause 4;276;333;;;;;;;0.94
206;2017-02-06T20:48:00;2017-02-07T09:47:11;137;FALSE;;;EU (Notification of Withdrawal) Bill: Committee of the whole House New Clause 3;284;333;;;;;;;0.95
203;2017-02-01T19:32:00;2017-02-01T19:48:02;136;FALSE;;;European Union (Notification of Withdrawal) Bill: Programme;329;112;;;A programme motion sets the timetable for the Commons to consider the bill requiring the Government to notify by 31 March 2017 the UK’s intention to withdraw from the European Union.;;;;0.68
202;2017-02-01T19:12:00;2017-02-01T19:34:28;135;FALSE;;;European Union (Notification of Withdrawal) Bill: Second Reading;498;114;;;Second reading is the in-principle decision whether or not to proceed with the bill requiring the Government to notify by 31 March 2017 the UK’s intention to withdraw from the European Union.;;;;0.94
201;2017-02-01T18:58:00;2017-02-01T19:14:55;134;FALSE;;;European Union (Notification Etc.) Bill: Second Reading - Mr Robertson's Amendment;100;336;;;An amendment tabled by the SNP arguing the bill—requiring the Government to notify by 31 March 2017 the UK’s intention to withdraw from the European Union—should not be given a second reading.;;;;0.67
261;2017-03-29T17:43:00;2017-03-29T18:03:05;193;FALSE;;;Pension Schemes Bill [Lords]: Report Stage Amendment 1;188;286;;;;;;;0.73
260;2017-03-29T17:31:00;2017-03-29T17:46:20;192;FALSE;;;Pension Schemes Bill [Lords]: Report Stage New Clause 2;187;289;;;;;;;0.73
259;2017-03-29T17:18:00;2017-03-29T17:48:27;191;FALSE;;;Pension Schemes Bill [Lords]: Report Stage New Clause 1;230;289;;;An Opposition new clause to require the Secretary of State to make provision for a funder of last resort in certain circumstances;;;;0.80
257;2017-03-27T18:58:00;2017-03-27T19:20:05;190;FALSE;;;Bus Services Bill [Lords]: Report Stage Amendment 1;188;276;;;Vote on an amendment to remove the ban on local authorities forming bus companies;;;;0.71
256;2017-03-27T17:14:00;2017-03-27T17:27:25;189;FALSE;;;Bus Services Bill [Lords]: Report Stage New Clause 2;193;277;;;Vote on a report on the provision of concessionary bus travel to apprentices aged 16 to 18.;;;;0.72
255;2017-03-27T17:01:00;2017-03-27T17:16:34;188;FALSE;;;Bus Services Bill [Lords]: Report Stage New Clause 1;193;278;;;Vote on a national strategy for local bus services.;;;;0.72
254;2017-03-24T12:36:00;2017-03-24T12:58:46;187;FALSE;;;Local Audit (Public Access to Documents) Bill: Report stage Amendment 2;15;41;;;;;;;0.09
253;2017-03-20T21:56:00;2017-03-20T22:07:16;186;FALSE;;;Draft Individual Savings Account (Amendment No.2) Regulations 2017;180;13;;;These regulations will allow Individual Savings Accounts (ISAs) to retain their tax advantaged status after the death of the account holder. It also modifies the additional ISA allowance available to surviving spouses or civil partners of deceased ISA savers.;;;;0.30
252;2017-03-15T17:06:00;2018-11-20T14:48:19;185;FALSE;;;Health Service Medical Supplies (Costs) Bill: Lords Amendment 3 Motion to disagree;288;241;;;Motion to disagree with the Lords Amendment to add a new clause on a duty to have regard to the life sciences sector and access to new medicines and treatments;;;;0.81
251;2017-03-15T00:00:00;2017-03-15T16:11:36;184;TRUE;;;Draft Sovereign Grant 2011 (Change of Percentage) Order 2017;464;56;;;Secondary legislation to increase the percentage of the income account net surplus of the Crown Estate which is used to calculate the Sovereign Grant from 15% to 25%.;;;;0.80
250;2017-03-15T00:00:00;2018-11-20T14:47:09;183;TRUE;;;Draft Bereavement Support Payment Regulations 2017;292;236;;;Secondary legislation to provide details for a new social security benefit called Bereavement Support Payment for surviving spouses and civil partners who are widowed on or after 6 April 2017.;;;;0.81
249;2017-03-14T19:29:00;2018-11-20T14:48:11;182;FALSE;;;Budget Resolution Motion 40: Alcoholic liquor duties (rates);313;276;;;Provides for changes to the rates of excise duty contained in the Alcoholic Liquor Duties Act 1979. Provides for an increase in the rates of excise duty charged on all alcohol and alcoholic beverages.;;;;0.91
248;2017-03-14T19:14:00;2017-03-14T20:11:00;181;FALSE;;;Budget Resolution Motion 34: Insurance premium tax (standard rate);309;286;;;Provides for an increase in the standard rate of Insurance Premium Tax (IPT) from 10% to 12% with effect from 1 June 2017 using new implementation arrangements;;;;0.92
247;2017-03-14T18:59:00;2017-03-14T20:05:19;180;FALSE;;;Budget Resolution Motion 19: Business investment relief;319;275;;;To authorise the Finance Bill to make provision about business investment relief in Chapter A1 of Part 14 of the Income Act Tax 2007;;;;0.91
246;2017-03-13T18:40:00;2017-03-15T17:37:56;179;FALSE;;;EU (Notification of Withdrawal) Bill: Lords Amendment 2 Motion to disagree;331;286;;;Motion to disagree with the Lords Amendment on parliamentary approval for the outcome of negotiations with the EU;;;;0.95
245;2017-03-13T18:25:00;2017-03-15T17:38:14;178;FALSE;;;EU (Notification of Withdrawal) Bill: Lords Amendment 1 Motion to disagree;335;287;;;Motion to disagree with the Lords Amendment on the rights of EU and EEA citizens legally resident in UK;;;;0.96
244;2017-03-13T16:11:00;2017-03-13T16:35:56;177;FALSE;;;European Union (Notification of Withdrawal) Bill: Programme (No. 2) Motion;331;102;;;A division on the programme motion which sets a timetable for consideration of Lords Amendments to the Bill;;;;0.67
243;2017-03-13T15:58:00;2017-03-13T16:34:17;176;FALSE;;;Reproductive Health (Access to Terminations);172;142;;;A division on Diana Johnson's request for leave to bring in a Ten Minute Rule Bill on this subject. ;;;;0.48
242;2017-03-07T17:36:00;2017-03-07T17:55:45;175;FALSE;;;Standing Orders (Public Business);287;239;;;A vote to make a technical change to the House's rules regarding the application of the English votes for English laws procedure;;;;0.81
241;2017-03-07T15:15:00;2017-03-07T15:31:56;174;FALSE;;;Children and Social Work Bill (Lords): Report Stage Amendment 12;271;299;;;An Opposition Amendment to require that at least one member of the Child Safeguarding Practice Panel has specialist expertise in tackling domestic abuse.;;;;0.88
240;2017-03-07T14:59:00;2017-03-07T15:18:55;173;FALSE;;;Children and Social Work Bill (Lords): Report Stage New Clause 14;267;287;;;A new clause proposed by Heidi Allen on local arrangements for reporting on capacity to provide children's safeguarding and welfare;;;;0.85
239;2017-03-01T00:00:00;2017-03-01T14:25:28;172;TRUE;;;Unaccompanied Children in Greece and Italy;254;1;;;A cross-party motion in the name of Alison McGovern MP;;;;0.39
266;2017-04-19T16:32:00;2017-06-23T16:14:16;198;FALSE;;;Section 5 of the European Communities (Amendment) Act 1993;298;191;;;A vote to approve the Government’s assessment which forms the basis of the United Kingdom’s Convergence Programme (this contains details of the annual UK’s economic and fiscal situation and forecasts as required by the EU)..;;;;0.75
265;2017-04-19T15:43:00;2017-04-19T15:57:25;197;FALSE;;;Technical and Further Education Bill: Lords Amendment 1 Motion to disagree;298;182;;;Motion to disagree with the Lords Amendment on financial support for students undertaking apprenticeships.;;;;0.74
264;2017-04-19T14:27:00;2017-06-22T14:18:56;196;FALSE;;;Early Parliamentary General Election;522;13;;;Vote on whether there should be an early General Election. Under the Fixed-term Parliaments Act 2011 the number of members who vote in favour of the motion must be at least two thirds of the number of seats in the House (434);;;;0.82
263;2017-04-18T21:47:00;2017-04-18T22:04:45;195;FALSE;;;Finance (No.2) Bill: Second Reading;313;236;;;;;;;0.84
262;2017-04-18T21:32:00;2017-04-18T22:02:48;194;FALSE;;;Finance (No.2) Bill: Second Reading: reasoned amendment;54;314;;;;;;;0.57
271;2017-06-29T17:32:00;2017-06-29T17:52:17;4;FALSE;;;Queen's Speech: Main Question;323;309;;;A vote on the Government's proposed legislative programme for the current session of Parliament ;;;;0.97
270;2017-06-29T17:16:00;2017-06-29T17:32:56;3;FALSE;;;Queen's Speech: Economy and Jobs Amdt (g);101;322;;;An amendment in the name of Chuka Umunna MP relating to the process of exiting the European Union. ;;;;0.65
269;2017-06-29T16:59:00;2017-06-29T17:23:07;2;FALSE;;;Queen's Speech: Economy and Jobs Amdt (l);297;323;;;An amendment by the Labour Party in the name of Jeremy Corbyn MP;;;;0.95
268;2017-06-28T18:59:00;2017-06-29T12:06:46;1;FALSE;;;Queen's Speech: Health, Social Care and Security Amendment (i);309;323;;;;;;;0.97
276;2017-07-17T21:53:00;2017-07-17T22:14:46;9;FALSE;;;Business of the House (Private Members' Bills): Amendment (b);287;316;;;A vote on an amendment tabled by Chris Bryant providing dates for an additional 13 sitting Fridays for Private Members' Bills in the current Parliamentary Session.;Business of the House (Private Members' Bills): Amendment (b);;;0.93
275;2017-07-17T21:35:00;2017-07-17T21:57:59;8;FALSE;;;Business of the House (Private Members' Bills): Amendment (a);285;315;;;A vote on an amendment tabled by Jeremy Corbyn seeking a Motion in the House to provide for an additional 13 sitting Fridays for Private Members' Bills in the current Parliamentary Session.;Business of the House (Private Members' Bills): Amendment (a);;;0.92
274;2017-07-11T18:01:00;2017-07-11T18:26:07;7;FALSE;;;Air Travel Organisers' Licensing Bill: Committee of the whole House New Clause 1;273;308;;;A New Clause tabled by the SNP's Patricia Gibson MP calling on the Secretary of State to carry out an assessment of the impact of Brexit on consumer protection under the ATOL scheme and the Air Travel Trust within 12 months;;;;0.89
273;2017-07-11T17:44:00;2017-07-12T14:53:24;6;FALSE;;;Air Travel Organisers' Bill: Committee of the whole House Amdt 3;274;307;;;;;;;0.89
272;2017-07-11T17:24:00;2017-07-11T17:42:37;5;FALSE;;;Air Travel Organisers' Licensing Bill: Committee of the whole House Amdt 2;271;305;;;;;;;0.89
285;2017-09-12T22:27:00;2017-09-12T22:41:57;18;FALSE;;;Nomination of Members to Committees;320;301;;;;;;;0.96
284;2017-09-12T22:11:00;2017-09-12T22:37:18;17;FALSE;;;Nomination of Members to Committees: Mr Carmichael's amendment;300;320;;;An amendment to leave out the part of the motion regarding nomination of Members to committees that deals with general committees.;;;;0.95
283;2017-09-12T19:56:00;2017-09-12T20:15:19;16;FALSE;;;Finance Bill: Second Reading;320;299;;;;;;;0.95
282;2017-09-11T00:31:00;2017-09-12T00:52:34;15;FALSE;;;EU (Withdrawal) Bill: Programme Motion;318;301;;;;;;;0.95
281;2017-09-11T00:14:00;2017-09-12T00:41:32;14;FALSE;;;EU (Withdrawal) Bill: Second Reading;326;290;;;;;;;0.95
280;2017-09-11T23:59:00;2017-09-12T00:20:00;13;FALSE;;;EU (Withdrawal) Bill Second Reading: Mr Corbyn's amendment;296;318;;;;;;;0.94
279;2017-09-06T19:29:00;2017-09-06T20:49:18;12;FALSE;;;Ways and Means motion 22: Trading profits taxable at the Northern Ireland rate;320;249;;;;;;;0.88
278;2017-09-06T19:15:00;2017-09-06T20:47:42;11;FALSE;;;Ways and Means motion 13: Business investment relief;320;287;;;;;;;0.93
277;2017-09-06T18:58:00;2017-09-06T20:48:37;10;FALSE;;;Ways and Means Motion 4: Termination payments etc.;317;276;;;;;;;0.91
298;2017-10-31T17:15:00;2017-11-01T08:49:35;31;FALSE;;;Finance Bill: Third Reading;302;276;;;;;;;0.89
297;2017-10-31T16:45:00;2017-10-31T17:15:25;30;FALSE;;;Finance Bill: Report New Clause 2;279;309;;;A vote on adding New Clause 2 to the Bill which would require a review of the treatment of capital gains on commercial property disposed of by UK tax payers with a foreign domicile. ;;;;0.90
296;2017-10-31T16:33:00;2017-10-31T17:09:08;29;FALSE;;;Finance Bill: Report Stage Amdt 11;243;309;;;A vote on Amendment 11 to the Finance Bill to ensure that any system for quarterly updates to be generated by businesses must not be mandatory. ;;;;0.85
295;2017-10-31T15:41:00;2017-10-31T16:09:16;28;FALSE;;;Finance Bill: Report Stage Amdt 1;274;308;;;A vote on Amendment 1 to remove the power for the Treasury to reduce the £30,000 threshold in connection with the taxation of termination payments by regulations.;;;;0.90
294;2017-10-31T14:59:00;2017-10-31T16:09:24;27;FALSE;;;Finance Bill: Report Stage New Clause 1;279;309;;;A vote on adding a new clause to the Finance Bill which would require a review to be undertaken of the effects of the provisions for protecting overseas trusts from the new provisions in relation to deemed domicile.  ;;;;0.90
293;2017-10-24T18:48:00;2017-10-24T19:16:30;26;FALSE;;;Smart Meters  Bill (Programme);314;228;;;A vote on the programme motion for the Smart Meters Bill;;;;0.83
292;2017-10-23T21:40:00;2017-10-23T22:00:30;25;FALSE;;;Automated and Electric Vehicles Bill (Programme motion);285;130;;;;;;;0.64
291;2017-10-18T18:59:00;2017-10-18T19:39:00;24;FALSE;;;Opposition Motion: Pause of Universal Credit full service roll-out;299;0;;;A vote on a motion tabled by the Opposition asking the Government to pause the roll-out of Universal Credit full service.;;;;0.46
290;2017-10-11T16:51:00;2017-10-12T10:57:59;23;FALSE;;;Finance Bill: Committee of the whole House New Clause 2;231;308;;;A vote on whether to add a new clause to the Finance Bill;;;;0.83
289;2017-10-11T16:16:00;2017-10-11T17:41:33;22;FALSE;;;Finance Bill: Committee of the whole House New Clause 1;274;309;;;A vote on adding a new clause to the Finance Bill requiring a review of the conditions under which business investment relief is available.;;;;0.90
288;2017-10-11T15:36:00;2017-10-11T16:14:09;21;FALSE;;;Finance Bill: Committee of the whole House Amdt 4;281;312;;;A vote on an amendment to Clause 5 of the Finance Bill;;;;0.91
287;2017-10-11T15:20:00;2017-10-12T09:17:02;20;FALSE;;;Finance Bill: Committee of the whole House Amdt 2;272;312;;;A vote on an amendment to Clause 5 of the Finance Bill;;;;0.90
286;2017-10-11T15:00:00;2017-10-11T16:00:35;19;FALSE;;;Finance Bill: Committee of the whole House Amdt 1;269;311;;;A vote on an amendment to Clause 5 of the Finance Bill. ;;;;0.89
317;2017-11-29T17:20:00;2017-11-29T18:02:26;50;FALSE;;;Opposition Motion: Women affected by state pension age increases;288;0;;;A vote on an SNP opposition day motion calling for the Government to improve transitional pension arrangements for women born on or after 6 April 1951;;;;0.44
316;2017-11-28T19:01:00;2017-11-28T19:23:06;49;FALSE;;;Budget resolutions motion 28: Bank levy;316;293;;;;;;;0.94
315;2017-11-21T21:41:00;2017-11-21T22:04:00;48;FALSE;;;European Union (Withdrawal) Bill: Committee of the whole House Schedule 1;313;295;;;A vote on Schedule 1.;European Union (Withdrawal) Bill: Committee of the whole House Schedule 1;;;0.94
314;2017-11-21T21:28:00;2017-11-21T22:02:53;47;FALSE;;;European Union (Withdrawal) Bill: Committee of the whole House Amdt 139;295;315;;;A vote on amendment 139.;European Union (Withdrawal) Bill: Committee of the whole House Amdt 139;;;0.94
313;2017-11-21T21:14:00;2017-11-21T21:33:44;46;FALSE;;;European Union (Withdrawal) Bill: Committee of the whole House Amdt 336;296;315;;;A vote on amendment 336.;European Union (Withdrawal) Bill: Committee of the whole House Amdt 336;;;0.94
312;2017-11-21T21:00:00;2017-11-21T21:19:18;45;FALSE;;;European Union (Withdrawal) Bill: Committee of the whole House Amdt 46;301;311;;;A vote on amendment 46.;European Union (Withdrawal) Bill: Committee of the whole House Amdt 46;;;0.94
311;2017-11-21T20:47:00;2017-11-21T21:07:55;44;FALSE;;;European Union (Withdrawal) Bill: Committee of the whole House New Clause 79;295;314;;;A vote on New Clause 79.;European Union (Withdrawal) Bill: Committee of the whole House New Clause 79;;;0.94
310;2017-11-20T21:07:00;2017-11-20T21:38:23;43;FALSE;;;Cross-Border Trade Resolution: Amendment (e);76;311;;;A vote on an amendment in the name of Ian Murray to amend the founding resolutions for the Taxation (Cross-Border Trade) Bill ;;;;0.60
309;2017-11-15T22:30:00;2017-11-15T23:00:27;42;FALSE;;;European Union (Withdrawal) Bill: Committee of the whole House Amdt 70;48;313;;;;;;;0.56
308;2017-11-15T22:16:00;2017-11-15T22:58:11;41;FALSE;;;European Union (Withdrawal) Bill: Committee of the whole House New Clause 67;297;313;;;;;;;0.94
307;2017-11-15T21:59:00;2017-11-15T22:55:07;40;FALSE;;;European Union (Withdrawal) Bill: Committee of the whole House New Clause 30;295;313;;;;;;;0.94
306;2017-11-15T18:48:00;2017-11-15T19:34:37;39;FALSE;;;European Union (Withdrawal) Bill: Committee of the whole House New Clause 58;299;311;;;A vote on adding a new clause to the Bill so that after exit day, EU-derived employment rights, environmental protection, standards of equalities, health and safety standards and consumer standards can only be amended by primary legislation or subordinate legislation made under this Act. ;;;;0.94
305;2017-11-15T18:27:00;2017-11-15T19:32:06;38;FALSE;;;European Union (Withdrawal) Bill: Committee of the whole House New Clause 25;295;311;;;A vote on adding a new clause to the bill to provide a mechanism for Ministers to establish a list of technical provisions of retained EU law that may be amended by subordinate legislation outside the time restrictions of the Bill.;;;;0.93
304;2017-11-14T23:18:00;2017-11-15T12:21:15;37;FALSE;;;EU (Withdrawal) Bill: Committee of the whole House Amdt 278;295;316;;;A vote on amendment 278 to the EU (Withdrawal) Bill.;EU (Withdrawal) Bill: Committee of the whole House Amdt 278;;;0.94
303;2017-11-14T23:03:00;2017-11-14T23:27:23;36;FALSE;;;EU (Withdrawal) Bill: Committee of the whole House Amdt 137;296;316;;;A vote on amendment 137 to the EU (Withdrawal) Bill.;EU (Withdrawal) Bill: Committee of the whole House Amdt 137;;;0.94
302;2017-11-14T22:48:00;2017-11-15T12:09:47;35;FALSE;;;EU (Withdrawal) Bill: Committee of the whole House New Clause 14;296;316;;;A vote on New Clause 14 which would would ensure that Ministers must set out in detail how the provisions in Clause 6 (Interpretation of retained EU law) would apply during a transitional period. ;EU (Withdrawal) Bill: Committee of the whole House New Clause 14;;;0.94
301;2017-11-14T19:06:00;2017-11-14T19:56:13;34;FALSE;;;EU (Withdrawal) Bill: Committee of the whole House Clause 1;318;68;;;A vote on Clause 1 of the EU (Withdrawal) Bill. ;EU (Withdrawal) Bill: Committee of the whole House Clause 1;;;0.59
300;2017-11-14T18:51:00;2017-11-14T19:55:09;33;FALSE;;;EU (Withdrawal) Bill: Committee of the whole House Amdt 79;52;318;;;A vote on amendment 79 to the EU (Withdrawal) Bill, which would make the repeal of the European Communities Act 1972 on exit day conditional on the Prime Minister gaining consent from the devolved legislatures.;EU (Withdrawal) Bill: Committee of the whole House Amdt 79;;;0.57
299;2017-11-03T09:34:00;2017-11-03T09:55:37;32;FALSE;;;Motion to sit in private;0;120;;;;;;;0.18
353;2017-12-20T22:19:00;2017-12-21T10:56:24;86;FALSE;;;European Union (Withdrawal) Bill: Committee of the whole House Amdt 120;23;319;;;A vote on an amendment to ensure that a referendum on the terms of the exit deal has to be held before March 2019.;;;;0.53
352;2017-12-20T22:05:00;2017-12-20T22:35:49;85;FALSE;;;European Union (Withdrawal) Bill: Committee of the whole House New Clause 54;296;316;;;A vote on a new clause ;;;;0.94
351;2017-12-20T21:51:00;2017-12-20T22:34:18;84;FALSE;;;European Union (Withdrawal) Bill: Committee of the whole House New Clause 44;294;318;;;A vote on a new clause which would require an independent evaluation of the impact of the Act upon the health and social care sector to be made after consulting the Scottish Ministers, the Welsh ministers and the relevant Northern Ireland department, service providers, those requiring health and social care services and others. ;;;;0.94
350;2017-12-20T21:36:00;2017-12-20T22:34:45;83;FALSE;;;European Union (Withdrawal) Bill: Committee of the whole House Amdt 349;295;318;;;An amendment to prevent Ministers using delegated powers to create criminal offences which carry custodial sentences.;;;;0.94
349;2017-12-20T21:24:00;2017-12-20T21:53:18;82;FALSE;;;European Union (Withdrawal) Bill: Committee of the whole House Amdts 381 and 399;319;294;;;A vote on Government amendments 381 and 399 relating to the date and definition of exit day;;;;0.94
348;2017-12-20T21:09:00;2017-12-20T21:50:47;81;FALSE;;;European Union (Withdrawal) Bill: Committee of the whole House New Clause 13;114;320;;;A vote on a new clause which would ensure that provisions allowing the UK to remain a member of the Customs Union, set out in section 5 of the European Communities Act 1972 but set to be repealed by section 1 of  will be enacted ahead of exit day.;;;;0.67
347;2017-12-20T00:00:00;2017-12-20T22:47:40;80;TRUE;Double Majority;England;Draft Combined Authorities (Mayoral Elections) (Amendment) Order 2017;318;231;286;195;;;;;0.84
346;2017-12-20T00:00:00;2017-12-20T22:47:26;79;TRUE;Double Majority;England and Wales;Draft Local Authorities (Mayoral Elections) (England and Wales) (Amendment) Regulations 2017;318;231;294;221;;;;;0.84
345;2017-12-19T17:36:00;2017-12-19T17:53:04;78;FALSE;;;Finance (No 2) Bill Committee of the whole House New Clause 8;271;311;;;;;;;0.90
344;2017-12-19T16:40:00;2017-12-19T17:13:56;77;FALSE;;;Finance (No 2) Bill: Committee of the whole House: New Clause 6;273;309;;;;;;;0.90
343;2017-12-18T23:04:00;2017-12-18T23:23:54;76;FALSE;;;Finance (No. 2) Bill: Committee of the whole House New Clause 4;226;312;;;A vote on New Clause 4 which would require a review to be published prior to the Autumn 2018 Budget on the impact of the relief for first-time buyers, including its effects on house prices and on the supply of housing.;Finance (No. 2) Bill: Committee of the whole House New Clause 4;;;0.83
342;2017-12-18T21:28:00;2017-12-18T21:44:30;75;FALSE;;;Finance (No. 2) Bill: Committee of the whole House New Clause 1;260;313;;;A vote on New Clause 1 which would require the Government to carry out a review of the bank levy, including its effectiveness in relation to its stated aims, the revenue effects of the changes made in 2015 and the comparable effectiveness of the bank payroll tax.;Finance (No. 2) Bill: Committee of the whole House New Clause 1;;;0.88
341;2017-12-18T21:11:00;2017-12-18T21:29:31;74;FALSE;;;Finance (No. 2) Bill: Committee of the whole House Schedule 9;313;258;;;A vote on Schedule 9 to the Bill which makes changes to the bank levy.;Finance (No. 2) Bill: Committee of the whole House Schedule 9;;;0.88
340;2017-12-13T21:14:00;2017-12-13T21:40:10;73;FALSE;;;European Union (Withdrawal) Bill: Committee of the whole House Amdt 26;291;315;;;A vote on amendment 26 to Clause 8 which would prevent the Government using delegated powers under Clause 8 to reduce rights or protections. ;;;;0.93
339;2017-12-13T21:00:00;2017-12-13T21:36:51;72;FALSE;;;European Union (Withdrawal) Bill: Committee of the whole House New Clause 22;292;314;;;A vote on new clause 22 ;;;;0.93
338;2017-12-13T19:42:00;2017-12-14T11:39:02;71;FALSE;;;European Union (Withdrawal) Bill: Committee of the whole House New Clause 1;292;311;;;A vote on a new clause to require  a Commons committee to work alongside the Lords Secondary Legislation Scrutiny Committee to determine the level of scrutiny each statutory instrument shall receive.   ;;;;0.93
337;2017-12-13T19:30:00;2017-12-13T20:08:49;70;FALSE;;;European Union (Withdrawal) Bill: Committee of the whole House Amdt 241;294;315;;;A vote on an amendment to Clause 9 that would require the Secretary of State to publish a strategy for seeking to ensure that reciprocal healthcare arrangements continue after the UK leaves the EU.;;;;0.94
336;2017-12-13T19:17:00;2017-12-13T19:59:44;69;FALSE;;;European Union (Withdrawal) Bill: Committee of the whole House Amdt 30 ;297;316;;;;;;;0.94
335;2017-12-13T19:00:00;2017-12-13T19:48:26;68;FALSE;;;European Union (Withdrawal) Bill: Committee of the whole House Amdt 7;309;305;;;A vote on amendment 7 to Clause 9 of the Bill which would require the final deal with the EU to be approved by statute passed by Parliament. ;;;;0.94
334;2017-12-12T22:04:00;2017-12-12T22:36:00;67;FALSE;;;European Union (Withdrawal) Bill: Committee of the whole House Amendment 25;292;314;;;A vote on Amendment 25 which would prevent the Government’s using delegated powers under Clause 7 to reduce rights or protections.;European Union (Withdrawal) Bill: Committee of the whole House Amendment 25;;;0.93
333;2017-12-12T21:50:00;2017-12-12T22:29:42;66;FALSE;;;European Union (Withdrawal) Bill: Committee of the whole House Amendment 158;291;315;;;A vote on amendment 158 which would prevent the powers of a Minister of the Crown under Clause 7 of the Bill to fix problems in retained EU law from being exercised to amend the Scotland Act 1998 or the Government of Wales Act 2006.;European Union (Withdrawal) Bill: Committee of the whole House Amendment 158;;;0.93
332;2017-12-12T21:38:00;2017-12-12T22:18:01;65;FALSE;;;European Union (Withdrawal) Bill: Committee of the whole House Amendment 124;93;315;;;A vote on Amendment 124 which is intended to prevent the regulation-making powers being used to create barriers to the UK’s continued membership of the single market.;European Union (Withdrawal) Bill: Committee of the whole House Amendment 124;;;0.63
331;2017-12-12T21:25:00;2017-12-12T21:59:28;64;FALSE;;;European Union (Withdrawal) Bill: Committee of the whole House Amendment 49;295;312;;;A vote on Amendment 49 which would place a general provision on the face of the Bill to the effect that the delegated powers granted by the Bill should be used only so far as necessary.;European Union (Withdrawal) Bill: Committee of the whole House Amendment 49;;;0.93
330;2017-12-12T21:11:00;2017-12-12T21:47:59;63;FALSE;;;European Union (Withdrawal) Bill: Committee of the whole House New Clause 63;293;315;;;A vote on New Clause 63 which would require the Government to establish new domestic governance arrangements following the UK’s exit from the EU for environmental standards and protections, following consultation.;European Union (Withdrawal) Bill: Committee of the whole House New Clause 63;;;0.94
329;2017-12-11T22:31:00;2017-12-11T22:54:36;62;FALSE;;;Finance (No 2) Bill: Second Reading;313;269;;;;;;;0.90
328;2017-12-11T22:17:00;2017-12-11T22:50:05;61;FALSE;;;Finance (No.2) Bill Second Reading: Jeremy Corbyn's amendment;271;312;;;;;;;0.90
327;2017-12-06T20:29:00;2017-12-06T20:49:50;60;FALSE;;;European Union (Withdrawal) Bill: Committee of the whole House Amdt 339;286;311;;;A vote on amendment 339 in the name of the Leader of the Opposition to remove the power of public authorities to levy fees or charges via tertiary legislation. ;;;;0.92
326;2017-12-06T20:11:00;2017-12-06T20:34:10;59;FALSE;;;European Union (Withdrawal) Bill: Committee of the whole House New Clause 80;287;312;;;A vote on New Clause 80 in the name of the Leader of the Opposition to ensure that any financial settlement as part of leaving the EU must reflect obligations incurred by the UK during its membership of the EU, must be transparent and must be approved by Parliament;;;;0.92
325;2017-12-06T19:56:00;2017-12-06T20:16:53;58;FALSE;;;European Union (Withdrawal) Bill: Committee of the whole House New Clause 17;288;316;;;A vote on New Clause 17 in the name of Mr Chris Leslie to prevent the Government from making a payment in settlement of the UK's withdrawal from the European Union as part of a withdrawal agreement or new Treaty unless it has been approved by the House of Commons;;;;0.93
324;2017-12-06T17:14:00;2017-12-06T17:37:31;57;FALSE;;;European Union (Withdrawal) Bill Committee of the whole House Amendment 167;296;316;;;;;;;0.94
323;2017-12-04T00:45:00;2017-12-05T02:04:32;56;FALSE;;;European Union (Withdrawal) Bill Committee of the whole House Clause 11 and Schedule 3 stand part;315;290;;;;;;;0.93
322;2017-12-04T00:30:00;2017-12-05T01:14:43;55;FALSE;;;European Union (Withdrawal) Bill Committee of the whole House Amendment 72;290;316;;;;;;;0.93
321;2017-12-04T00:13:00;2017-12-05T01:14:00;54;FALSE;;;European Union (Withdrawal) Bill Committee of the whole House Amendment 42;292;316;;;;;;;0.94
320;2017-12-04T23:59:00;2017-12-05T01:05:48;53;FALSE;;;European Union (Withdrawal) Bill Committee of the whole House New Clause 64;256;313;;;;;;;0.88
319;2017-12-01T12:56:00;2017-12-01T13:28:11;52;FALSE;;;Closure Motion: Parliamentary Constituencies (Amendment Bill);229;44;;;A vote 'That the question be now put' in order to bring an end to the current debate and allow a decision to be reached on the matter being debated.;;;;0.42
318;2017-12-01T09:34:00;2017-12-01T09:52:18;51;FALSE;;;Motion to sit in private;0;169;;;;;;;0.26
380;2018-01-31T19:24:00;2018-01-31T19:43:50;113;FALSE;;;Restoration and Renewal (No. 1) (as amended);234;185;;;;;;;0.64
379;2018-01-31T19:11:00;2018-01-31T20:20:08;112;FALSE;;;Restoration and Renewal (No. 1) amdt (b);236;220;;;A vote on an amendment to  Restoration and Renewal (No. 1) motion;;;;0.70
378;2018-01-31T18:56:00;2018-01-31T19:11:46;111;FALSE;;;Restoration and Renewal (No. 1) amdt (c);47;410;;;A vote on amendment (c) to the Restoration and Renewal (No. 1) motion which would add the requirement to carry out an assessment of the cost-effectiveness of relocating Parliament away from the Palace of Westminster in any future review. ;;;;0.70
377;2018-01-31T00:00:00;2018-01-31T15:53:58;110;TRUE;;;Draft Double Taxation Relief and International Tax Enforcement (Lesotho) Order 2017;306;240;;;;;;;0.84
376;2018-01-30T18:59:00;2018-01-30T19:27:02;109;FALSE;;;High Speed Rail (West Midlands - Crewe) Bill: Second Reading;295;12;;;;;;;0.47
375;2018-01-23T18:35:00;2018-01-23T18:49:33;108;FALSE;;;Electoral Commission;46;77;;;A vote on a motion that an Humble Address be presented to Her Majesty, praying that Her Majesty will appoint Professor Sir Ian Kennedy as an Electoral Commissioner with effect from 1 February 2018 for the period ending 31 January 2022.;Electoral Commission;;;0.19
374;2018-01-23T16:59:00;2018-01-23T17:19:39;107;FALSE;;;Nuclear Safeguards Bill: Report Stage Amdt 5;254;295;;;A vote on an amendment to limit the circumstances in which the Secretary of State may use some of the powers in this section and require a report to be laid before Parliament;;;;0.84
373;2018-01-23T15:52:00;2018-01-23T18:43:34;106;FALSE;;;Nuclear Safeguards Bill: Report Stage New Clause 1;255;294;;;;;;;0.84
372;2018-01-17T19:13:00;2018-01-17T19:59:00;105;FALSE;;;European Union (Withdrawal) Bill: Third Reading;324;295;;;;;;;0.95
371;2018-01-17T19:00:00;2018-01-17T19:29:46;104;FALSE;;;European Union (Withdrawal) Bill: Third Reading: Mr Blackford's amendment;295;322;;;;;;;0.95
370;2018-01-17T18:12:00;2018-01-17T18:35:27;103;FALSE;;;European Union (Withdrawal) Bill: Report Stage: Amdt 1;302;321;;;;;;;0.96
369;2018-01-17T17:59:00;2018-01-17T18:24:44;102;FALSE;;;European Union (Withdrawal) Bill: Report Stage: Amdt 59;99;322;;;;;;;0.65
368;2018-01-17T17:45:00;2018-01-17T18:31:53;101;FALSE;;;European Union (Withdrawal) Bill: Report Stage: Amendment 2;302;318;;;;;;;0.95
367;2018-01-17T17:32:00;2018-01-17T18:20:14;100;FALSE;;;European Union (Withdrawal) Bill: Report Stage: New Clause 17;301;320;;;;;;;0.96
366;2018-01-17T17:18:00;2018-01-17T18:18:42;99;FALSE;;;European Union (Withdrawal) Bill: Report Stage: New Clause 12;301;318;;;;;;;0.95
365;2018-01-17T17:02:00;2018-01-17T17:37:40;98;FALSE;;;European Union (Withdrawal) Bill: Report Stage: New Clause 11;301;320;;;;;;;0.96
364;2018-01-17T16:47:00;2018-01-17T17:23:35;97;FALSE;;;European Union Withdrawal Bill: Report Stage New Clause 6 ;298;322;;;A vote on adding a new clause which would give the Government the objective of making sure that the withdrawal agreement should include proposals setting out the full details expected of a comprehensive trade agreement.;;;;0.95
363;2018-01-17T16:30:00;2018-01-17T17:04:37;96;FALSE;;;European Union (Withdrawal) Bill: Report Stage New Clause 1;305;318;;;A vote on adding a new clause to the Bill to about by what means EU-derived employment and other rights can be amended. ;;;;0.96
362;2018-01-16T19:16:00;2018-01-16T19:46:22;95;FALSE;;;EU (Withdrawal) Bill: Report Stage Amdt 3;297;321;;;;;;;0.95
361;2018-01-16T19:01:00;2018-01-16T19:44:01;94;FALSE;;;European (Withdrawal) Bill: Report Stage Amdts 21-29;317;297;;;A vote on making Government amendments 21-29 to the Bill;;;;0.94
360;2018-01-16T16:33:00;2018-01-29T21:05:08;93;FALSE;;;European Union (Withdrawal) Bill: Report Stage: New Clause 7;297;320;;;A vote on adding a new clause to the Bill to transfer the EU Protocol on animal sentience. ;;;;0.95
359;2018-01-16T16:16:00;2018-01-16T16:54:45;92;FALSE;;;European Union (Withdrawal) Bill: Report Stage: Amdt 4;299;317;;;An Opposition amendment to retain the rights in the Charter of Fundamental Rights in UK law.;;;;0.95
358;2018-01-16T16:00:00;2018-01-16T16:49:25;91;FALSE;;;European Union (Withdrawal) Bill: Report Stage: Amendment 57;296;319;;;A vote on making and amendment about preserving existing rights, powers, liabilities, obligations, restrictions, remedies and procedures derived from EU law. ;;;;0.95
357;2018-01-09T19:16:00;2018-01-09T19:40:50;90;FALSE;;;Trade Bill: Second Reading;313;280;;;;;;;0.91
356;2018-01-09T18:59:00;2018-01-09T19:40:04;89;FALSE;;;Trade Bill: Second Reading: Mr Corbyn's amendment;281;313;;;;;;;0.91
355;2018-01-08T22:30:00;2018-01-08T23:01:10;88;FALSE;;;Taxation (Cross-Border Trade): Second Reading;309;265;;;;;;;0.88
354;2018-01-08T22:16:00;2018-01-08T22:51:30;87;FALSE;;;Taxation (Cross-Border Trade) Bill Second Reading: Jeremy Corbyn's amendment ;265;309;;;A vote on a reasoned amendment in the name of Jeremy Corbyn declining to give a Second Reading to the Bill ;;;;0.88
392;2018-02-28T18:33:00;2018-02-28T18:48:43;125;FALSE;;;Middle Level Bill: Report Stage Amdt 14;5;177;;;This amendment would ensure that no charge would be payable in respect of the use of a waterway by a vessel being used by a person who is registered disabled.;Middle Level Bill: Report Stage Amdt 14;;;0.28
391;2018-02-21T19:54:00;2018-02-21T20:16:28;124;FALSE;;;Finance (No 2) Bill: Third Reading;301;218;;;;;;;0.80
390;2018-02-21T19:31:00;2018-02-21T19:57:30;123;FALSE;;;Finance (No 2) Bill: Report Stage Amdt 10;225;304;;;;;;;0.81
389;2018-02-21T19:17:00;2018-02-21T19:54:17;122;FALSE;;;Finance (No 2) Bill: Report Stage New Clause 10 ;252;305;;;A vote on a new clause that would require a review to be commissioned into the consequences of allowing the Scottish Fire and Rescue Service and the Scottish Police Authority to make retrospective claims for VAT refunds. ;;;;0.86
388;2018-02-21T19:02:00;2018-02-21T19:19:07;121;FALSE;;;Finance (No 2) Bill: Report Stage New Clause 7 ;228;305;;;A vote on a new clause to require a review of the relief for first-time buyers, in particular its impact on house prices and the supply of housing. ;;;;0.82
387;2018-02-21T17:49:00;2018-02-21T19:31:45;120;FALSE;;;Finance (No.2) Bill: Report Stage Amendment 3;265;305;;;;;;;0.88
386;2018-02-21T17:32:00;2018-02-21T18:05:23;119;FALSE;;;Finance (No. 2) Bill Report Stage: New Clause 3;267;306;;;;;;;0.88
385;2018-02-21T15:27:00;2018-02-21T16:23:43;118;FALSE;;;Finance (No. 2) Bill: Report Stage New Clause 9;265;304;;;A vote on a new clause that would require the Chancellor of the Exchequer to carry out a review of the effect of some parts of the Bill on equality in relation to households with different income levels, people with protected characteristics, the Treasury's public sector equality duty and on a regional basis. ;;;;0.88
384;2018-02-07T19:28:00;2018-02-07T19:57:41;117;FALSE;Double Majority;England;Report on Local Government Finance (England) 2018-19;287;223;263;188;A vote on whether or not to approve the Report on Local Government Finance (England) 2018-19.;Report on Local Government Finance (England) 2018-19;;;0.78
383;2018-02-07T16:21:00;2018-02-07T19:05:55;116;FALSE;Double Majority;England and Wales;Police Grant Report (England and Wales) 2018-19;295;239;275;229;A vote on whether or not to approve the Police Grant Report (England and Wales) for 2018-19.;;;;0.82
382;2018-02-06T15:47:00;2018-02-06T16:15:48;115;FALSE;;;Space Industry Bill: Report Stage Amdt 1;33;282;;;A vote on an amendment that would make regulations made under section 68(1) subject to affirmative procedure.  ;;;;0.48
381;2018-02-06T15:33:00;2018-02-06T16:15:19;114;FALSE;;;Space Industry Bill: Report Stage New Clause 4;33;277;;;A vote on adding a new clause that would require the Government to set a mandatory cap on licensees' liability for each individual launch.;;;;0.48
402;2018-03-28T20:41:00;2018-03-28T20:55:19;135;FALSE;;;Opposition Motion:Police funding;203;0;;;A vote on an opposition motion on police funding. ;;;;0.31
401;2018-03-28T17:39:00;2018-03-28T17:59:08;134;FALSE;;;Opposition Motion: Local government funding;238;0;;;A vote on an opposition motion on local government funding. ;;;;0.37
400;2018-03-16T13:05:00;2018-03-16T13:28:31;133;FALSE;;;Refugees (Family Reunion) (No.2) Bill: Second Reading: Closure motion;129;42;;;A motion that the Question that the Bill be read a second time be put.;Refugees (Family Reunion) (No.2) Bill: Second Reading: Closure motion;;;0.26
399;2018-03-16T09:34:00;2018-03-16T10:00:01;132;FALSE;;;Motion to sit in private (Standing Order No. 163);1;114;;;Vote on a motion that the House sits in private.;Motion to sit in private (Standing Order No. 163);;;0.18
398;2018-03-13T18:40:00;2018-03-14T11:44:11;131;FALSE;;;Social Security (S.I., 2018, No. 120);285;314;;;A vote on whether the Social Security (Contributions) (Amendment) Regulations 2018 should be annulled.;Social Security (S.I., 2018, No. 120);;;0.92
397;2018-03-13T18:26:00;2018-03-14T11:40:15;130;FALSE;Double Majority;England;Children and Young Persons: Early Years Provision;253;315;215;283;A vote on whether the Local Authority (Duty to Secure Early Years Provision Free of Charge) (Amendment) Regulations 2018 should be annulled.;Children and Young Persons: Early Years Provision;;;0.87
396;2018-03-13T18:10:00;2018-03-13T19:10:19;129;FALSE;Double Majority;England;Children and Young Persons: Free School Lunches;254;312;214;282;A vote on whether the Free School Lunches and Milk, and School and Early Years Finance (Amendments Relating to Universal Credit) (England) Regulations 2018 should be annulled.;Children and Young Persons: Free School Lunches;;;0.87
395;2018-03-13T17:55:00;2018-03-13T18:12:38;128;FALSE;;;Universal Credit (S.I., 2018, No. 65);288;315;;;A vote on whether the Universal Credit (Miscellaneous Amendments Saving and Transitional Provision) Regulations 2018 should be annulled. ;Universal Credit (S.I., 2018, No. 65);;;0.93
394;2018-03-07T00:00:00;2018-03-07T16:12:30;127;TRUE;;;Draft Passport (Fees) Regulations 2018;317;258;;;;Draft Passport (Fees) Regulations 2018;;;0.88
393;2018-03-07T00:00:00;2018-03-07T16:12:11;126;TRUE;;;Draft Transparency of Donations and Loans etc. (Northern Ireland Political Parties) Order 2018;308;261;;;;Draft Transparency of Donations and Loans etc. (Northern Ireland Political Parties) Order 2018;;;0.88
409;2018-04-30T20:20:00;2018-04-30T21:06:32;142;FALSE;;;Domestic Gas and Electricity (Tariff Cap) Bill: Report stage New Clause 1;125;288;;;;;;;0.64
408;2018-04-27T09:34:00;2018-04-27T10:06:44;141;FALSE;;;Motion to sit in private;2;69;;;;;;;0.11
407;2018-04-24T17:20:00;2018-04-24T17:51:26;140;FALSE;;;Financial Guidance and Claims Bill [Lords]: Report Stage Amendment 1;255;293;;;;;;;0.84
406;2018-04-24T17:05:00;2018-04-24T17:45:37;139;FALSE;;;Financial Guidance and Claims Bill [Lords]: Report stage amendment 39;255;293;;;;;;;0.84
405;2018-04-23T21:24:00;2018-04-23T21:48:22;138;FALSE;;;Higher Education and Research Act 2017 (Consequential, Transitional, Transitory and Saving Provisions) Regulations 2018: motion to annul  ;211;291;;;;;;;0.77
404;2018-04-17T15:55:00;2018-04-17T16:21:45;137;FALSE;;;Emergency debate: Parliamentary approval of military action overseas;317;256;;;;;;;0.88
403;2018-04-16T23:03:00;2018-04-16T23:23:24;136;FALSE;;;Emergency Debate: Syria;314;36;;;;;;;0.54
431;2018-05-23T18:59:00;2018-05-23T19:27:10;164;FALSE;;;Opposition Motion: National Health Service;230;295;;;;;;;0.81
430;2018-05-23T16:00:00;2018-05-23T16:48:29;163;FALSE;;;Opposition motion: Transport Secretary: East Coast Franchise;271;304;;;;;;;0.88
429;2018-05-23T00:00:00;2018-05-23T16:18:45;162;TRUE;Double Majority;England;Draft Dorset (Structural Changes) (Modification of the Local Government and Public Involvement in Health Act 2007) Regulations 2018;294;19;266;16;;;;;0.48
428;2018-05-23T00:00:00;2018-05-23T16:18:16;161;TRUE;Double Majority;England;Draft Bournemouth, Dorset and Poole (Structural Changes) Order 2018;293;19;265;16;;;;;0.48
427;2018-05-23T00:00:00;2018-05-23T16:19:15;160;TRUE;Double Majority;England;Draft Somerset West and Taunton (Local Government Changes) Order 2018;298;17;270;14;;;;;0.48
426;2018-05-23T00:00:00;2018-05-23T16:17:55;159;TRUE;Double Majority;England;Draft Somerset West and Taunton (Modification of Boundary Change Enactments) Regulations 2018;298;17;270;14;;;;;0.48
425;2018-05-16T18:59:00;2018-05-16T19:29:17;158;FALSE;;;Opposition motion: Customs arrangements after the UK leaves the EU;269;301;;;;;;;0.88
424;2018-05-15T15:21:00;2018-05-15T16:08:01;157;FALSE;;;Data Protection Bill: motion to disagree with Lords Amendment 62B and agree amendments in lieu;301;289;;;;;;;0.91
423;2018-05-09T20:14:00;2018-05-09T20:35:19;156;FALSE;Double Majority;England;Education (Student Support) (Amendment) (No.2) Regulations 2018;234;295;199;273;;;;;0.81
422;2018-05-09T18:27:00;2018-05-09T19:03:00;155;FALSE;;;Data Protection Bill [Lords]: Report Stage Amdt 15;288;310;;;;;;;0.92
421;2018-05-09T18:13:00;2018-05-09T19:08:34;154;FALSE;;;Data Protection Bill [Lords]: Report Stage Amdt 5;282;310;;;;;;;0.91
420;2018-05-09T18:01:00;2018-05-09T18:23:54;153;FALSE;;;Data Protection Bill [Lords]: Report Stage New Clause 4;283;309;;;;;;;0.91
419;2018-05-09T16:01:00;2018-05-09T16:52:31;152;FALSE;;;Data Protection Bill [Lords]: Report stage New Clause 18;295;304;;;;;;;0.92
418;2018-05-08T21:41:00;2018-05-08T22:01:02;151;FALSE;;;Criminal Legal Aid Regulations SI 2018 No 220: motion to revoke;252;300;;;;;;;0.85
417;2018-05-08T20:10:00;2018-05-08T21:10:16;150;FALSE;;;Nuclear Safeguards Bill: Lords Amendment 3 motion to disagree;306;278;;;;;;;0.90
416;2018-05-08T18:26:00;2018-05-08T18:41:43;149;FALSE;;;Secure Tenancies (Victims of Domestic Abuse) Bill [Lords]: Report stage: Amendment 2;246;302;;;;;;;0.84
415;2018-05-02T19:00:00;2018-05-02T19:24:19;148;FALSE;;;Opposition Motion: Windrush;221;316;;;;;;;0.83
414;2018-05-02T00:00:00;2018-05-02T15:12:39;147;TRUE;;;Draft First-tier Tribunal and Upper Tribunal (Composition of Tribunal) (Amendment) Order 2018;315;202;;;;;;;0.80
413;2018-05-01T18:28:00;2018-05-01T19:02:42;146;FALSE;;;Sanctions and Anti-Money Laundering Bill: Report Stage New Clause 21;295;313;;;;;;;0.94
412;2018-05-01T18:14:00;2018-05-01T18:54:03;145;FALSE;;;Sanctions and Anti-Money Laundering Bill: Report Stage New Clause 13;298;313;;;;;;;0.94
411;2018-05-01T17:59:00;2018-05-01T18:15:48;144;FALSE;;;Sanctions and Anti-Money Laundering Bill [Lords]: Report Stage New Clause 8;296;314;;;A vote on a new clause that would create a public register of beneficial ownership information for companies and other legal entities outside the UK that own or buy UK property or bid for UK Government contracts. ;;;;0.94
410;2018-05-01T16:31:00;2018-05-01T17:19:18;143;FALSE;;;Sanctions and Anti-Money Laundering Bill: Report stage: New Clause 19;301;314;;;;;;;0.95
464;2018-06-27T00:00:00;2018-06-27T17:36:24;197;TRUE;;;Draft Nursing and Midwifery (Amendment) Order 2018;465;2;;;;;;;0.72
463;2018-06-26T17:05:00;2018-06-26T17:17:37;196;FALSE;;;Haulage Permits and Trailer Registration Bill [Lords]: Programme (No 2) ;273;168;;;;;;;0.68
462;2018-06-26T16:24:00;2018-06-26T16:42:01;195;FALSE;;;Automated and Electric Vehicles Bill (Programme No. 3);288;182;;;;;;;0.72
461;2018-06-26T16:10:00;2018-06-26T17:20:53;194;FALSE;;;EU-Japan Economic Partnership Agreement;317;1;;;;;;;0.49
460;2018-06-26T14:26:00;2018-06-26T15:49:42;193;FALSE;;;Draft European Union (Definition of Treaties) (Canada Trade Agreement) Order 2018;315;36;;;;;;;0.54
459;2018-06-25T21:59:00;2018-06-25T22:46:04;192;FALSE;;;Motion on National Policy Statement and New Runway Capacity;415;119;;;;;;;0.82
458;2018-06-20T15:45:00;2018-06-20T18:03:03;191;FALSE;;;European Union (Withdrawal) Bill: Lords Amendment 19P amendment (b);303;319;;;;;;;0.96
457;2018-06-19T18:59:00;2018-06-19T19:17:39;190;FALSE;;;Opposition Day: Parliamentary Constituencies (Amendment Bill) Committee Stage;284;299;;;;;;;0.90
456;2018-06-19T16:05:00;2018-06-19T16:25:20;189;FALSE;;;Opposition Day: Secretary of State for Transport;285;305;;;;;;;0.91
455;2018-06-18T21:33:00;2018-06-18T21:47:49;188;FALSE;;;Emergency Debate: Sewel Convention;88;51;;;;;;;0.21
454;2018-06-15T14:04:00;2018-06-15T14:25:56;187;FALSE;;;Mental Health Units (Use of Force) Bill report stage: Amendment 12;3;49;;;;;;;0.08
453;2018-06-15T13:52:00;2018-06-15T14:23:34;186;FALSE;;;Mental Health Units (Use of Force) Bill report stage: Amendment 11;8;47;;;;;;;0.08
452;2018-06-13T21:16:00;2018-06-13T21:35:56;185;FALSE;;;EU (Withdrawal) Bill Lords Amendments: motion to disagree with Lords Amendment 3;320;296;;;;;;;0.95
451;2018-06-13T21:02:00;2018-06-13T21:17:23;184;FALSE;;;EU (Withdrawal) Bill Lords Amendments: motion to disagree with Lords Amendment 4;318;301;;;;;;;0.95
450;2018-06-13T20:48:00;2018-06-13T21:04:53;183;FALSE;;;EU (Withdrawal) Bill Lords Amendments: motion to disagree with Lords Amendment 53;320;297;;;;;;;0.95
449;2018-06-13T20:33:00;2018-06-13T20:51:15;182;FALSE;;;EU (Withdrawal) Bill Lords Amendments: motion to disagree with Lords Amendment 5;321;301;;;;;;;0.96
448;2018-06-13T20:20:00;2018-06-13T20:36:43;181;FALSE;;;EU (Withdrawal) Bill Lords Amendments: Motion to disagree with Lords Amendment 2;326;296;;;;;;;0.96
447;2018-06-13T20:02:00;2018-06-13T20:24:34;180;FALSE;;;EU (Withdrawal) Bill Lords Amendments: motion to disagree with Lords Amendment 1;325;298;;;;;;;0.96
446;2018-06-13T19:43:00;2018-06-13T21:13:59;179;FALSE;;;EU (Withdrawal) Bill Lords Amendments: Motion to disagree with Lords Amendment 51;327;126;;;;;;;0.70
445;2018-06-13T19:28:00;2018-06-13T21:13:16;178;FALSE;;;EU (Withdrawal) Bill Lords Amendments: Amendment (a) to Lords Amendment 51;240;322;;;;;;;0.86
444;2018-06-12T19:17:00;2018-06-12T19:40:46;177;FALSE;;;European Union (Withdrawal) Bill: Remaining Lords amendments;321;40;;;;;;;0.56
443;2018-06-12T18:38:00;2018-06-12T19:05:47;176;FALSE;;;European Union (Withdrawal) Bill: Lords amendment 20 motion to disagree;321;305;;;;;;;0.96
442;2018-06-12T18:25:00;2018-06-12T19:04:47;175;FALSE;;;European Union (Withdrawal) Bill: Lords amendment 45 motion to disagree;317;306;;;;;;;0.96
441;2018-06-12T18:12:00;2018-06-12T18:34:40;174;FALSE;;;European Union (Withdrawal) Bill: Lords amendment 43 motion to disagree;322;306;;;;;;;0.97
440;2018-06-12T17:58:00;2018-06-12T18:31:23;173;FALSE;;;European Union (Withdrawal) Bill: Lords amendment 10 motion to disagree;320;305;;;;;;;0.96
439;2018-06-12T17:45:00;2018-06-12T18:30:27;172;FALSE;;;European Union (Withdrawal) Bill: Lords amendment 52 motion to disagree;326;301;;;;;;;0.96
438;2018-06-12T17:30:00;2018-06-12T17:52:53;171;FALSE;;;European Union (Withdrawal) Bill: Lords amendment 19 motion to disagree;324;298;;;;;;;0.96
437;2018-06-12T17:13:00;2018-06-12T17:52:00;170;FALSE;;;European Union (Withdrawal) Bill: Lords amendment 125 motion to disagree;328;297;;;;;;;0.96
436;2018-06-12T16:58:00;2018-06-12T17:51:01;169;FALSE;;;European Union (Withdrawal) Bill: Lords amendment 39 motion to disagree;324;302;;;;;;;0.96
435;2018-06-12T16:45:00;2018-06-12T17:10:11;168;FALSE;;;European Union (Withdrawal) Bill: Lords amendment 37 motion to disagree;326;301;;;;;;;0.96
434;2018-06-12T16:31:00;2018-06-12T17:08:58;167;FALSE;;;European Union Withdrawal Bill: Lords Amendment 128 motion to disagree;325;304;;;;;;;0.97
433;2018-06-12T16:15:00;2018-06-12T17:08:06;166;FALSE;;;European Union (Withdrawal) Bill: Lords Amendment 110 motion to disagree;324;302;;;;;;;0.96
432;2018-06-12T12:56:00;2018-06-12T13:17:09;165;FALSE;;;European Union (Withdrawal) Bill: Programme (No.3);321;304;;;;European Union (Withdrawal) Bill: Programme (No.3);;;0.96
500;2018-07-19T14:45:00;2018-07-19T14:58:35;232;FALSE;;;Motion on Independent Complaints and Grievance Policy: Sir Kevin Barron's amendment;22;79;;;;;;;0.16
499;2018-07-18T00:00:00;2018-07-18T15:32:47;231;TRUE;;;Draft Immigration (Provision of Physical Data)(Amendment)(EU Exit) Regulations 2018;311;262;;;;;;;0.88
498;2018-07-18T00:00:00;2018-07-18T15:32:29;230;TRUE;;;Draft European Union (Definition of Treaties)(Partnership Agreement on Relations and Cooperation)(New Zealand) Order 2018;536;3;;;;;;;0.83
497;2018-07-18T00:00:00;2018-07-18T15:32:12;229;TRUE;;;Draft European Union (Definition of Treaties)(Framework Agreement)(Australia) Order 2018;534;3;;;;;;;0.83
496;2018-07-18T00:00:00;2018-07-18T15:31:55;228;TRUE;;;Draft European Union (Definition of Treaties)(Strategic Partnership Agreement)(Canada) Order 2018;534;3;;;;;;;0.83
495;2018-07-18T00:00:00;2018-07-18T15:30:46;227;TRUE;;;Draft European Union (Definition of Treaties)(Political Dialogue and Cooperation Agreement)(Cuba) Order 2018;534;3;;;;;;;0.83
494;2018-07-18T00:00:00;2018-07-18T15:30:22;226;TRUE;;;Draft European Union (Definition of Treaties)(Association Agreement)(Central America) Order 2018;534;3;;;;;;;0.83
493;2018-07-18T00:00:00;2018-07-18T15:30:06;225;TRUE;;;Draft European Union (Definition of Treaties)(Comprehensive and Enhanced Partnership Agreement (Armenia) Order 2018;535;3;;;;;;;0.83
492;2018-07-17T19:06:00;2018-07-17T19:21:04;224;FALSE;;;Trade Bill Third Reading;317;286;;;;;;;0.93
491;2018-07-17T18:30:00;2018-07-17T18:57:11;223;FALSE;;;Trade Bill report stage New Clause 18;301;307;;;;;;;0.94
490;2018-07-17T18:15:00;2018-07-17T18:50:12;222;FALSE;;;Trade Bill report stage New Clause 17;305;301;;;;;;;0.93
489;2018-07-17T18:01:00;2018-07-18T14:43:46;221;FALSE;;;Trade Bill report stage amendment 80;295;314;;;;;;;0.94
488;2018-07-17T17:08:00;2018-07-17T17:43:52;220;FALSE;;;Trade Bill report stage amendment 25;37;318;;;;;;;0.55
487;2018-07-17T16:54:00;2018-07-17T17:48:10;219;FALSE;;;Trade Bill report stage new clause 4;248;316;;;;;;;0.87
486;2018-07-17T15:59:00;2018-07-17T17:33:03;218;FALSE;;;Trade Bill report stage Amendment 19;285;315;;;;;;;0.92
485;2018-07-17T15:44:00;2018-07-17T16:38:22;217;FALSE;;;Trade Bill report stage New Clause 20;37;316;;;;;;;0.54
484;2018-07-17T15:29:00;2018-07-17T16:21:04;216;FALSE;;;Trade Bill report stage New Clause 3;284;314;;;;;;;0.92
483;2018-07-16T23:07:00;2018-07-16T23:52:56;215;FALSE;;;European Statutory Instruments Committee (Temporary SO) Amdt (a);57;53;;;;;;;0.17
482;2018-07-16T22:34:00;2018-07-16T22:52:21;214;FALSE;;;Taxation (Cross-border Trade) Bill: Third Reading;318;285;;;;;;;0.93
481;2018-07-16T20:20:00;2018-07-16T22:51:07;213;FALSE;;;Taxation (Cross-border Trade) Bill: Report Stage Amdt 73;303;300;;;;;;;0.93
480;2018-07-16T22:00:00;2018-07-16T22:25:07;212;FALSE;;;Taxation (Cross-border Trade) Bill: Report Stage Amdt 21;283;317;;;;;;;0.92
479;2018-07-16T21:44:00;2018-07-16T22:24:41;211;FALSE;;;Taxation (Cross-border Trade) Bill: Report Stage New Clause 36;305;302;;;;;;;0.93
478;2018-07-16T21:29:00;2018-07-16T21:47:40;210;FALSE;;;Taxation (Cross-border Trade) Bill: Report Stage New Clause 16;36;316;;;;;;;0.54
477;2018-07-16T21:16:00;2018-07-16T21:35:11;209;FALSE;;;Taxation (Cross-border Trade) Bill: Report Stage New Clause 13;291;316;;;;;;;0.93
476;2018-07-16T21:01:00;2018-07-16T21:17:10;208;FALSE;;;Taxation (Cross-border Trade) Bill: Report Stage New Clause 11;289;316;;;;;;;0.93
474;2018-07-11T16:01:00;2018-07-11T16:23:46;207;FALSE;;;Opposition Day: Universal Credit;268;305;;;;;;;0.88
473;2018-07-11T00:00:00;2018-07-11T18:07:46;206;TRUE;Double Majority;England and Wales;Draft Renewables Obligation (Amendment) Order 2018;301;211;284;201;;;;;0.79
472;2018-07-10T16:59:00;2018-07-10T17:24:50;205;FALSE;;;Opposition Motion: The Government's handling of negotiations to leave the EU;13;299;;;;;;;0.48
471;2018-07-04T17:12:00;2018-07-04T17:46:48;204;FALSE;;;Ivory Bill: New Clause 2;262;306;;;;;;;0.87
470;2018-07-04T16:53:00;2018-11-25T16:03:53;203;FALSE;;;Ivory Bill:- New Clause 1;256;305;;;;;;;0.86
469;2018-07-03T19:56:00;2018-07-03T20:14:54;202;FALSE;;;Estimate (Main Estimate 2018-19);175;33;;;;;;;0.32
468;2018-07-03T19:45:00;2018-07-03T19:59:40;201;FALSE;;;Estimate (Treasury) ;239;33;;;;;;;0.42
467;2018-07-03T19:33:00;2018-07-06T11:23:23;200;FALSE;;;Estimate (Education);297;33;;;;;;;0.51
466;2018-07-03T19:18:00;2018-07-03T20:19:56;199;FALSE;;;Estimates (Health and Social Care and Housing, Communities and Local Government;307;33;;;;;;;0.52
465;2018-07-03T19:00:00;2018-07-03T20:17:17;198;FALSE;;;Estimates (Ministry of Justice);312;32;;;;;;;0.53
507;2018-09-12T00:00:00;2018-09-12T16:58:58;239;TRUE;;;EU - Singapore Free Trade Agreement (FTA) and Investment Protection Agreement (IPA);331;145;;;;;;;0.73
506;2018-09-11T19:44:00;2018-09-11T20:00:40;238;FALSE;;;Counter-Terrorism and Border Security Bill: Third Reading;376;10;;;;;;;0.59
505;2018-09-11T19:08:00;2018-09-11T19:33:31;237;FALSE;;;Counter-Terrorism and Border Security Bill: Report Stage: New Clause 1;255;293;;;;;;;0.84
504;2018-09-11T17:57:00;2018-09-11T18:14:31;236;FALSE;;;Counter-Terrorism and Border Security Bill Report Stage: Amendment 13;265;296;;;;;;;0.86
503;2018-09-11T17:38:00;2018-09-11T18:02:14;235;FALSE;;;Counter-Terrorism and Border Security Bill Report Stage: New Clause 2;292;47;;;;;;;0.52
502;2018-09-05T17:09:00;2018-09-05T17:34:39;234;FALSE;;;Tenant Fees Bill Report Stage: Amendment 3;241;302;;;;;;;0.84
501;2018-09-05T16:49:00;2018-11-19T12:08:43;233;FALSE;;;Tenant Fees Bill report stage: Amendment 1;240;299;;;;;;;0.83
519;2018-10-24T17:18:00;2018-10-24T21:11:36;251;FALSE;;;Northern Ireland (Executive Formation and Exercise of Functions) Bill: Third Reading;344;26;;;;;;;0.57
518;2018-10-24T19:03:00;2018-10-24T21:53:52;250;FALSE;;;Northern Ireland (Executive Formation and Exercise of Functions) Bill: report stage: New Clause 7;207;117;;;;;;;0.50
517;2018-10-24T00:00:00;2018-10-24T19:45:29;249;TRUE;;;Draft Electricity and Gas (Energy Company Obligation) Order 2018;305;203;;;;;;;0.78
516;2018-10-23T19:00:00;2018-10-23T19:24:52;248;FALSE;;;Civil Liability Bill [Lords]: Third Reading;294;238;;;;;;;0.82
515;2018-10-23T17:31:00;2018-10-23T18:47:42;247;FALSE;;;Civil Liability Bill [Lords]: report stage: amendment 2;243;298;;;;;;;0.83
514;2018-10-23T15:15:00;2018-10-23T15:53:00;246;FALSE;;;Civil Liability Bill [Lords]: report stage: New Clause 2;243;288;;;;;;;0.82
513;2018-10-23T15:00:00;2018-10-23T16:14:16;245;FALSE;;;Civil Liability Bill [Lords]: report stage: New Clause 1;240;287;;;;;;;0.81
512;2018-10-23T12:59:00;2018-10-23T19:28:51;244;FALSE;;;Ten Minute Rule Motion: Abortion;208;123;;;;;;;0.51
511;2018-10-17T16:50:00;2018-10-22T18:29:35;243;FALSE;;;Opposition motion: Universal Credit;279;299;;;;;;;0.89
510;2018-10-16T17:15:00;2018-10-23T15:14:18;242;FALSE;;;Overseas Electors Bill: Money Resolution;308;260;;;;;;;0.87
509;2018-10-16T16:59:00;2018-10-16T18:05:45;241;FALSE;;;Overseas Electors Bill: amendment to Money Resolution;259;296;;;;;;;0.85
508;2018-10-10T18:57:00;2018-10-10T19:33:48;240;FALSE;;;Agriculture Bill: Second Reading Jeremy Corbyn's Amdt;227;286;;;;;;;0.79
540;2018-11-28T18:16:00;2018-11-28T18:34:22;271;FALSE;;;Offensive Weapons - Report - NC26;235;300;;;;;;;0.82
539;2018-11-28T18:01:00;2018-11-28T18:18:10;270;FALSE;;;Offensive Weapons Bill - report NC6;272;303;;;;;;;0.88
538;2018-11-28T15:31:00;2018-11-28T16:34:27;269;FALSE;;;Offensive Weapons Bill - Report Govt Amdts 26 to 55;309;274;;;;;;;0.90
537;2018-11-28T00:00:00;2018-11-28T16:00:03;268;TRUE;;;Draft Child Support (Miscellaneous Amendments) Regulations 2018;310;230;;;;;;;0.83
536;2018-11-21T00:00:00;2018-11-21T15:17:01;267;TRUE;;;draft Immigration (Health Charge) (Amendment) Order 2018;300;232;;;;;;;0.82
535;2018-11-21T00:00:00;2018-11-21T15:16:38;266;TRUE;;;draft Double Taxation Relief and International Tax Enforcement (Guernsey) Order 2018;302;238;;;;;;;0.83
534;2018-11-21T00:00:00;2018-11-21T15:16:15;265;TRUE;;;draft Double Taxation Releif and International Tax Enforcement (Isle of Man) Order 2018;302;238;;;;;;;0.83
533;2018-11-21T00:00:00;2018-11-21T15:15:55;264;TRUE;;;draft Double Taxation Relief and International Tax Enforcement (Jersey) Order 2018;302;238;;;;;;;0.83
532;2018-11-19T22:34:00;2018-11-19T22:47:30;263;FALSE;;;Finance (No.3) Bill: Amendment 7;41;296;;;;;;;0.52
531;2018-11-19T22:20:00;2018-11-19T22:51:58;262;FALSE;;;Finance (No.3) Bill: Amendment 22;271;295;;;;;;;0.87
530;2018-11-19T20:27:00;2018-11-19T20:42:38;261;FALSE;;;Finance (No.3) Bill: New Clause 19;34;290;;;;;;;0.50
529;2018-11-19T20:12:00;2018-11-19T20:28:36;260;FALSE;;;Finance (No.3) Bill: New Clause 2;287;292;;;;;;;0.89
528;2018-11-19T19:57:00;2018-11-19T20:14:00;259;FALSE;;;Finance (No.3) Bill: New Clause 1;262;293;;;;;;;0.85
527;2018-11-19T19:40:00;2018-11-19T19:56:16;258;FALSE;;;Finance (No. 3) Bill: Clause 5 stand part;292;10;;;;;;;0.46
526;2018-11-14T00:00:00;2018-11-14T15:42:17;257;TRUE;;;Draft electricity and gas (powers to make subordinate legislation) (amendment) (EU Exit) regulations 2018;285;223;;;;;;;0.78
525;2018-11-12T22:42:00;2018-11-12T23:08:56;256;FALSE;;;Finance No. 3 Bill: second reading;304;279;;;;;;;0.90
524;2018-11-12T22:25:00;2018-11-12T23:22:39;255;FALSE;;;Finance No. 3 Bill: second reading: Jeremy Corbyn's amendment;279;302;;;;;;;0.89
523;2018-11-01T17:29:00;2018-11-01T18:24:16;254;FALSE;;;Budget Resolution Motion 79: Minor amendments in consequence of EU withdrawal;312;295;;;;;;;0.93
522;2018-11-01T17:15:00;2018-11-01T18:29:16;253;FALSE;;;Motion No. 5 Basic rate limit and personal allowance;314;31;;;;;;;0.53
521;2018-11-01T16:59:00;2018-11-01T19:03:57;252;FALSE;;;Income Tax (Charge) Mr Corbyn's Amendment;246;313;;;;;;;0.86
553;2018-12-19T00:00:00;2018-12-19T17:09:29;284;TRUE;;;draft Accounts and Reports (Amendment) (EU Exit) Regulations 2018;305;216;;;;;;;0.80
552;2018-12-19T00:00:00;2018-12-19T17:08:56;283;TRUE;;;draft Markets in Financial Instruments (Amendment) (EU Exit) Regulations 2018;307;215;;;;;;;0.80
551;2018-12-18T18:59:00;2018-12-18T19:19:37;282;FALSE;;;Mental Capacity (Amendment) Bill: Second Reading: Mr Corbyn's amendment;229;304;;;;;;;0.82
550;2018-12-12T16:19:00;2018-12-12T17:17:41;281;FALSE;;;Courts and Tribunals (Judiciary and Functions of Staff) Bill Third Reading;302;233;;;;;;;0.82
549;2018-12-12T15:30:00;2018-12-12T16:20:22;280;FALSE;;;Courts and Tribunals (Judiciary and Functions of Staff) Bill Report Amdt 5;243;312;;;;;;;0.85
548;2018-12-12T15:15:00;2018-12-12T16:04:28;279;FALSE;;;Courts and Tribunals (Judiciary and Functions of Staff) Bill Report Amdt 2;246;308;;;;;;;0.85
547;2018-12-12T13:41:00;2018-12-12T14:16:01;278;FALSE;;;International Trade and Development Agency Bill ;42;243;;;;;;;0.44
546;2018-12-12T00:00:00;2018-12-12T15:15:16;277;TRUE;;;IPSA - Richard Lloyd appointment;513;13;;;;;;;0.81
545;2018-12-11T17:04:00;2018-12-11T17:30:29;276;FALSE;;;Government's managmenet of the meaningful vote debate;0;299;;;;;;;0.46
544;2018-12-11T13:55:00;2018-12-11T14:51:29;275;FALSE;;;Cannabis (Legalisation and Regulation) Bill ;52;66;;;;;;;0.18
543;2018-12-04T17:28:00;2018-12-05T14:39:30;274;FALSE;;;Business of the House (European Union (Withdrawal) Act) Amendment d;321;299;;;;;;;0.95
542;2018-12-04T16:41:00;2018-12-04T17:53:18;273;FALSE;;;Privilege (Withdrawal Agreement legal advice);311;293;;;;;;;0.93
541;2018-12-04T16:23:00;2018-12-05T12:14:06;272;FALSE;;;Amendment (a): Privilege (Withdrawal Agreement legal advice);307;311;;;;;;;0.95
589;2019-01-30T16:33:00;2019-01-30T17:13:53;320;FALSE;;;Draft Maritime Transport Access to Trade and Cabotage (Revocation) (EU Exit) Regulations 2019;289;245;;;;;;;0.82
588;2019-01-30T16:04:00;2019-01-30T17:28:02;319;FALSE;;;Crime (Overseas Production Orders) Bill: Report Stage, Amendment 18;276;297;;;;;;;0.88
587;2019-01-30T15:45:00;2019-09-03T11:02:39;318;FALSE;;;Crime (Overseas Production Orders) Bill: New Clause 1 to be read a second time;310;257;;;;;;;0.87
586;2019-01-30T00:00:00;2019-01-30T17:30:18;317;TRUE;;;draft Carriage of Dangerous Goods (Amendment) Regulations 2019;310;265;;;;;;;0.88
585;2019-01-30T00:00:00;2019-01-30T17:29:52;316;TRUE;;;draft Floods and Water (Amendment etc) (EU Exit) Regulations 2019;311;267;;;;;;;0.89
584;2019-01-30T00:00:00;2019-09-03T11:02:47;315;TRUE;;;draft Credit Rating Agencies (Amendment, etc) (EU Exit) Regulations 2019;310;261;;;;;;;0.88
583;2019-01-30T00:00:00;2019-01-30T17:28:57;314;TRUE;;;draft Consumer Protection (Enforcement) (Amendment etc.) (EU Exit) Regulations 2018;310;268;;;;;;;0.89
582;2019-01-29T20:26:00;2019-01-29T21:09:03;313;FALSE;;;EU (Withdrawal) Act Section 13 Amdt (n) - Brady;317;301;;;;;;;0.95
581;2019-01-29T20:11:00;2019-01-29T21:18:08;312;FALSE;;;EU (Withdrawal) Act Section 13 Amdt (i) - Spelman;318;310;;;;;;;0.97
580;2019-01-29T19:56:00;2019-01-29T21:18:33;311;FALSE;;;EU (Withdrawal) Act Section 13 Amdt (j) - Reeves;290;322;;;;;;;0.94
579;2019-01-29T19:41:00;2019-01-30T09:02:48;310;FALSE;;;EU (Withdrawal) Act Section 13 Amdt (b) - Cooper;298;321;;;;;;;0.95
578;2019-01-29T19:27:00;2019-01-29T21:22:57;309;FALSE;;;EU (Withdrawal) Act Section 13 Amdt (g) - Grieve;301;321;;;;;;;0.96
577;2019-01-29T19:14:00;2019-01-29T20:14:43;308;FALSE;;; EU (Withdrawal) Act Section 13 Amdt (o) - Blackford;39;327;;;;;;;0.56
576;2019-01-29T19:00:00;2019-01-29T21:23:22;307;FALSE;;;EU (Withdrawal) Act Section 13 Amdt (a) - Corbyn;296;327;;;;;;;0.96
575;2019-01-28T21:59:00;2019-01-28T22:35:42;306;FALSE;;;Immigration and Social Security Co-ordination (EU Withdrawal) Bill: Second Reading;297;234;;;;;;;0.82
574;2019-01-23T15:09:00;2019-01-24T10:12:08;305;FALSE;;;draft Civil Legal Aid (Amendment) (EU Exit) Regulations 2019;293;235;;;;;;;0.81
573;2019-01-23T14:37:00;2019-01-23T16:52:18;304;FALSE;Double Majority;England;Lords Amendment 36 to the Tenant Fees Bill ;293;220;263;194;;;;;0.79
572;2019-01-22T17:23:00;2019-01-22T18:19:28;303;FALSE;;;Draft Crown Dependencies Customs Union (Jersey) (EU Exit) Order 2018;303;266;;;;;;;0.88
571;2019-01-22T17:06:00;2019-01-22T18:26:50;302;FALSE;Double Majority;England;Draft Higher Education (Fee Limits for Accelerated Courses) (England) Regulations 2018;301;223;269;194;;;;;0.81
570;2019-01-22T16:53:00;2019-01-22T18:34:35;301;FALSE;;;Draft Crown Dependencies (Customs Union) (Jersey) (EU Exit) Order 2018;304;262;;;;;;;0.87
569;2019-01-22T16:38:00;2019-01-22T17:49:32;300;FALSE;;;Draft Crown Dependencies Customs Union (Isle of Man) (EU Exit) Order 2018;304;263;;;;;;;0.87
568;2019-01-22T16:22:00;2019-01-22T18:16:07;299;FALSE;;;Draft Crown Dependencies Customs Union (Guernsey) (EU Exit) Order 2018;302;263;;;;;;;0.87
567;2019-01-21T19:31:00;2019-01-21T19:52:51;298;FALSE;;;Healthcare (International Arrangements) Bill Report Stage Amendment 1;261;298;;;;;;;0.86
566;2019-01-21T19:16:00;2019-01-21T19:31:51;297;FALSE;;;Healthcare (International Arrangements) Bill Report Stage New Clause 1;260;295;;;;;;;0.85
565;2019-01-16T19:00:00;2019-01-16T19:21:43;296;FALSE;;;No confidence in Her Majesty's Government;306;325;;;;;;;0.97
564;2019-01-16T00:00:00;2019-01-16T17:39:05;295;TRUE;;;UK participation in the EU Agency for Criminal Justice Cooperation (Eurojust): Post-adoption opt-in decision ;577;20;;;;;;;0.92
563;2019-01-16T00:00:00;2019-01-16T17:37:51;294;TRUE;Double Majority;England and Wales;draft Energy Efficiency (Private Rented Property) (England and Wales) (Amendment) Regulations 2018;330;240;302;233;;;;;0.88
562;2019-01-15T19:23:00;2019-01-15T19:44:23;293;FALSE;;;European Union (Withdrawal) Act main Motion (Prime Minister);202;432;;;;;;;0.98
561;2019-01-15T19:01:00;2019-01-15T19:26:11;292;FALSE;;;European Union (Withdrawal) Act Amdt (f) - Baron;24;600;;;;;;;0.96
560;2019-01-09T14:07:00;2019-01-09T17:14:47;291;FALSE;;;Grieve amendment to Business of the House (Section 13(1)(b) of the European Union (Withdrawal) Act 2018) (No. 2);308;297;;;;;;;0.93
559;2019-01-08T20:08:00;2019-01-08T22:04:38;290;FALSE;;;Finance (No.3) Bill report stage: New Clause 18 ;288;311;;;;;;;0.92
558;2019-01-08T19:53:00;2019-01-08T20:33:53;289;FALSE;;;Finance (No.3) Bill report stage: New Clause 2;289;312;;;;;;;0.92
557;2019-01-08T18:57:00;2019-01-08T19:14:28;288;FALSE;;;Finance (No.3) Bill report stage: Amendment 8;292;303;;;;;;;0.92
556;2019-01-08T18:40:00;2019-01-08T19:00:23;287;FALSE;;;Finance (No.3) Bill report stage: Amendment 7;303;296;;;;;;;0.92
555;2019-01-08T18:23:00;2019-01-08T19:17:49;286;FALSE;;;Finance (No.3) Bill report stage: New Clause 3;292;314;;;;;;;0.93
554;2019-01-08T16:52:00;2019-01-08T17:16:30;285;FALSE;;;Finance (No.3) Bill report stage: New Clause 1;294;312;;;;;;;0.93
616;2019-02-27T19:29:00;2019-02-27T19:55:36;347;FALSE;;;UK's withdrawal from the EU: Yvette Cooper's amendment (f);502;20;;;;;;;0.80
615;2019-02-27T19:15:00;2019-02-27T19:35:26;346;FALSE;;;UK's withdrawal from the EU: Mr Blackford's amendment (k);288;324;;;;;;;0.94
614;2019-02-27T18:59:00;2019-02-27T19:16:38;345;FALSE;;;UK's withdrawal from the EU: Mr Corbyn's amendment (a);240;323;;;;;;;0.87
613;2019-02-27T00:00:00;2019-02-27T16:07:08;344;TRUE;;;draft Financial Services Contracts (Transitional and Saving Provision) (EU Exit) Regulations 2019;318;281;;;;;;;0.92
612;2019-02-27T00:00:00;2019-02-27T16:04:47;343;TRUE;;;draft Employment Rights (Amendment) (Northern Ireland) (EU Exit) (No. 2) Regulations 2018;317;260;;;;;;;0.89
611;2019-02-27T00:00:00;2019-02-27T16:04:29;342;TRUE;;;draft Employment Rights (Amendment) (EU Exit) (No. 2) Regulations 2018;317;288;;;;;;;0.93
610;2019-02-27T00:00:00;2019-02-27T16:04:12;341;TRUE;;;draft Employment Rights (Amendment) (EU Exit) Regulations 2019;318;288;;;;;;;0.93
609;2019-02-27T00:00:00;2019-02-27T16:03:54;340;TRUE;;;draft Employment Rights (Amendment) (Northern Ireland) (EU Exit) Regulations 2019;317;260;;;;;;;0.89
608;2019-02-27T00:00:00;2019-02-27T16:03:37;339;TRUE;;;draft Official Listing of Securities Prospectus and Transparency (Amendment etc.) (EU Exit) Regulations 2019;317;280;;;;;;;0.92
607;2019-02-26T19:00:00;2019-02-26T19:24:04;338;FALSE;;;Estimates: Department for Work and Pensions;294;52;;;;;;;0.53
606;2019-02-25T19:50:00;2019-02-25T21:18:10;337;FALSE;;;draft REACH etc. (Amendment etc.) (EU Exit) Regulations 2019;297;240;;;;;;;0.83
605;2019-02-18T20:27:00;2019-02-18T20:39:57;336;FALSE;;;The draft Cross-Border Mediation (EU Directive) (EU Exit) Regulations 2019;198;137;;;;;;;0.52
604;2019-02-18T19:53:00;2019-02-18T20:17:51;335;FALSE;;;The draft Money Market Funds (Amendment) (EU Exit) Regulations 2019;203;150;;;;;;;0.54
603;2019-02-18T19:39:00;2019-02-18T20:12:26;334;FALSE;;;The draft Public Record, Disclosure of Information and Co-operation (Financial Services) (Amendment) (EU Exit) Regulations 2019;201;150;;;;;;;0.54
602;2019-02-14T17:29:00;2019-02-14T18:23:36;333;FALSE;;;UK's withdrawal from the EU: main motion;258;303;;;;;;;0.86
601;2019-02-14T17:15:00;2019-02-14T18:09:35;332;FALSE;;;UK's withdrawal from the EU: Mr Blackford's amendment;93;315;;;;;;;0.63
600;2019-02-14T17:00:00;2019-02-14T18:04:44;331;FALSE;;;UK's withdrawal from the EU: Mr Corbyn's amendment (a);306;322;;;;;;;0.97
599;2019-02-13T16:14:00;2019-02-13T16:57:20;330;FALSE;;;Securitisation Regulations 2018 - motion to revoke;263;306;;;;;;;0.88
598;2019-02-13T00:00:00;2019-02-13T15:31:23;329;TRUE;;;draft Intellectural Property (Copyright and Related Rights) (Amendment) (EU Exit) Regulations 2018;308;267;;;;;;;0.88
597;2019-02-12T19:00:00;2019-02-12T19:13:38;328;FALSE;;;Mental Capacity (Amendment) Bill [Lords] Third Reading;299;241;;;;;;;0.83
596;2019-02-12T18:30:00;2019-02-12T19:00:59;327;FALSE;;;Mental Capacity (Amendment) Bill [Lords] Report Amdt 51;249;300;;;;;;;0.84
595;2019-02-12T18:16:00;2019-02-12T18:32:06;326;FALSE;;;Mental Capacity (Amendment) Bill [Lords] Report Amdt 50;249;301;;;;;;;0.85
594;2019-02-12T17:59:00;2019-02-12T18:24:12;325;FALSE;;;Mental Capacity (Amendment) Bill [Lords] Report Amdt 49;252;303;;;;;;;0.85
593;2019-02-11T19:19:00;2019-02-11T19:43:35;324;FALSE;;;Financial Services (Implementation of Legislation) Bill [Lords]: Second Reading ;293;248;;;;;;;0.83
592;2019-02-06T00:00:00;2019-02-06T14:48:16;323;TRUE;;;draft Long-term Investment Funds (Amendment) (EU Exit) Regulations 2019;302;262;;;;;;;0.87
591;2019-02-05T19:54:00;2019-02-05T20:33:06;322;FALSE;Double Majority;England;Local Government Finance Report (England) 2019-20;298;240;270;208;;;;;0.83
590;2019-02-05T16:40:00;2019-02-05T18:10:57;321;FALSE;Double Majority;England and Wales;Police Grant Report (England and Wales) for 2019/20;310;254;289;242;;;;;0.87
664;2019-03-29T14:26:00;2019-03-29T14:48:03;395;FALSE;;;United Kingdom's withdrawal from the European Union;286;344;;;;;;;0.97
663;2019-03-27T20:59:00;2019-04-02T14:54:45;394;FALSE;;;Draft European Union (Withdrawal) Act 2018 (Exit Day) (Amendment) Regulations 2019;441;105;;;;;;;0.84
662;2019-03-27T00:00:00;2019-04-02T14:53:43;393;TRUE;;;Mr Fysh's motion O (Contingent preferential arrangements);139;422;;;;;;;0.86
661;2019-03-27T00:00:00;2019-04-02T14:53:04;392;TRUE;;;Margaret Beckett's motion M (Confirmatory public vote);268;295;;;;;;;0.87
660;2019-03-27T00:00:00;2019-04-02T14:51:03;391;TRUE;;;Joanna Cherry's motion L (Revocation to avoid no deal);184;293;;;;;;;0.73
659;2019-03-27T00:00:00;2019-04-02T14:50:12;390;TRUE;;;Jeremy Corbyn's motion K (Labour's alternative plan);237;307;;;;;;;0.84
658;2019-03-27T00:00:00;2019-04-02T14:49:29;389;TRUE;;;Mr Clarke's motion J (Customs union);265;271;;;;;;;0.82
657;2019-03-27T00:00:00;2019-04-02T14:48:44;388;TRUE;;;George Eustice's motion H (EFTA and EEA);64;377;;;;;;;0.68
656;2019-03-27T00:00:00;2019-04-02T14:47:59;387;TRUE;;;Nick Boles's motion D (Common market 2.0);189;283;;;;;;;0.73
655;2019-03-27T00:00:00;2019-04-02T14:33:02;386;TRUE;;;Mr Baron's motion B (No deal);160;400;;;;;;;0.86
654;2019-03-27T15:00:00;2019-04-02T14:31:53;385;FALSE;;;Business of the House motion;331;287;;;;;;;0.95
653;2019-03-27T00:00:00;2019-03-27T22:40:51;384;TRUE;;;Draft Rural Development (Rules and Decisions) (Amendment) (EU Exit) Regulations 2019;316;240;;;;;;;0.86
652;2019-03-27T00:00:00;2019-03-27T22:40:26;383;TRUE;;;Draft Rural Development (Amendment) (EU Exit) Regulations 2019;316;239;;;;;;;0.85
651;2019-03-27T00:00:00;2019-03-27T22:40:02;382;TRUE;;;Draft Animal Welfare (Amendment) (EU Exit) Regulations 2019;322;15;;;;;;;0.52
650;2019-03-27T00:00:00;2019-03-27T22:38:58;381;TRUE;Double Majority;England;Draft Relationships Education, Relationships and Sex Education and Health Education (England) Regulations 2019;538;21;482;14;;;;;0.86
649;2019-03-26T18:49:00;2019-03-26T19:09:30;380;FALSE;;;Draft Customs Safety and Security Procedures (EU Exit) Regulations 2019;302;283;;;;;;;0.90
648;2019-03-26T18:36:00;2019-03-26T19:13:21;379;FALSE;;;Draft Common Fisheries Policy and Aquaculture (Amendment etc.) (EU Exit) Regulations 2019;304;275;;;;;;;0.89
647;2019-03-26T18:20:00;2019-03-26T18:38:14;378;FALSE;;;Section 5 of the European Communities (Amendment) Act 1993;309;292;;;;;;;0.92
646;2019-03-26T18:02:00;2019-03-26T18:24:42;377;FALSE;;;Section 5 of the European Communities (Amendment) Act 1993: Alison Thewliss's amendment;288;309;;;;;;;0.92
645;2019-03-26T16:35:00;2019-03-26T17:23:40;376;FALSE;Double Majority;England and Wales;Offensive Weapons Bill: Louise Haigh's amendment (a) to Lords Amendment 23;249;308;237;286;;;;;0.86
644;2019-03-25T22:33:00;2019-03-25T22:55:18;375;FALSE;;;European Union Withdrawal Act main Motion as amended;327;300;;;;;;;0.96
643;2019-03-25T22:14:00;2019-03-26T15:16:40;374;FALSE;;;European Union Withdrawal Act Amendment (f) - Beckett;311;314;;;;;;;0.96
642;2019-03-25T21:57:00;2019-03-25T22:22:46;373;FALSE;;;European Union Withdrawal Act Amendment (a) - Letwin;329;302;;;;;;;0.97
641;2019-03-22T09:34:00;2019-03-22T09:55:27;372;FALSE;;;Motion to sit in private;0;84;;;;;;;0.13
640;2019-03-20T18:19:00;2019-03-20T18:39:47;371;FALSE;Double Majority;England;Draft Non-Domestic Rating (Rates Retention and Levy and Safety Net) (Amendment) and (Levy Account: Basis of Distribution) Regulations 2019;297;196;268;168;;;;;0.76
639;2019-03-20T00:00:00;2019-03-20T18:21:12;370;TRUE;;;draft Organic Production and Control (Amendment) (EU Exit) Regulations 2019;315;38;;;;;;;0.54
638;2019-03-20T00:00:00;2019-03-20T18:23:18;369;TRUE;;;draft Organic Production (Control of Imports) (Amendment) (EU Exit) Regulations 2019;315;39;;;;;;;0.54
637;2019-03-20T00:00:00;2019-03-21T10:21:30;368;TRUE;;;Humble address to annul Amendments Relating to the Provision of Integrated Care Regulations 2019 (S.I., 2019, No. 248);216;317;;;;;;;0.82
636;2019-03-20T00:00:00;2019-03-20T18:21:49;367;TRUE;;;draft Product Safety and Metrology etc. (Amendment etc.) (EU Exit) Regulations 2019;313;267;;;;;;;0.89
635;2019-03-19T17:33:00;2019-03-19T18:01:48;366;FALSE;;;Foreign Affairs Committee: membership change;199;134;;;;;;;0.51
634;2019-03-18T20:50:00;2019-03-19T10:17:56;365;FALSE;;;Human Medicines (Amendment) Regulations (S.I. 2019 No. 62);240;292;;;;;;;0.82
633;2019-03-14T18:08:00;2019-03-15T13:40:39;364;FALSE;;;UK's withdrawal from the EU: Prime Minister's motion;412;202;;;;;;;0.94
632;2019-03-14T17:52:00;2019-03-14T18:09:56;363;FALSE;;;UK's withdrawal from the EU: Mr Corbyn's amendment (e);302;318;;;;;;;0.95
631;2019-03-14T17:32:00;2019-03-14T17:57:56;362;FALSE;;;UK's withdrawal from the European Union: Hilary Benn's amendment (i);312;314;;;;;;;0.96
630;2019-03-14T17:16:00;2019-03-14T17:40:57;361;FALSE;;;UK's withdrawal from the European Union: Lucy Powell's amendment to Hilary Benn's amendment (i);311;314;;;;;;;0.96
629;2019-03-14T17:00:00;2019-03-14T17:21:30;360;FALSE;;;UK's withdrawal from the European Union: Sarah Wollaston's amendment (h);85;334;;;;;;;0.64
628;2019-03-13T19:33:00;2019-03-13T20:07:13;359;FALSE;;;Main motion, as amended by amendment (a), on UK's withdrawal from the European Union;321;278;;;;;;;0.92
627;2019-03-13T19:17:00;2019-03-13T20:06:55;358;FALSE;;;Amendment (f) to the motion on the UK's withdrawal from the European Union;164;374;;;;;;;0.83
626;2019-03-13T19:00:00;2019-03-14T09:59:12;357;FALSE;;;Amendment (a) to the motion on the UK's withdrawal from the European Union;312;308;;;;;;;0.95
625;2019-03-13T00:00:00;2019-03-13T20:09:24;356;TRUE;;;draft Immigration (European Economic Area Nationals) (EU Exit) Order 2019;314;276;;;;;;;0.91
624;2019-03-13T00:00:00;2019-03-13T20:10:16;355;TRUE;;;draft Waste (Miscellaneous Amendments) (EU Exit) Regulations 2019;315;235;;;;;;;0.85
623;2019-03-12T19:00:00;2019-03-12T19:30:53;354;FALSE;;;Section 13(1)(b) of the European Union (Withdrawal) Act main motion;242;391;;;;;;;0.97
622;2019-03-06T00:00:00;2019-03-07T15:57:18;353;TRUE;;;Draft Motor Vehicles (Compulsory Insurance) (Amendment etc.) (EU Exit) Regulations 2019;300;251;;;;;;;0.85
621;2019-03-06T00:00:00;2019-03-07T15:56:59;352;TRUE;;;Draft Mobile Roaming (EU Exit) Regulations 2019;300;257;;;;;;;0.86
620;2019-03-06T00:00:00;2019-03-07T15:56:37;351;TRUE;;;Draft Nutrition (Amendment etc.) (EU Exit) Regulations 2019;302;44;;;;;;;0.53
619;2019-03-06T00:00:00;2019-03-07T15:56:13;350;TRUE;;;Draft Gas (Security of Supply and Network Codes) (Amendment) (EU Exit) Regulations 2019;299;44;;;;;;;0.53
618;2019-03-06T00:00:00;2019-03-07T15:55:48;349;TRUE;;;Draft Electricity and Gas (Market Integrity and Transparency) (Amendment) (EU Exit) Regulations 2019;301;44;;;;;;;0.53
617;2019-03-06T00:00:00;2019-03-06T16:48:16;348;TRUE;;;Draft Transparency of Securities Financing Transactions and of Reuse (Amendment) (EU Exit) Regulations 2019;303;250;;;;;;;0.85
683;2019-04-10T18:59:00;2019-04-10T19:17:31;414;FALSE;;;Motion on 50th anniversary of the continuous at sea deterrent;241;33;;;;;;;0.42
682;2019-04-09T17:12:00;2019-04-09T17:34:39;413;FALSE;;;Motion under section 1 of the European Union (Withdrawal) Act 2019;420;110;;;;;;;0.82
681;2019-04-08T22:35:00;2019-04-08T23:19:41;412;FALSE;;;Motion to agree to Lords Amendment 5 to the EU (Withdrawal) (No. 5) Bill;390;81;;;;;;;0.72
680;2019-04-08T22:18:00;2019-04-08T23:19:03;411;FALSE;;;Amendment (a) to Lords Amendment 5 to the EU (Withdrawal) (No. 5) Bill;85;392;;;;;;;0.73
679;2019-04-08T22:01:00;2019-04-08T23:17:53;410;FALSE;;;Motion to agree to Lords Amendments 2 and 3 to the EU (Withdrawal) (No. 5) Bill;396;83;;;;;;;0.74
678;2019-04-03T23:09:00;2019-04-03T23:31:26;409;FALSE;;;European Union (Withdrawal) (No.5) Bill Third Reading;313;312;;;;;;;0.96
677;2019-04-03T10:46:00;2019-04-03T23:31:57;408;FALSE;;;European Union (Withdrawal) (No.5) Bill Committee NC4 - Cash;105;509;;;;;;;0.94
676;2019-04-03T22:26:00;2019-04-03T23:11:23;407;FALSE;;;European Union (Withdrawal) (No.5) Bill Committee Amdt 1 - Main;123;488;;;;;;;0.94
675;2019-04-03T22:10:00;2019-04-03T22:39:21;406;FALSE;;;European Union (Withdrawal) (No.5) Bill Committee Gov Amdt 22;220;400;;;;;;;0.95
674;2019-04-03T21:54:00;2019-04-03T22:51:15;405;FALSE;;;European Union (Withdrawal) (No.5) Bill Committee Amdt 21 - Eustice;304;313;;;;;;;0.95
673;2019-04-03T19:00:00;2019-04-08T23:20:52;404;FALSE;;;Second Reading of European Union (Withdrawal) (No. 5) Bill;315;310;;;;;;;0.96
672;2019-04-03T17:37:00;2019-04-08T23:21:28;403;FALSE;;;Business of the House motion ;312;311;;;;;;;0.96
671;2019-04-03T17:00:00;2019-04-08T23:22:00;402;FALSE;;;Amendment (a) to the Business of the House motion;310;310;;;;;;;0.95
670;2019-04-02T16:26:00;2019-04-02T18:21:37;401;FALSE;;;draft Geo-Blocking Regulation (Revocation) (EU Exit) Regulations 2019;277;41;;;;;;;0.49
669;2019-04-01T00:00:00;2019-04-02T14:58:37;400;TRUE;;;Joanna Cherry's motion G (Parliamentary Supremacy);191;292;;;;;;;0.74
668;2019-04-01T00:00:00;2019-04-02T14:57:49;399;TRUE;;;Peter Kyle's motion E (Confirmatory public vote);280;292;;;;;;;0.88
667;2019-04-01T00:00:00;2019-04-02T14:57:08;398;TRUE;;;Nick Boles's motion D (Common Market 2.0);261;282;;;;;;;0.84
666;2019-04-01T00:00:00;2019-04-02T14:55:56;397;TRUE;;;Mr Clarke's motion C (Customs Union);273;276;;;;;;;0.84
665;2019-04-01T16:36:00;2019-04-01T17:00:13;396;FALSE;;;Business of the House motion;322;277;;;;;;;0.92
685;2019-05-15T00:00:00;2019-05-15T15:57:20;416;TRUE;;;Russia (Sanctions) (EU Exit) Regulations 2019 (S.I. 2019, No. 855) ;294;184;;;;;;;0.74
684;2019-05-14T18:56:00;2019-05-14T19:16:53;415;FALSE;;;Health - Opposition day motion ;230;286;;;;;;;0.79
693;2019-06-25T14:48:00;2019-06-25T16:07:30;424;FALSE;;;Value Added Tax (Reduced Rate) (Energy-Saving Materials) Order 2019 (SI 2019 No. 958);247;209;;;;;;;0.70
692;2019-06-24T19:13:00;2019-06-25T14:01:32;423;FALSE;;;Adjournment (Summer);223;25;;;;;;;0.38
691;2019-06-19T16:25:00;2019-06-19T16:47:05;422;FALSE;;;Parliamentary Buildings (Restoration and Renewal) Bill: Report Stage: Amendment 4;203;117;;;;;;;0.49
690;2019-06-19T16:11:00;2019-06-19T16:43:21;421;FALSE;;;Parliamentary Buildings (Restoration and Renewal) Bill: Report Stage: Amendment 1;211;132;;;;;;;0.53
689;2019-06-12T16:27:00;2019-06-14T13:19:29;420;FALSE;;;Business of the House (United Kingdom's withdrawal from the European Union);298;309;;;;;;;0.93
688;2019-06-10T19:37:00;2019-06-10T19:52:49;419;FALSE;;;National Insurance Contributions (Termination Awards etc.) Bill: Third Reading;270;207;;;;;;;0.73
687;2019-06-10T19:19:00;2019-06-10T19:34:30;418;FALSE;;;National Insurance Contributions (Termination Awards etc.) Bill: Report Stage New Clause 5;214;273;;;;;;;0.75
686;2019-06-05T15:07:00;2019-06-14T13:26:06;417;FALSE;Double Majority;England and Wales;draft Rehabilitation of Offenders Act 1974 (Exceptions) Order 1975 (Amendment) (England and Wales) Order 2019;266;192;250;185;;;;;0.70
710;2019-07-18T13:56:00;2019-07-18T14:25:52;438;FALSE;;;That this House agrees with Lords Amendments 2 to 18 to the Northern Ireland (Executive Formation) Bill ;328;65;;;;;;;0.60
709;2019-07-18T13:40:00;2019-07-18T15:27:49;437;FALSE;;;That this House disagrees with Lords Amendment 1, as amended, to the Northern Ireland (Executive Formation) Bill ;273;315;;;;;;;0.90
708;2019-07-18T13:22:00;2019-07-18T13:48:04;436;FALSE;;;Amendment (a) to Lords Amendment 1 to the Northern Ireland (Executive Formation) Bill;315;274;;;;;;;0.91
707;2019-07-15T20:29:00;2019-07-15T20:44:06;435;FALSE;;;High Speed Rail (West Midlands - Crewe) Bill: Third Reading;263;17;;;;;;;0.43
706;2019-07-15T19:49:00;2019-07-15T20:15:27;434;FALSE;;;High Speed Rail (West Midlands - Crewe) Bill: Report Stage New Clause 5;217;246;;;;;;;0.71
705;2019-07-15T19:36:00;2019-07-15T20:07:53;433;FALSE;;;High Speed Rail (West Midlands - Crewe) Bill: Report Stage New Clause 4;213;253;;;;;;;0.72
704;2019-07-09T19:54:00;2019-07-09T20:32:18;432;FALSE;;;Northern Ireland (Executive Formation) Bill: Committee of the whole House Amdt 17 (Grieve) ;289;293;;;;;;;0.90
703;2019-07-09T19:39:00;2019-07-09T20:30:43;431;FALSE;;;Northern Ireland (Executive Formation) Bill: Committee of the whole House Amdt 16 (Grieve) ;289;292;;;;;;;0.89
702;2019-07-09T19:14:00;2019-07-11T16:55:02;430;FALSE;;;Northern Ireland (Executive Formation) Bill: Committee of the whole House Amdt 15 (Grieve) ;294;293;;;;;;;0.90
701;2019-07-09T18:58:00;2019-07-09T20:23:11;429;FALSE;;;Northern Ireland (Executive Formation) Bill: Committee of the whole House Amdt 6 (J Lewis) ;308;228;;;;;;;0.82
700;2019-07-09T17:16:00;2019-07-09T17:37:59;428;FALSE;;;Northern Ireland (Executive Formation) Bill: Committee of the whole House New Clause 10 (Creasy) ;332;99;;;;;;;0.66
699;2019-07-09T16:57:00;2019-07-09T17:19:53;427;FALSE;;;Northern Ireland (Executive Formation) Bill: Committee of the whole House New Clause 1 (McGinn) ;383;73;;;;;;;0.70
695;2019-07-02T19:16:00;2019-07-02T19:40:07;426;FALSE;;;Main Estimates 2019-20: roll-up motion ;275;43;;;;;;;0.49
694;2019-07-02T19:01:00;2019-07-02T19:38:09;425;FALSE;;;Department for Work and Pensions: Main Estimate 2019-20;276;45;;;;;;;0.49
718;2019-09-26T13:49:00;2019-09-26T14:19:05;446;FALSE;;;Motion on Conference Adjournment;289;306;;;;;;;0.92
717;2019-09-09T00:18:00;2019-10-07T17:02:32;445;FALSE;;;That there shall be an early parliamentary general election (No. 2 motion);293;46;;;;;;;0.52
716;2019-09-09T19:13:00;2019-09-09T19:40:36;444;FALSE;;;Standing Order No. 24 motion: Prorogation and disclosure of communication ;311;302;;;;;;;0.94
715;2019-09-04T21:21:00;2019-09-04T21:41:39;443;FALSE;;;That there shall be an early parliamentary general election ;298;56;;;;;;;0.54
714;2019-09-04T19:30:00;2019-09-04T19:59:30;442;FALSE;;;European Union (Withdrawal) (No. 6) Bill: Third Reading;327;299;;;;;;;0.96
713;2019-09-04T19:00:00;2019-09-04T19:56:15;441;FALSE;;;Amendment 19 to the European Union (Withdrawal) (No. 6) Bill;65;495;;;;;;;0.86
712;2019-09-04T17:00:00;2019-09-04T17:29:43;440;FALSE;;;European Union (Withdrawal) (No. 6) Bill: Second Reading ;329;300;;;;;;;0.97
711;2019-09-03T21:49:00;2019-09-03T22:18:15;439;FALSE;;;European Union (Withdrawal): Sir Oliver Letwin's motion submitted under Standing Order No. 24;328;301;;;;;;;0.97
735;2019-10-31T16:37:00;2019-10-31T16:55:47;17;FALSE;;;Motion to approve the draft Representation of the People (Annual Canvass) (Amendment) Regulations 2019;206;33;;;;;;;0.37
734;2019-10-29T20:05:00;2019-10-29T20:34:52;16;FALSE;;;Early Parliamentary General Election Bill: Third Reading;438;20;;;;;;;0.70
733;2019-10-29T19:45:00;2019-10-29T20:30:46;15;FALSE;;;Early Parliamentary General Election Bill: Committee: Clause 1 Amdt 2;295;315;;;;;;;0.94
732;2019-10-29T14:03:00;2019-10-29T20:45:45;14;FALSE;;;Early Parliamentary General Election Bill (Business of the House): Stella Creasy's Amdt;312;295;;;;;;;0.93
731;2019-10-28T18:44:00;2019-10-28T19:04:13;13;FALSE;;;That there shall be an early parliamentary general election ;299;70;;;;;;;0.57
730;2019-10-24T17:30:00;2019-10-25T10:36:13;12;FALSE;;;The Queen's Speech: motion for an humble Address ;310;294;;;;;;;0.93
729;2019-10-24T17:15:00;2019-10-24T17:40:56;11;FALSE;;;The Queen's Speech: the economy - Ian Blackford's amendment (h);64;310;;;;;;;0.58
728;2019-10-24T16:59:00;2019-10-24T18:08:59;10;FALSE;;;The Queen's Speech: the economy - Jeremy Corbyn's amendment (g);293;311;;;;;;;0.93
727;2019-10-23T18:59:00;2019-10-23T19:21:56;9;FALSE;;;The Queen's Speech: the NHS - Jeremy Corbyn's Amdt (f);282;310;;;;;;;0.91
726;2019-10-23T00:00:00;2019-10-23T15:32:07;8;TRUE;;;Exiting the European Union (Financial Services) (Miscellaneous) (Amendment) (EU Exit) (No. 3) Regulations 2019;315;284;;;;;;;0.92
725;2019-10-23T00:00:00;2019-10-23T15:31:42;7;TRUE;;;Draft Statutory Auditors, Third Country Auditors and International Accounting Standards (Amendment) (EU Exit) Regulations 2019;315;287;;;;;;;0.93
724;2019-10-23T00:00:00;2019-10-23T15:31:25;6;TRUE;;;Draft Freedom of Establishment and Free Movement of Services (EU Exit) Regulations 2019;315;286;;;;;;;0.92
723;2019-10-22T19:15:00;2019-10-22T19:47:51;5;FALSE;;;Programme: European Union (Withdrawal Agreement) Bill;308;322;;;;;;;0.97
722;2019-10-22T18:59:00;2019-10-22T19:41:33;4;FALSE;;;Second Reading: European Union (Withdrawal Agreement) Bill;329;299;;;;;;;0.97
721;2019-10-19T14:30:00;2019-10-19T15:00:49;3;FALSE;;;Mr Letwin's Amendment (a) to the Government's motion on section 1(1)(a) of the European Union (Withdrawal) (No.2) Act 2019 and section 13(1)(b) of the European Union (Withdrawal) Act 2018;322;306;;;;;;;0.97
720;2019-10-17T13:23:00;2019-10-17T13:54:18;2;FALSE;;;Business of the House (Saturday 19 October) Amendment (a);287;275;;;;;;;0.86
719;2019-10-15T14:26:00;2019-10-15T14:48:47;1;FALSE;;;Exiting the European Union (Air Quality);280;204;;;;;;;0.74
737;2019-12-20T14:32:00;2019-12-20T14:56:56;2;FALSE;;;European Union (Withdrawal Agreement) Bill: Programme Motion;353;243;;;;;;;0.92
736;2019-12-20T14:14:00;2019-12-20T14:54:41;1;FALSE;;;European Union (Withdrawal Agreement) Bill: Second Reading;358;234;;;;;;;0.91
761;2020-01-29T18:59:00;2020-01-29T19:25:33;26;FALSE;;;Opposition Day debate on homelessness: Mr Corbyn's motion;215;311;;;;;;;0.81
760;2020-01-29T16:00:00;2020-01-29T16:22:18;25;FALSE;;;Opposition Day debate on policing and crime: Mr Corbyn's motion;224;330;;;;;;;0.85
759;2020-01-22T15:15:00;2020-01-23T11:28:08;24;FALSE;;;European Union (Withdrawal Agreement) Bill: Government motion to disagree to Lords Amendment 5;349;246;;;;;;;0.92
758;2020-01-22T14:59:00;2020-01-22T15:20:47;23;FALSE;;;European Union (Withdrawal Agreement) Bill: Government motion to disagree to Lords Amendment 4;342;254;;;;;;;0.92
757;2020-01-22T14:43:00;2020-01-22T15:29:28;22;FALSE;;;European Union (Withdrawal Agreement)Bill: Government motion to disagree with Lords Amendment 3;350;247;;;;;;;0.92
756;2020-01-22T14:27:00;2020-01-22T14:55:26;21;FALSE;;;European Union (Withdrawal Agreement) Bill: Government motion to disagree with Lords Amendment 2;348;246;;;;;;;0.91
755;2020-01-22T14:05:00;2020-01-22T14:48:06;20;FALSE;;;European Union (Withdrawal Agreement) Bill: Government motion to disagree with Lords Amendment 1;338;252;;;;;;;0.91
754;2020-01-20T22:40:00;2020-01-20T23:02:53;19;FALSE;;;The Queen's Speech;334;247;;;;;;;0.89
753;2020-01-20T22:26:00;2020-01-20T22:42:02;18;FALSE;;;The Queen's Speech: Sir Edward Davey's amendment;59;341;;;;;;;0.62
752;2020-01-20T22:12:00;2020-01-20T22:27:12;17;FALSE;;;The Queen's Speech: Ian Blackford's amendment;59;341;;;;;;;0.62
751;2020-01-20T21:56:00;2020-01-21T10:35:32;16;FALSE;;;The Queen's Speech: Jeremy Corbyn's amendment;236;342;;;;;;;0.89
750;2020-01-16T17:00:00;2020-01-21T10:35:52;15;FALSE;;;The Queen's Speech: Jeremy Corbyn's amendment (c) ;222;313;;;;;;;0.82
749;2020-01-09T17:10:00;2020-01-09T17:34:11;14;FALSE;;;Third Reading of the European Union (Withdrawal Agreement) Bill;330;231;;;;;;;0.86
748;2020-01-09T16:55:00;2020-01-09T17:34:54;13;FALSE;;;Reasoned amendment to the Third Reading of the European Union (Withdrawal Agreement) Bill;62;329;;;;;;;0.60
747;2020-01-08T19:35:00;2020-01-08T20:19:17;12;FALSE;;;European Union (Withdrawal Agreement) Bill: Committee of the whole House: Sir Edward Davey's New Clause 29;250;345;;;;;;;0.92
746;2020-01-08T19:20:00;2020-01-08T20:08:13;11;FALSE;;;European Union (Withdrawal Agreement) Bill: Committee of the whole House: Layla Moran's New Clause 10;254;344;;;;;;;0.92
745;2020-01-08T19:05:00;2020-01-08T20:06:54;10;FALSE;;;European Union (Withdrawal Agreement) Bill: Committee of the whole House: Mr Corbyn's New Clause 2;255;344;;;;;;;0.92
744;2020-01-08T15:27:00;2020-01-08T15:49:20;9;FALSE;;;European Union (Withdrawal Agreement) Bill: Committee of the whole House: Sir Jeffrey M. Donaldson's New Clause 55;262;337;;;;;;;0.92
743;2020-01-08T15:12:00;2020-01-08T15:35:43;8;FALSE;;;European Union (Withdrawal Agreement) Bill: Committee of the whole House: Caroline Lucas's New Clause 6;251;347;;;;;;;0.92
742;2020-01-08T14:56:00;2020-01-08T15:51:55;7;FALSE;;;European Union (Withdrawal Agreement) Bill: Committee of the whole House: Mr Corbyn's Amendment 4;252;348;;;;;;;0.92
741;2020-01-08T14:38:00;2020-01-08T15:03:36;6;FALSE;;;European Union (Withdrawal Agreement) Bill: Committee of the whole House: Dr Whitford's Amendment 10;262;340;;;;;;;0.93
740;2020-01-07T20:58:00;2020-01-07T21:22:07;5;FALSE;;;New Clause 34 to the European Union (Withdrawal Agreement) Bill ;251;343;;;;;;;0.91
739;2020-01-07T20:42:00;2020-01-07T21:00:45;4;FALSE;;;New Clause 18 to the European Union (Withdrawal Agreement) Bill;255;341;;;;;;;0.92
738;2020-01-07T20:25:00;2020-01-07T20:46:09;3;FALSE;;;New Clause 5 to the European Union (Withdrawal Agreement) Bill;252;342;;;;;;;0.91
771;2020-02-25T18:57:00;2020-03-02T17:38:31;36;FALSE;;;Opposition day debate on social care: Mr Corbyn's motion;181;315;;;;;;;0.76
770;2020-02-25T16:00:00;2020-02-25T16:21:07;35;FALSE;;;Opposition day debate on tax avoidance and evasion: Mr Corbyn's motion ;236;322;;;;;;;0.86
769;2020-02-12T12:39:00;2020-02-12T12:54:27;34;FALSE;;;Mr Carmichael's amendment to the Terrorist Offenders (Restriction of Early Release) Bill: Business of the House motion;51;316;;;;;;;0.56
768;2020-02-11T19:00:00;2020-02-11T19:17:26;33;FALSE;;;Opposition day debate on migration and Scotland: Ian Blackford's motion;46;322;;;;;;;0.57
767;2020-02-05T18:58:00;2020-02-05T19:19:48;32;FALSE;;;Opposition day debate on transport: Mr Corbyn's motion;181;311;;;;;;;0.76
766;2020-02-05T16:00:00;2020-02-11T19:18:02;31;FALSE;;;Opposition day debate on local government finance: Mr Corbyn's motion;190;329;;;;;;;0.80
765;2020-02-04T18:23:00;2020-02-04T18:43:09;30;FALSE;Country;England;NHS Funding Bill: Legislative Grand Committee (England) New Clause 4;162;293;;;;;;;0.70
764;2020-02-04T18:03:00;2020-02-10T10:21:47;29;FALSE;Country;England;NHS Funding Bill: Legislative Grand Committee (England) Amendment No. 3;161;298;;;;;;;0.71
763;2020-02-04T17:32:00;2020-02-04T17:57:37;28;FALSE;Country;England;NHS Funding Bill: Legislative Grand Committee (England) Amendment No. 2;163;300;;;;;;;0.71
762;2020-02-03T21:59:00;2020-02-03T22:34:22;27;FALSE;;;Agriculture Bill: Second Reading: Mr Corbyn's amendment;206;320;;;;;;;0.81
775;2020-03-10T15:40:00;2020-03-10T16:05:26;40;FALSE;;;Telecommunications Infrastructure (Leasehold Property) Bill: Report stage: Amendment 1;282;306;;;;;;;0.90
774;2020-03-10T15:26:00;2020-03-10T16:12:21;39;FALSE;;;Telecommunications Infrastructure (Leasehold Property) Bill: Report stage: Amendment 2;242;343;;;;;;;0.90
773;2020-03-04T18:59:00;2020-03-04T19:20:36;38;FALSE;;;Opposition day debate on health inequalities: Mr Corbyn's motion ;181;319;;;;;;;0.77
772;2020-03-04T15:59:00;2020-03-04T16:35:54;37;FALSE;;;Opposition day debate on flooding: Mr Corbyn's motion;227;328;;;;;;;0.85
792;2020-05-20T18:28:00;2020-05-20T18:49:03;50;FALSE;;;Liaison Committee (Membership): Amendment (a) (Harriet Harman);262;323;;;;;2020-05-20T18:28:06;2020-05-20T18:43:06;0.90
791;2020-05-20T17:49:00;2020-05-20T18:07:11;49;FALSE;;;Trade Bill: Second Reading;355;254;;;;;2020-05-20T17:46:35;2020-05-20T18:01:35;0.94
790;2020-05-20T17:28:00;2020-05-20T17:47:39;48;FALSE;;;Trade Bill: Reasoned Amendment to Second Reading (Keir Starmer);262;352;;;;;2020-05-20T17:26:38;2020-05-20T17:41:38;0.94
789;2020-05-20T14:06:00;2020-05-20T14:30:02;47;FALSE;;;Business of the House (20 May);350;258;;;;;2020-05-20T14:06:14;2020-05-20T14:21:14;0.94
788;2020-05-18T21:03:00;2020-05-18T21:29:12;46;FALSE;;;Immigration and Social Security Co-ordination (EU Withdrawal) Bill: Second Reading;351;252;;;;;2020-05-18T21:03:39;2020-05-18T21:18:39;0.93
787;2020-05-13T18:35:00;2020-05-13T19:25:15;45;FALSE;;;Agriculture Bill: Third Reading;360;211;;;;;2020-05-13T18:35:32;2020-05-13T18:50:32;0.88
786;2020-05-13T18:08:00;2020-05-13T18:36:28;44;FALSE;;;Agriculture Bill: Report Stage: Amendment  39 (Deidre Brock);56;363;;;;;2020-05-13T18:08:26;2020-05-13T18:23:26;0.64
785;2020-05-13T17:48:00;2020-05-13T18:37:07;43;FALSE;;;Agriculture Bill: Report Stage: New Clause 7 (Luke Pollard);222;352;;;;;2020-05-13T17:49:08;2020-05-13T18:04:08;0.88
784;2020-05-13T17:32:00;2020-05-13T18:11:16;42;FALSE;;;Agriculture Bill: Report Stage: New Clause 2 (Neil Parish);277;328;;;;;2020-05-13T17:32:01;2020-05-13T17:47:01;0.93
783;2020-05-12T17:48:00;2020-05-12T18:22:58;41;FALSE;;;Government general debate: Covid-19;363;248;;;;;2020-05-12T17:48:53;2020-05-12T18:03:53;0.94
807;2020-06-30T19:16:00;2020-07-01T12:28:04;65;FALSE;;;Immigration and Social Security Co-ordination (EU Withdrawal) Bill: Third Reading;342;248;;;;;;;0.91
806;2020-06-30T18:53:00;2020-07-02T10:11:34;64;FALSE;;;Immigration and Social security Co-ordination (EU Withdrawal) Bill: Yvette Cooper's New Clause 29;255;332;;;;;;;0.90
805;2020-06-30T18:38:00;2020-06-30T20:48:29;63;FALSE;;;Immigration and Social Security Co-ordination (EU Withdrawal) Bill: Keir Starmer's New Clause 13;248;337;;;;;;;0.90
804;2020-06-30T18:21:00;2020-07-01T11:22:24;62;FALSE;;;Immigration and Social Security Co-ordination (EU Withdrawal) Bill: Mr David Davis's New Clause 7;252;332;;;;;;;0.90
803;2020-06-30T18:00:00;2020-06-30T21:10:53;61;FALSE;;;Immigration and Social Security Co-ordination (EU Withdrawal) Bill: Mr O'Hara's New Clause 1;247;344;;;;;;;0.91
802;2020-06-24T19:00:00;2020-06-25T10:05:08;60;FALSE;;;Opposition Motion: Testing of NHS and Social Care Staff;198;344;;;;;;;0.83
801;2020-06-24T12:59:00;2020-06-24T20:33:59;59;FALSE;;;Ten Minute Rule Motion: Demonstrations (Abortion Clinics) ;213;47;;;;;;;0.40
800;2020-06-23T18:03:00;2020-06-24T11:18:05;58;FALSE;;;Chris Bryant's amendment (a) to the motion on the independent expert panel;243;238;;;;;;;0.74
799;2020-06-17T18:01:00;2020-06-19T17:54:08;57;FALSE;;;New Clause 1: Divorce, Dissolution and Separation Bill [Lords] Committee Stage;31;400;;;;;;;0.66
798;2020-06-17T00:00:00;2020-06-17T16:54:22;56;TRUE;;;Abortion (Northern Ireland) (No. 2) Regulations 2020;253;136;;;;;;;0.60
797;2020-06-10T16:24:00;2020-06-10T17:59:32;55;FALSE;;;Children And Young Persons (Keir Starmer's Motion);123;260;;;;;;;0.59
796;2020-06-08T22:00:00;2020-06-10T13:54:41;54;FALSE;;;Divorce, Dissolution and Separation Bill [Lords]: Second Reading;231;16;;;;;;;0.38
795;2020-06-02T20:00:00;2020-06-02T21:06:02;53;FALSE;;;Parliamentary Constituencies Bill: Second Reading: Keir Starmer's Amdt;137;265;;;;;;;0.62
794;2020-06-02T16:26:00;2020-06-08T18:25:19;52;FALSE;;;Proceedings during the pandemic (No. 2);261;163;;;;;;;0.65
793;2020-06-02T15:40:00;2020-06-26T12:35:37;51;FALSE;;;Amendment (d) to Proceedings on the pandemic (No. 2);185;242;;;;;;;0.66
825;2020-07-21T17:57:00;2020-07-22T18:04:16;83;FALSE;;;Counter-Terrorism and Sentencing Bill: Report Stage: Amendment 30;189;335;;;;;;;0.81
823;2020-07-20T22:01:00;2020-07-21T11:14:40;82;FALSE;;;Trade Bill: Third Reading;335;243;;;;;;;0.89
824;2020-07-20T21:44:00;2020-07-22T14:04:13;81;FALSE;;;Trade Bill: Report Stage: Amendment 10;244;345;;;;;;;0.91
822;2020-07-20T21:28:00;2020-07-22T14:04:27;80;FALSE;;;Trade Bill: Report Stage New Clause 17;251;340;;;;;;;0.91
821;2020-07-20T21:14:00;2020-07-22T14:05:29;79;FALSE;;;Trade Bill: Report Stage: New Clause 11;251;337;;;;;;;0.90
820;2020-07-20T21:00:00;2020-07-21T12:11:25;78;FALSE;;;Trade Bill: Report Stage New Clause 4;263;326;;;;;;;0.91
819;2020-07-15T18:59:00;2020-07-16T08:33:57;77;FALSE;;;Opposition Day: SNP motion on covid-19 and future UK-EU relationship;57;321;;;;;;;0.58
818;2020-07-14T18:31:00;2020-07-15T12:35:36;76;FALSE;;;Parliamentary Constituencies Bill Report Stage: Amendment 1;237;339;;;;;;;0.89
817;2020-07-14T18:16:00;2020-07-22T14:04:50;75;FALSE;;;Parliamentary Constituencies Bill Report Stage: New Clause 2;50;339;;;;;;;0.60
816;2020-07-14T18:00:00;2020-07-17T10:50:33;74;FALSE;;;Parliamentary Constituencies Bill Report Stage: New Clause 1;246;342;;;;;;;0.90
815;2020-07-06T21:17:00;2020-07-07T11:50:23;73;FALSE;;;Domestic Abuse Bill Report Stage: New Clause 23;200;338;;;;;;;0.83
814;2020-07-06T21:01:00;2020-07-07T11:14:06;72;FALSE;;;Domestic Abuse Bill: Report Stage: New Clause 22;207;330;;;;;;;0.83
813;2020-07-01T21:15:00;2020-07-06T21:37:16;71;FALSE;;;Finance Bill: Report Stage: Amendment 20;254;317;;;;;;;0.88
812;2020-07-01T21:00:00;2020-07-09T11:09:47;70;FALSE;;;Finance Bill: Report Stage: New Clause 1;252;321;;;;;;;0.88
811;2020-07-01T20:45:00;2020-07-01T22:44:47;69;FALSE;;;Finance Bill: Report Stage: New Clause 26;241;339;;;;;;;0.89
810;2020-07-01T18:44:00;2020-07-01T22:55:56;68;FALSE;;;Finance Bill: Report Stage: New Clause 28;246;342;;;;;;;0.90
809;2020-07-01T16:41:00;2020-07-01T20:22:49;67;FALSE;;;Finance Bill: Report Stage: Amendment 18;248;340;;;;;;;0.90
808;2020-07-01T14:20:00;2020-07-01T18:20:05;66;FALSE;;;Ten Minute Rule Motion: Prime Minister (Nomination) and Cabinet (Appointment);55;115;;;;;;;0.26
866;2020-09-30T19:09:00;2020-10-09T13:50:41;124;FALSE;;;Town and Country Planning (General Permitted Development) (England) (Amendment) (No. 3) Order 2020 (S.I., 2020, No. 756) (Motion to annul);205;333;;;;;;;0.83
865;2020-09-30T18:55:00;2020-10-09T13:50:17;123;FALSE;;;Town and Country Planning (General Permitted Development) (England) (Amendment) (No. 2) Order 2020 (S.I., 2020, No. 755) (Motion to annul);207;329;;;;;;;0.82
864;2020-09-30T18:40:00;2020-10-09T13:49:44;122;FALSE;;;Town and Country Planning (Permitted Development and Miscellaneous Amendments) (England) (Coronavirus) Regulations 2020 (S.I., 2020, No. 632) (Motion to revoke);208;329;;;;;;;0.83
863;2020-09-30T16:51:00;2020-09-30T17:51:36;121;FALSE;;;Coronavirus Act 2020 (Review of Temporary Provisions) Motion ;330;24;;;;;;;0.54
862;2020-09-30T00:00:00;2020-09-30T17:15:26;120;TRUE;;;Draft Restriction of Public Sector Exit Payments Regulations 2020;347;249;;;;;;;0.92
861;2020-09-30T00:00:00;2020-09-30T17:14:58;119;TRUE;;;Draft Immigration (Health Charge) (Amendment) Order 2020;348;250;;;;;;;0.92
860;2020-09-29T20:21:00;2020-09-30T19:21:52;118;FALSE;;;UK Internal Market Bill: Third Reading;340;256;;;;;;;0.92
859;2020-09-29T20:05:00;2020-09-30T13:12:10;117;FALSE;;;UK Internal Market Bill Third Reading: Ian Blackford's Amendment;256;348;;;;;;;0.93
858;2020-09-29T18:51:00;2020-09-30T13:09:43;116;FALSE;;;UK Internal Markets Bill Report Stage: Amendment 16;256;354;;;;;;;0.94
857;2020-09-29T18:36:00;2020-09-29T20:24:41;115;FALSE;;;UK Internal Market Bill Report Stage: New Clause 7;264;342;;;;;;;0.93
856;2020-09-29T18:21:00;2020-09-30T13:07:03;114;FALSE;;;UK Internal Market Bill: Report Stage--New Clause 6 ;258;351;;;;;;;0.94
855;2020-09-29T18:04:00;2020-09-30T13:14:18;113;FALSE;;;UK Internal Market Bill Report Stage: New Clause 1;256;350;;;;;;;0.93
854;2020-09-23T18:59:00;2020-09-24T10:23:46;112;FALSE;;;Overseas Operations (Service Personnel and Veterans) Bill: Second Reading;331;77;;;;;;;0.63
853;2020-09-23T00:00:00;2020-09-23T19:17:54;111;TRUE;;;The Health Protection (Coronavirus, Restrictions) (Blackburn with Darwen and Bradford) (Amendment) (No. 2) Regulations 2020;332;1;;;;;;;0.51
852;2020-09-23T00:00:00;2020-09-23T19:18:11;110;TRUE;;;The Health Protection (Coronavirus) (Restrictions on Holding of Gatherings and Amendment) (England) Regulations 2020;332;5;;;;;;;0.52
851;2020-09-23T00:00:00;2020-09-23T19:18:48;109;TRUE;;;The Health Protection (Coronavirus, Wearing of Face Coverings in a Relevant Place and on Public Transport) (England) (Amendment) Regulations 2020;334;6;;;;;;;0.52
850;2020-09-23T00:00:00;2020-09-23T19:19:14;108;TRUE;;;The Health Protection (Coronavirus, Restrictions) (Blackburn with Darwen and Bradford) (Amendment) Regulations 2020;335;1;;;;;;;0.52
849;2020-09-23T00:00:00;2020-09-23T19:19:32;107;TRUE;;;The Health Protection (Coronavirus, Wearing of Face Coverings in a Relevant Place) (England) (Amendment) (No. 2) Regulations 2020;335;6;;;;;;;0.52
848;2020-09-23T00:00:00;2020-09-23T19:20:02;106;TRUE;;;The Health Protection (Coronavirus, Restrictions) (No. 2) (England) (Amendment) (No. 3) Regulations 2020;340;1;;;;;;;0.52
847;2020-09-23T00:00:00;2020-09-23T19:20:23;105;TRUE;;;The Health Protection (Coronavirus, Wearing of Face Coverings in a Relevant Place) (England) (Amendment) Regulations 2020;337;6;;;;;;;0.53
846;2020-09-22T18:38:00;2020-09-22T19:44:43;104;FALSE;;;United Kingdom Internal Market Bill: Committee of the Whole House: Amendment 9;63;350;;;;;;;0.64
844;2020-09-21T23:31:00;2020-09-22T13:16:44;103;FALSE;;;United Kingdom Internal Market Bill: Committee of the Whole House Clause 45, as amended, and Clause 50 Stand Part;338;254;;;;;;;0.91
845;2020-09-21T23:16:00;2020-09-22T13:17:10;102;FALSE;;;United Kingdom Internal Market Bill: Committee of the whole House: Clauses 42 (as amended) to 44 stand part;332;257;;;;;;;0.91
843;2020-09-21T22:59:00;2020-09-21T23:37:47;101;FALSE;;;United Kingdom Internal Market Bill: Committee of the Whole House Amendment 68;6;350;;;;;;;0.55
842;2020-09-21T22:44:00;2020-09-22T00:00:35;100;FALSE;;;United Kingdom Internal Market Bill: Committee of the whole House: Amendment 41;255;346;;;;;;;0.92
841;2020-09-16T20:36:00;2020-09-17T12:37:31;99;FALSE;;;UK Internal Market Bill Committee of the whole House: Amdt 14;208;330;;;;;;;0.83
840;2020-09-16T20:03:00;2020-09-17T12:37:06;98;FALSE;;;UK Internal Market Bill Committee of the whole House: Clause 46 stand part;340;51;;;;;;;0.60
839;2020-09-15T18:13:00;2020-09-16T16:17:39;97;FALSE;;;UK Internal Market Bill Committee of the whole House: New Clause 2;195;356;;;;;;;0.85
838;2020-09-15T17:58:00;2020-09-15T18:53:33;96;FALSE;;;UK Internal Market Bill Committee of the whole House: Amendment 28;51;351;;;;;;;0.62
837;2020-09-14T22:30:00;2020-09-15T10:19:29;95;FALSE;;;United Kingdom Internal Market Bill: Money ;343;49;;;;;;;0.60
836;2020-09-14T22:15:00;2020-09-15T18:28:33;94;FALSE;;;United Kingdom Internal Market Bill: Second Reading;340;263;;;;;;;0.93
835;2020-09-14T22:00:00;2020-09-14T23:08:57;93;FALSE;;;Sir Keir Starmer's reasoned amendment to the Second Reading of the United Kingdom Internal Market Bill;213;349;;;;;;;0.86
834;2020-09-11T09:35:00;2020-09-11T10:09:06;92;FALSE;;;Motion to sit in private ;0;76;;;;;;;0.12
833;2020-09-09T18:59:00;2020-09-16T12:09:10;91;FALSE;;;Opposition Day: Role of Ministers in the awarding of qualifications;237;327;;;;;;;0.87
832;2020-09-09T16:16:00;2020-09-11T10:43:29;90;FALSE;;;Opposition Day: protection of jobs and businesses: Prime Minister's amendment;320;9;;;;;;;0.51
831;2020-09-09T16:00:00;2020-09-11T10:43:46;89;FALSE;;;Opposition Day: protection of jobs and businesses;249;329;;;;;;;0.89
830;2020-09-08T17:06:00;2020-09-09T09:46:11;88;FALSE;;;Extradition (Provisional Arrest) Bill [Lords]: Report Stage: Government Amendment 14;333;244;;;;;;;0.89
829;2020-09-08T16:47:00;2020-09-09T11:27:27;87;FALSE;;;Extradition (Provisional Arrest) Bill [Lords]: Report Stage: Government Amendment 13;333;241;;;;;;;0.88
828;2020-09-07T20:22:00;2020-09-14T17:20:33;86;FALSE;;;Fire Safety Bill Report Stage: New Clause 1;188;318;;;;;;;0.78
827;2020-09-02T15:14:00;2020-09-02T17:55:59;85;FALSE;;;Ten Minute Rule Bill: Recall of MPs (Change of Party Affiliation);55;52;;;;;;;0.16
826;2020-09-01T21:54:00;2020-09-02T11:57:54;84;FALSE;;;Fisheries Bill [Lords]: Mr Blackford's reasoned amendment on Second Reading;49;326;;;;;;;0.58
897;2020-10-23T09:33:00;2020-10-23T11:11:26;155;FALSE;;;Private Sitting (Standing Order 163);0;48;;;;;;;0.07
896;2020-10-21T18:59:00;2020-10-22T10:08:01;154;FALSE;;;Opposition Motion: Free School Meals;261;322;;;;;;;0.90
895;2020-10-21T16:15:00;2020-10-22T10:16:40;153;FALSE;;;Opposition Motion: Additional Covid-19 Restrictions: Fair Economic Support;261;340;;;;;;;0.92
894;2020-10-21T00:00:00;2020-10-21T19:16:32;152;TRUE;;;The draft Community Infrastructure Levy (Amendment) (England) (no. 2) Regulations 2020;324;188;;;;;;;0.79
893;2020-10-21T00:00:00;2020-10-21T19:16:13;151;TRUE;;;The Health Protection (Coronavirus, Restrictions) (North of England, North East and North West of England and Obligations of Undertakings (England) etc.) (Amendment) Regulations 2020;332;4;;;;;;;0.52
892;2020-10-21T00:00:00;2020-10-21T19:16:01;150;TRUE;;;The Health Protection (Coronavirus, Restrictions) (Self-Isolation) (England) Regulations 2020;333;1;;;;;;;0.51
891;2020-10-21T00:00:00;2020-10-21T19:15:45;149;TRUE;;;The Corporate Insolvency and Governance Act 2020 (Coronavirus) (Extension of the Relevant Period) Regulations 2020;353;0;;;;;;;0.54
890;2020-10-21T00:00:00;2020-10-21T19:15:17;148;TRUE;;;The draft Citizens' Rights (Application Deadline and Temporary Protection) (EU Exit) Regulations 2020;343;237;;;;;;;0.89
889;2020-10-19T21:58:00;2020-10-19T22:59:25;147;FALSE;;;Immigration and Social Security Co-ordination (EU Withdrawal) Bill: Motion to Disagree with Lords Amendment 6;328;264;;;;;;;0.91
888;2020-10-19T21:44:00;2020-10-19T22:58:56;146;FALSE;;;Immigration and Social Security Co-ordination (EU Withdrawal) Bill: Motion to Disagree with Lords Amendment 5;331;260;;;;;;;0.91
887;2020-10-19T21:30:00;2020-10-19T22:19:30;145;FALSE;;;Immigration and Social Security Co-ordination (EU Withdrawal) Bill: Motion to disagree with Lords Amendment 4;327;264;;;;;;;0.91
886;2020-10-19T21:16:00;2020-10-20T11:29:55;144;FALSE;;;Immigration and Social Security Co-ordination (EU Withdrawal) Bill: Motion to Disagree with Lords Amendment 3;330;262;;;;;;;0.91
885;2020-10-19T21:00:00;2020-10-19T21:29:47;143;FALSE;;;Immigration and Social Security Co-ordination (EU Withdrawal) Bill: Motion to Disagree with Lords Amendment 1;335;254;;;;;;;0.91
884;2020-10-15T17:02:00;2020-10-15T18:02:49;142;FALSE;;;Covert Human Intelligence Sources (Criminal Conduct) Bill: Third Reading;313;98;;;;;;;0.63
883;2020-10-15T16:46:00;2020-10-15T18:03:18;141;FALSE;;;Covert Human Intelligence Sources (Criminal Conduct) Bill: Committee of the whole House: New Clause 4;255;314;;;;;;;0.88
882;2020-10-15T16:31:00;2020-10-15T18:03:49;140;FALSE;;;Covert Human Intelligence Sources  (Criminal Conduct) Bill Committee of the Whole House: Amendment 16;65;311;;;;;;;0.58
881;2020-10-15T16:15:00;2020-10-15T18:04:04;139;FALSE;;;Covert Human Intelligence Sources (Criminal Conduct) Bill: Committee of the whole House: Amendment 8;256;316;;;;;;;0.88
880;2020-10-15T16:00:00;2020-10-15T18:04:18;138;FALSE;;;Covert Human Intelligence Sources  (Criminal Conduct) Bill: Committee of the Whole House: Amendment 7;256;317;;;;;;;0.88
879;2020-10-14T18:59:00;2020-10-15T09:12:08;137;FALSE;;;Opposition Motion: Local Contact Tracing;258;338;;;;;;;0.92
878;2020-10-14T15:57:00;2020-10-14T20:36:44;136;FALSE;;;Opposition Motion: Covid-19 Economic Support Package;261;338;;;;;;;0.92
877;2020-10-13T21:48:00;2020-10-14T10:00:00;135;FALSE;;;Fisheries Bill [Lords]: Report Stage: Amendment 3;197;331;;;;;;;0.81
873;2020-10-13T21:33:00;2020-10-14T09:59:08;134;FALSE;;;Fisheries Bill [Lords]: Report stage: Amendment 1;196;335;;;;;;;0.82
876;2020-10-13T21:17:00;2020-10-13T21:56:28;133;FALSE;;;Fisheries Bill [Lords]: Report Stage: New Clause 3;65;335;;;;;;;0.62
874;2020-10-13T18:03:00;2020-10-13T18:42:50;132;FALSE;;;Motion to approve the Health Protection (Coronavirus, Restrictions)(No.2) (England) (Amendment) (No. 5) Regulations 2020 (S.I., 2020, No. 1029);299;82;;;;;;;0.59
875;2020-10-13T14:03:00;2020-10-13T16:54:41;131;FALSE;;;Business of the House (13 October);317;181;;;;;;;0.77
872;2020-10-12T21:32:00;2020-10-13T16:53:18;130;FALSE;;;Agriculture Bill: Lords Amendments Motion to disagree with LA17;344;206;;;;;;;0.85
871;2020-10-12T21:16:00;2020-10-13T18:53:09;129;FALSE;;;Consideration of Lords Amendment 16: Agriculture Bill;332;279;;;;;;;0.94
870;2020-10-12T21:01:00;2020-10-12T23:17:55;128;FALSE;;;Agriculture Bill Lords Amendments: Motion to disagree with LA11;347;212;;;;;;;0.86
869;2020-10-06T18:25:00;2020-10-07T15:26:01;127;FALSE;;;Health Protection (Coronavirus, Restrictions) (No. 2) (England) (Amendment) (No.4) Regulations 2020 (S.I. 2020, No. 986);287;17;;;;;;;0.47
868;2020-10-06T16:20:00;2020-10-07T09:50:23;126;FALSE;;;Private International Law (Implementation of Agreements) Bill [Lords]: Committee: New Clause 5;324;175;;;;;;;0.77
867;2020-10-05T21:42:00;2020-10-06T10:35:49;125;FALSE;;;Covert Human Intelligence Sources (Criminal Conduct) Bill: Second Reading;182;20;;;;;;;0.31
915;2020-11-25T00:00:00;2020-11-26T12:16:19;173;TRUE;;;Draft European Union (Withdrawal) Act 2018 (Relevant Court) (Retained EU Case Law) Regulations 2020;356;261;;;;;;;0.95
914;2020-11-17T18:38:00;2020-11-25T09:35:47;172;FALSE;;;Draft Road Vehicle Carbon Dioxide Emission Performance Standards (Cars and Vans) (Amendment) (EU Exit) Regulations 2020;361;245;;;;;;;0.93
913;2020-11-16T21:30:00;2020-12-01T16:15:41;171;FALSE;;;Pension Schemes Bill [Lords]: Report Stage: Amendment 16;256;356;;;;;;;0.94
912;2020-11-16T21:17:00;2020-12-01T16:14:57;170;FALSE;;;Pension Schemes Bill [Lords]: Report Stage: Amendment 1;257;356;;;;;;;0.94
911;2020-11-16T21:04:00;2020-12-01T16:14:08;169;FALSE;;;Pension Schemes Bill [Lords]: Report Stage: New Clause 4;262;349;;;;;;;0.94
910;2020-11-16T20:51:00;2020-12-01T16:13:25;168;FALSE;;;Pension Schemes Bill [Lords]: Report Stage: New Clause 1;262;351;;;;;;;0.94
909;2020-11-10T19:58:00;2020-11-11T10:40:38;167;FALSE;;;Appointment of a member to the Committee on Standards: Amendment (a);261;334;;;;;;;0.92
908;2020-11-10T18:12:00;2020-12-07T20:17:58;166;FALSE;;;Parliamentary Constituencies Bill: Lords Amendment 8 Motion to disagree ;346;266;;;;;;;0.94
907;2020-11-10T17:58:00;2020-12-07T20:17:16;165;FALSE;;;Parliamentary Constituencies Bill: Lords Amendment 7 Motion to disagree;345;266;;;;;;;0.94
906;2020-11-10T17:45:00;2020-12-07T20:16:37;164;FALSE;;;Parliamentary Constituencies Bill: Lords Amendment 6 Motion to disagree;352;263;;;;;;;0.95
905;2020-11-10T17:31:00;2020-12-07T20:16:08;163;FALSE;;;Parliamentary Constituencies Bill: Lords Amendment 1 Motion to disagree ;348;268;;;;;;;0.95
904;2020-11-04T18:30:00;2020-12-01T16:00:11;162;FALSE;;;Immigration and Social Security Co-ordination (Etc.) Bill: Lords Amendment 4B Motion to disagree;333;264;;;;;;;0.92
903;2020-11-04T17:16:00;2020-12-01T15:59:26;161;FALSE;;;Agriculture Bill: Lords Amendment 16B Motion to disagree;331;272;;;;;;;0.93
902;2020-11-04T15:59:00;2020-11-06T14:56:30;160;FALSE;;;Health Protection (Coronavirus, Restrictions) (England) (No.4) Regulations 2020;516;38;;;;;;;0.85
901;2020-11-03T19:00:00;2020-12-01T15:53:37;159;FALSE;;;Overseas Operations (Service Personnel and Veterans) Bill: Third Reading;345;260;;;;;;;0.93
900;2020-11-03T18:31:00;2020-12-01T15:48:19;158;FALSE;;;Overseas Operations (Service Personnel and Veterans) Bill: Report stage: Amendment 1;269;334;;;;;;;0.93
899;2020-11-03T18:17:00;2020-12-01T15:47:38;157;FALSE;;;Overseas Operations (Service Personnel and Veterans) Bill: Report stage: Amendment 32;262;335;;;;;;;0.92
898;2020-11-03T18:00:00;2020-12-01T15:46:57;156;FALSE;;;Overseas Operations (Service Personnel and Veterans) Bill: Report Stage: New Clause 5;266;336;;;;;;;0.93
934;2020-12-30T22:00:00;2021-01-04T10:34:00;192;FALSE;;;Sittings of the House;335;212;;;;;;;0.84
933;2020-12-30T14:45:00;2020-12-30T15:33:14;191;FALSE;;;European Union (Future Relationship) Bill: Third Reading ;521;73;;;;;;;0.91
932;2020-12-30T14:30:00;2020-12-30T15:12:24;190;FALSE;;;European Union (Future Relationship) Bill: Second Reading;521;73;;;;;;;0.91
931;2020-12-30T09:42:00;2020-12-30T13:53:42;189;FALSE;;;European Union (Future Relationship) Bill: Business of the House motion: Ian Blackford's amendment;60;362;;;;;;;0.65
930;2020-12-15T16:56:00;2020-12-15T17:47:48;188;FALSE;;;Taxation (Post-transition Period) Bill: Report Stage: New Clause 3;263;364;;;;;;;0.96
929;2020-12-15T15:07:00;2020-12-15T15:48:42;187;FALSE;;;UK Internal Market Bill: motion to disagree to Lords Amendments 1F, 1G, 1H, 1K, 1L and 8M;362;262;;;;;;;0.96
928;2020-12-10T14:59:00;2020-12-10T16:03:00;186;FALSE;;;UK Internal Market Bill: motion to disagree to Lords Amendments 48B and 48C;358;260;;;;;;;0.95
927;2020-12-10T14:45:00;2020-12-10T16:38:40;185;FALSE;;;UK Internal Market Bill: motion to agree Lords Amendments 8B, 8C, 8D, 8F, 8G, 8H, 8J and 8K, disagree to 8L, insist on disagreement to 13 and 56, and make Amendment (a) in lieu of 8L, 13 and 56;357;259;;;;;;;0.95
926;2020-12-10T14:33:00;2020-12-10T16:02:16;184;FALSE;;;UK Internal Market Bill: motion to disagree to Lords Amendments 1B, 1C and 1D;356;259;;;;;;;0.95
925;2020-12-09T17:54:00;2020-12-10T15:53:48;183;FALSE;;;Immigration and Social Security Co-ordination (EU Withdrawal) Act 2020 (Consequential, Saving, Transitional and Transitory Provisions) (EU Exit) Regulations 2020;355;258;;;;;;;0.94
924;2020-12-09T17:41:00;2020-12-10T10:46:24;182;FALSE;;;Taxation (Post-transition Period) Bill: Committee of the whole House: Amendment 1;257;350;;;;;;;0.93
923;2020-12-08T17:40:00;2020-12-09T11:26:47;181;FALSE;;;Financial Assistance to Industry;360;16;;;;;;;0.58
922;2020-12-08T17:22:00;2020-12-08T17:59:24;180;FALSE;;;Northern Ireland (Ways and Means): Keir Starmer's Amendment;264;360;;;;;;;0.96
921;2020-12-07T21:34:00;2020-12-07T22:05:16;179;FALSE;;;United Kingdom Internal Market Bill: Lords Amendment 48 Motion to disagree;359;55;;;;;;;0.64
920;2020-12-07T21:24:00;2020-12-08T10:31:07;178;FALSE;;;United Kingdom Internal Market Bill: Lords Amendment 47 Motion to disagree;;357;268;;;;;;0.55
919;2020-12-07T21:07:00;2020-12-07T22:24:35;177;FALSE;;;United Kingdom Internal Market Bill: Lords Amendment 12 Motion to disagree;360;265;;;;;;;0.96
918;2020-12-07T20:55:00;2020-12-07T21:40:06;176;FALSE;;;United Kingdom Internal Market Bill: Lords Amendment 1 Motion to disagree;359;265;;;;;;;0.96
917;2020-12-02T00:00:00;2020-12-02T15:08:09;175;TRUE;;;Draft Veterinary Medicines and Residues (Amendment) (EU Exit) Regulations 2020;362;202;;;;;;;0.87
916;2020-12-01T19:00:00;2020-12-01T19:51:03;174;FALSE;;;Health Protection (Coronavirus, Restrictions) (All Tiers) (England) Regulations 2020;291;78;;;;;;;0.57
965;2021-01-27T19:12:00;2021-01-27T19:26:10;223;FALSE;;;Covert Human Intelligence Sources (Criminal Conduct) Bill: Lords Amendment 4: Motion to Disagree;361;267;;;;;;;0.97
964;2021-01-27T19:02:00;2021-01-27T19:20:19;222;FALSE;;;Covert Human Intelligence Sources (Criminal Conduct) Bill: Amendment (b) to Lords Amendment 5;366;265;;;;;;;0.97
963;2021-01-27T18:51:00;2021-01-27T19:04:56;221;FALSE;;;Covert Human Intelligence Sources (Criminal Conduct) Bill: Lords Amendment 3: Motion to Disagree;367;265;;;;;;;0.97
962;2021-01-27T18:41:00;2021-01-27T18:55:51;220;FALSE;;;Covert Human Intelligence Sources (Criminal Conduct) Bill: Lords Amendment 2: Motion to Disagree;363;267;;;;;;;0.97
961;2021-01-27T18:30:00;2021-01-27T18:54:34;219;FALSE;;;Covert Human Intelligence Sources (Criminal Conduct) Bill: Lords Amendment 1: Motion to Disagree;367;265;;;;;;;0.97
960;2021-01-27T00:00:00;2021-01-27T15:42:04;218;TRUE;;;Draft West Yorkshire Combined Authority (Election of Mayor and Functions) Order 2021;553;2;;;;;;;0.85
959;2021-01-26T20:45:00;2021-01-26T21:12:47;217;FALSE;;;Environment Bill: Report Stage: Amendment 24;227;357;;;;;;;0.90
958;2021-01-26T18:16:00;2021-01-26T18:54:36;216;FALSE;;;Environment Bill: Report Stage: Amendment 39;221;366;;;;;;;0.90
957;2021-01-26T18:04:00;2021-01-26T18:48:56;215;FALSE;;;Environment Bill Report Stage: Amendment 25;227;354;;;;;;;0.89
956;2021-01-26T17:54:00;2021-01-26T18:18:43;214;FALSE;;;Environment Bill: Report Stage: New Clause 5;217;360;;;;;;;0.89
955;2021-01-26T17:43:00;2021-01-26T18:16:59;213;FALSE;;;Environment Bill Report Stage: New Clause 1;266;366;;;;;;;0.97
954;2021-01-25T21:59:00;2021-01-25T22:24:25;212;FALSE;;;Opposition day: Employment rights: Government plans;263;0;;;;;;;0.40
953;2021-01-25T19:00:00;2021-01-25T19:40:44;211;FALSE;;;Opposition Day: Council tax: Government's proposed increase;210;0;;;;;;;0.32
952;2021-01-20T17:34:00;2021-01-21T09:57:17;210;FALSE;;;National Security and Investment Bill: Report NC7;265;355;;;;;;;0.95
951;2021-01-20T17:20:00;2021-01-20T18:38:26;209;FALSE;;;National Security and Investment Bill: Report NC6;263;355;;;;;;;0.95
950;2021-01-20T17:10:00;2021-01-21T09:30:18;208;FALSE;;;National Security and Investment Bill: Report NC4;269;351;;;;;;;0.95
949;2021-01-19T19:19:00;2021-01-19T19:54:32;207;FALSE;;;Trade Bill: motion to disagree to Lords Amendment 8;357;274;;;;;;;0.97
948;2021-01-19T19:08:00;2021-01-19T19:59:45;206;FALSE;;;Trade Bill: motion to disagree with Lords amendment 7;355;267;;;;;;;0.96
947;2021-01-19T18:58:00;2021-01-19T19:59:23;205;FALSE;;;Trade Bill: motion to disagree to Lords Amendment 6;353;270;;;;;;;0.96
946;2021-01-19T18:47:00;2021-01-19T19:57:58;204;FALSE;;;Trade Bill: motion to disagree to Lords Amendment 5;364;266;;;;;;;0.97
945;2021-01-19T18:37:00;2021-01-19T20:20:35;203;FALSE;;;Trade Bill: motion to disagree to Lords Amendment 4;357;266;;;;;;;0.96
944;2021-01-19T18:27:00;2021-01-19T19:52:35;202;FALSE;;;Trade Bill: motion to disagree to Lords Amendment 3;319;308;;;;;;;0.96
943;2021-01-19T18:17:00;2021-01-19T19:51:24;201;FALSE;;;Trade Bill: motion to disagree to Lords Amendment 2;364;267;;;;;;;0.97
942;2021-01-19T18:06:00;2021-01-19T19:50:08;200;FALSE;;;Trade Bill: Government amendment (a) to Lords Amendment 10;365;265;;;;;;;0.97
941;2021-01-19T17:53:00;2021-01-19T20:17:58;199;FALSE;;;Trade Bill: motion to disagree to Lords Amendment 1;353;277;;;;;;;0.97
940;2021-01-18T21:59:00;2021-01-19T09:25:02;198;FALSE;;;Opposition Day: Access to remote education and the quality of free school meals;272;0;;;;;;;0.42
939;2021-01-18T19:12:00;2021-01-18T19:57:37;197;FALSE;;;Opposition Day: Universal Credit and Working Tax Credit;278;0;;;;;;;0.43
938;2021-01-13T18:22:00;2021-01-13T18:57:35;196;FALSE;;;Financial Services Bill Report Stage: Amendment 1;263;359;;;;;;;0.96
937;2021-01-13T18:12:00;2021-01-13T19:03:18;195;FALSE;;;Financial Services Bill Report Stage: New Clause 21;265;355;;;;;;;0.95
936;2021-01-13T18:00:00;2021-01-13T19:05:50;194;FALSE;;;Financial Services Bill Report Stage: New Clause 7;265;355;;;;;;;0.95
935;2021-01-06T19:00:00;2021-01-06T19:38:31;193;FALSE;;;Public Health (S.I. No. 8);524;16;;;;;;;0.83
977;2021-02-24T19:52:00;2021-02-24T20:42:19;235;FALSE;;;Telecommunications Infrastructure (Leasehold Property) Bill: motion to disagree to Lords Amendment 3;365;264;;;;;;;0.97
976;2021-02-24T17:47:00;2021-02-24T18:16:19;234;FALSE;;;Fire Safety Bill: motion to disagree to Lords Amendment 4;340;225;;;;;;;0.87
975;2021-02-24T17:36:00;2021-02-24T17:58:22;233;FALSE;;;Fire Safety Bill: motion to disagree to Lords Amendment 2;345;226;;;;;;;0.88
974;2021-02-23T18:59:00;2021-02-23T19:33:23;232;FALSE;;;Opposition day: Supporting businesses and individuals through the coronavirus crisis;272;0;;;;;;;0.42
973;2021-02-23T15:59:00;2021-02-23T16:25:38;231;FALSE;;;Opposition day: The Government's Management of the Economy;253;0;;;;;;;0.39
972;2021-02-10T00:00:00;2021-02-10T16:17:10;230;TRUE;;;The Health Protection (Coronavirus, Restrictions) (All Tiers and Self-Isolation) (England) (Amendment) Regulations 2021 (SI 2021, No 97);526;24;;;;;;;0.85
971;2021-02-09T17:53:00;2021-02-09T19:30:13;229;FALSE;;;Trade Bill: motion to disagree to Lords Amendment 6B and propose amendments (a) to (c) in lieu;363;267;;;;;;;0.97
970;2021-02-09T17:45:00;2021-02-09T18:53:57;228;FALSE;;;Trade Bill: motion to disagree to Lords Amendment 2B and to Lords Amendment 3B and propose amendments (a) and (b) in lieu;318;303;;;;;;;0.96
969;2021-02-09T17:35:00;2021-02-09T18:29:45;227;FALSE;;;Trade Bill: motion to disagree to Lords Amendment 1B;351;276;;;;;;;0.96
968;2021-02-03T17:17:00;2021-02-03T18:31:39;226;FALSE;;;Exiting the European Union (Excise);74;353;;;;;;;0.66
967;2021-02-01T21:59:00;2021-02-01T22:15:08;225;FALSE;;;Opposition Day: Covid security at UK borders;262;0;;;;;;;0.40
966;2021-02-01T19:32:00;2021-02-01T19:52:17;224;FALSE;;;Opposition Day: Unsafe Cladding;263;0;;;;;;;0.40
988;2021-03-25T17:00:00;2021-03-26T09:41:56;246;FALSE;;; Coronavirus Act 2020 (Review of Temporary Provisions) (No.2);484;76;;;;;;;0.86
987;2021-03-22T21:02:00;2021-03-23T13:08:40;245;FALSE;;;Fire Safety Bill: motion to disagree with Lords Amendments 4B, 4C, 4D and 4E;322;253;;;;;;;0.88
986;2021-03-22T19:53:00;2021-03-22T21:39:02;244;FALSE;;;Trade Bill: motion to insist on Amendments 3C and 3D and disagree to Lords Amendment 3E;319;297;;;;;;;0.95
985;2021-03-22T19:41:00;2021-03-22T20:37:06;243;FALSE;;;Trade Bill: Amendment (a) to the motion to insist on Amendments 3C and 3D and disagree with Lords Amendment 3E;300;318;;;;;;;0.95
984;2021-03-17T18:59:00;2021-03-17T19:31:11;242;FALSE;;;Opposition day: The impact of the UK’s exit from the EU;65;361;;;;;;;0.66
983;2021-03-17T16:18:00;2021-03-17T19:16:22;241;FALSE;;;Government Amendment to the Opposition day debate on Scottish Parliamentary General Election and Scotland's constitutional future;369;55;;;;;;;0.65
982;2021-03-17T16:05:00;2021-03-18T15:31:59;240;FALSE;;;Opposition day: Scottish Parliamentary General Election and Scotland's constitutional future;53;362;;;;;;;0.64
981;2021-03-16T19:10:00;2021-03-17T09:30:56;239;FALSE;;;Police, Crime, Sentencing and Courts Bill: Second Reading;359;263;;;;;;;0.96
980;2021-03-16T18:59:00;2021-03-17T14:37:14;238;FALSE;;;Police, Crime, Sentencing and Courts Bill: Keir Starmer's Reasoned Amendment to Second Reading;225;359;;;;;;;0.90
979;2021-03-11T13:47:00;2021-03-11T15:27:55;237;FALSE;;;Contingencies Fund (No. 2) Bill Committee: New Clause 1;267;360;;;;;;;0.96
978;2021-03-09T19:01:00;2021-03-09T21:37:28;236;FALSE;;;Budget motion 5: Basic rate limit and personal allowance (future years);360;274;;;;;;;0.98
1025;2021-04-28T16:54:00;2021-04-28T17:32:43;283;FALSE;;;National Security and Investment Bill: motion to disagree with Lords Amendments 11B and 11C;358;269;;;;;;;0.96
1024;2021-04-28T16:34:00;2021-04-28T17:15:57;282;FALSE;;;Motion to revoke: Immigration (Guidance on Detention of Vulnerable Persons) Regulations 2021 (SI 2021 No. 184);270;358;;;;;;;0.97
1023;2021-04-28T14:37:00;2021-04-28T15:40:08;281;FALSE;;;Fire Safety Bill: motion to disagree with Lords Amendment 4L;322;256;;;;;;;0.89
1022;2021-04-27T18:00:00;2021-04-30T16:17:32;280;FALSE;;;Abortion (Northern Ireland) Regulations 2021;431;89;;;;;;;0.80
1021;2021-04-27T16:30:00;2021-04-27T16:50:39;279;FALSE;;;Overseas Operations (Service Personnel and Veterans) Bill: motion to disagree with Lords amendment 5B;357;267;;;;;;;0.96
1020;2021-04-27T15:19:00;2021-04-28T09:42:31;278;FALSE;;;Fire Safety Bill: motion to disagree with Lords Amendment 4J;320;256;;;;;;;0.89
1019;2021-04-26T23:46:00;2021-04-27T08:51:16;277;FALSE;;;National Security and Investment Bill: motion to disagree with Lords Amendment 11;366;260;;;;;;;0.96
1018;2021-04-26T22:35:00;2021-04-26T23:09:17;276;FALSE;;;Domestic Abuse Bill: motion to disagree with Lords Amendments 42D, 42E and 42F;351;227;;;;;;;0.89
1017;2021-04-26T22:27:00;2021-04-26T22:44:04;275;FALSE;;;Domestic Abuse Bill: motion to disagree with Lords Amendment 41B;352;270;;;;;;;0.96
1016;2021-04-26T22:19:00;2021-04-26T22:33:43;274;FALSE;;;Domestic Abuse Bill: motion to disagree with Lords Amendments 40B and 40C;350;270;;;;;;;0.95
1015;2021-04-26T22:08:00;2021-04-26T22:30:48;273;FALSE;;;Domestic Abuse Bill: motion to disagree with Lords Amendment 9B;352;219;;;;;;;0.88
1014;2021-04-26T20:58:00;2021-04-27T08:51:31;272;FALSE;;;Financial Services Bill: motion to disagree with Lords Amendment 8;355;271;;;;;;;0.96
1013;2021-04-21T16:49:00;2021-04-21T17:02:59;271;FALSE;;;Overseas Operations (Service Personnel and Veterans) Bill: motion to disagree with Lords Amendment 5;357;266;;;;;;;0.96
1012;2021-04-21T16:41:00;2021-04-21T16:59:44;270;FALSE;;;Overseas Operations (Service Personnel and Veterans) Bill: motion to disagree with Lords Amendment 4;357;268;;;;;;;0.96
1011;2021-04-21T16:30:00;2021-04-22T10:08:05;269;FALSE;;;Overseas Operations (Service Personnel and Veterans) Bill: motion to disagree with Lords Amendment 2;365;258;;;;;;;0.96
1010;2021-04-20T17:13:00;2021-04-21T10:08:43;268;FALSE;;;Finance (No. 2) Bill Committee: Amendment 81;214;364;;;;;;;0.89
1009;2021-04-20T16:19:00;2021-04-20T17:02:32;267;FALSE;;;Finance (No. 2) Bill Committee: New Clause 29;261;366;;;;;;;0.96
1008;2021-04-19T23:08:00;2021-04-19T23:30:01;266;FALSE;;;Finance Bill Committee: New Clause 25;260;366;;;;;;;0.96
1007;2021-04-19T21:33:00;2021-04-19T23:09:32;265;FALSE;;;Finance Bill Committee: New Clause 24;260;365;;;;;;;0.96
1006;2021-04-19T21:22:00;2021-04-19T23:08:55;264;FALSE;;;Finance Bill Committee: Amendment 79;260;365;;;;;;;0.96
1005;2021-04-19T19:43:00;2021-04-19T21:56:10;263;FALSE;;;Finance Bill Committee: New Clause 23;269;358;;;;;;;0.96
1004;2021-04-19T19:34:00;2021-04-19T20:40:06;262;FALSE;;;Finance Bill Committee: New Clause 10;261;367;;;;;;;0.97
1003;2021-04-19T19:23:00;2021-04-20T11:17:16;261;FALSE;;;Finance Bill Committee: Clause 5 Stand Part;356;224;;;;;;;0.89
1002;2021-04-15T16:59:00;2021-04-19T12:38:54;260;FALSE;;;Domestic Abuse Bill: Motion to disagree with Lords Amendment 43;352;226;;;;;;;0.89
1001;2021-04-15T16:52:00;2021-04-19T12:38:20;259;FALSE;;;Domestic Abuse Bill: Motion to disagree with Lords Amendment 42;351;226;;;;;;;0.89
1000;2021-04-15T16:44:00;2021-04-19T12:38:08;258;FALSE;;;Domestic Abuse Bill: Motion to disagree with Lords Amendment 41;352;270;;;;;;;0.96
999;2021-04-15T16:37:00;2021-04-19T12:37:54;257;FALSE;;;Domestic Abuse Bill: Motion to disagree with Lords Amendment 40;350;270;;;;;;;0.95
998;2021-04-15T16:30:00;2021-04-19T12:37:39;256;FALSE;;;Domestic Abuse Bill: Motion to disagree with Lords Amendment 38;362;217;;;;;;;0.89
997;2021-04-15T16:23:00;2021-04-19T12:37:17;255;FALSE;;;Domestic Abuse Bill: Motion to disagree with Lords Amendment 37;362;217;;;;;;;0.89
996;2021-04-15T16:16:00;2021-04-19T12:36:55;254;FALSE;;;Domestic Abuse Bill: Motion to disagree with Lords Amendment 33;361;218;;;;;;;0.89
995;2021-04-15T16:08:00;2021-04-19T12:36:37;253;FALSE;;;Domestic Abuse Bill: Motion to disagree with Lords Amendment 9;352;222;;;;;;;0.88
994;2021-04-15T15:57:00;2021-04-19T12:36:14;252;FALSE;;;Domestic Abuse Bill: Motion to disagree with Lords Amendment 1;360;221;;;;;;;0.89
993;2021-04-14T18:59:00;2021-04-14T19:22:48;251;FALSE;;;Opposition day: Strength of the UK's Armed Forces;256;357;;;;;;;0.94
992;2021-04-14T16:00:00;2021-04-14T16:32:52;250;FALSE;;;Opposition day: Lobbying of Government Committee;262;357;;;;;;;0.95
991;2021-04-14T12:42:00;2021-04-14T13:29:15;249;FALSE;;;Ten Minute Rule Motion: NHS Pay Award (Report);222;0;;;;;;;0.34
990;2021-04-13T20:36:00;2021-04-13T21:14:23;248;FALSE;;;Finance (No. 2) Bill: Second Reading;358;262;;;;;;;0.95
989;2021-04-13T20:26:00;2021-04-14T10:59:54;247;FALSE;;;Finance (No. 2) Bill: Keir Starmer's Reasoned Amendment to Second Reading ;268;358;;;;;;;0.96
1043;2021-05-26T17:31:00;2021-06-08T09:54:58;18;FALSE;;;Environment Bill Report Stage: New Clause 24;208;360;;;;;;;0.87
1042;2021-05-26T17:21:00;2021-06-08T09:55:44;17;FALSE;;;Environment Bill Report Stage New Clause 12;216;357;;;;;;;0.88
1041;2021-05-26T15:53:00;2021-06-08T09:55:28;16;FALSE;;;Environment Bill Report Stage: Amendment 29;210;359;;;;;;;0.88
1040;2021-05-26T15:43:00;2021-06-08T09:56:04;15;FALSE;;;Environment Bill Report Stage: New Clause 25;217;352;;;;;;;0.88
1039;2021-05-25T16:56:00;2021-05-26T17:38:33;14;FALSE;;;Telecommunications (Security) Bill Report Stage: New Clause 3;271;357;;;;;;;0.97
1038;2021-05-25T16:49:00;2021-05-26T11:24:13;13;FALSE;;;Telecommunications (Security) Bill Report Stage: New Clause 2;263;363;;;;;;;0.96
1037;2021-05-25T16:38:00;2021-05-25T16:58:55;12;FALSE;;;Telecommunications (Security) Bill Report Stage: New Clause 1;263;365;;;;;;;0.97
1036;2021-05-24T22:30:00;2021-05-24T23:40:45;11;FALSE;;;Finance Bill: Third Reading;365;261;;;;;;;0.96
1035;2021-05-24T22:12:00;2021-06-08T09:56:28;10;FALSE;;;Finance Bill Report Stage: New Clause 9;261;365;;;;;;;0.96
1034;2021-05-24T22:01:00;2021-06-08T09:56:45;9;FALSE;;;Finance Bill Report Stage: New Clause 24;218;358;;;;;;;0.89
1033;2021-05-24T20:21:00;2021-06-08T09:57:01;8;FALSE;;;Finance Bill Report Stage: New Clause 25;268;357;;;;;;;0.96
1032;2021-05-24T19:33:00;2021-06-08T09:57:27;7;FALSE;;;Finance Bill Report Stage: Amendment 29;268;357;;;;;;;0.96
1031;2021-05-24T19:21:00;2021-06-08T09:57:43;6;FALSE;;;Finance Bill Report Stage: New Clause 23;261;364;;;;;;;0.96
1030;2021-05-19T19:25:00;2021-05-19T19:58:49;5;FALSE;;;Queen's Speech (Motion for an Address);367;264;;;;;;;0.97
1029;2021-05-19T19:17:00;2021-05-19T19:55:39;4;FALSE;;;Queen's Speech (Motion for an Address): Amendment (g);265;366;;;;;;;0.97
1028;2021-05-19T19:08:00;2021-05-19T19:52:42;3;FALSE;;;Queen's Speech (Motion for an Address): Amendment (i);265;367;;;;;;;0.97
1027;2021-05-19T18:58:00;2021-05-19T19:50:34;2;FALSE;;;Queen's Speech (Motion for an Address): Amendment (j);264;367;;;;;;;0.97
1026;2021-05-18T19:00:00;2021-05-18T20:36:07;1;FALSE;;;Queen's Speech (Motion for an Address): Amendment (h);220;358;;;;;;;0.89
1060;2021-06-23T17:39:00;2021-06-24T09:25:48;35;FALSE;;;Armed Forces Bill Committee: New Clause 7;272;355;;;;;;;0.96
1059;2021-06-23T17:28:00;2021-06-23T17:52:18;34;FALSE;;;Armed Forces Bill Committee: Amendment 41;273;354;;;;;;;0.96
1058;2021-06-23T17:18:00;2021-07-14T12:14:55;33;FALSE;;;Armed Forces Bill: Committee: Amendment 1;271;355;;;;;;;0.96
1057;2021-06-23T00:00:00;2021-06-24T11:30:00;32;TRUE;;;Adjournment (Conference, November and Christmas);568;3;;;;;;;0.88
1056;2021-06-21T21:59:00;2021-06-23T09:18:45;31;FALSE;;;Opposition Day: Protecting Britain's Steel Industry;271;355;;;;;;;0.96
1055;2021-06-21T19:30:00;2021-06-22T13:30:34;30;FALSE;;;Opposition Day: Planning Decisions: Local Involvement;212;0;;;;;;;0.33
1054;2021-06-16T19:10:00;2021-06-21T09:31:03;29;FALSE;;;Proceedings during the pandemic;588;25;;;;;;;0.94
1053;2021-06-16T18:59:00;2021-06-17T10:31:13;28;FALSE;;;The Health Protection (Coronavirus, Restrictions) (Steps and  Other Provisions) (England) (Amendment) (No. 2) Regulations  2021 ;489;60;;;;;;;0.84
1052;2021-06-16T00:00:00;2021-06-16T15:41:06;27;TRUE;;;Draft Climate Change Act 2008 (Credit Limit) Order 2021;363;263;;;;;;;0.96
1051;2021-06-15T18:52:00;2021-06-15T19:53:44;26;FALSE;;;Opposition day: Covid-19 secure borders;256;363;;;;;;;0.95
1050;2021-06-15T16:05:00;2021-06-15T16:27:15;25;FALSE;;;Opposition day: Allocation of funding for the catch-up premium;224;355;;;;;;;0.89
1049;2021-06-09T18:58:00;2021-06-15T16:27:38;24;FALSE;;;Opposition day: Protecting the public and justice for victims;223;0;;;;;;;0.34
1048;2021-06-09T15:59:00;2021-06-15T16:27:56;23;FALSE;;;Opposition day: Investing in children and young people;224;0;;;;;;;0.34
1047;2021-06-09T00:00:00;2021-06-09T14:38:10;22;TRUE;;;Information Commissioner (Remuneration);369;2;;;;;;;0.57
1046;2021-06-07T20:49:00;2021-07-14T12:15:28;21;FALSE;;;Advanced Research and Invention Agency Bill: Report Stage: Amendment 14;263;364;;;;;;;0.96
1045;2021-06-07T20:41:00;2021-07-14T12:15:50;20;FALSE;;;Advanced Research and Invention Agency Bill: Report Stage: Amendment 12;263;364;;;;;;;0.96
1044;2021-06-07T20:30:00;2021-07-14T12:16:53;19;FALSE;;;Advanced Research and Invention Agency Bill: Report Stage: Amendment 1;263;364;;;;;;;0.96
1083;2021-07-20T19:10:00;2021-07-20T19:30:04;58;FALSE;;;Nationality and Borders Bill: Second Reading;366;265;;;;;;;0.97
1082;2021-07-20T19:00:00;2021-07-22T10:42:21;57;FALSE;;;Nationality and Borders Bill: Keir Starmer's Reasoned Amendment to Second Reading ;265;359;;;;;;;0.96
1081;2021-07-14T19:11:00;2021-07-14T19:36:58;56;FALSE;;;Health and Care Bill: Second Reading;356;219;;;;;;;0.88
1080;2021-07-14T19:00:00;2021-07-15T09:47:47;55;FALSE;;;Health and Care Bill: Keir Starmer's Reasoned Amendment to Second Reading;218;359;;;;;;;0.89
1079;2021-07-14T15:47:00;2021-07-14T16:13:06;54;FALSE;;;Ten Minute Rule Bill: Planning and Local Representation Bill;219;0;;;;;;;0.34
1078;2021-07-13T19:19:00;2021-07-14T09:25:40;53;FALSE;;;Draft Health and Social Care Act 2008 (Regulated Activities) (Amendment) (Coronavirus) Regulations 2021;319;246;;;;;;;0.87
1077;2021-07-13T17:34:00;2021-07-13T19:43:03;52;FALSE;;;Armed Forces Bill: Report Stage: Amendment 2;272;358;;;;;;;0.97
1076;2021-07-13T17:27:00;2021-07-14T11:39:22;51;FALSE;;;Armed Forces Bill: Report Stage: Amendment 1;274;360;;;;;;;0.98
1075;2021-07-13T17:17:00;2021-07-13T17:40:17;50;FALSE;;;Armed Forces Bill: Report Stage: New Clause 4;272;361;;;;;;;0.97
1074;2021-07-13T15:51:00;2021-07-13T17:29:36;49;FALSE;;;Treasury update on international aid;333;298;;;;;;;0.97
1073;2021-07-12T21:50:00;2021-07-14T11:40:20;48;FALSE;;;Higher Education (Freedom of Speech) Bill: Reasoned Amendment to Second Reading;216;367;;;;;;;0.90
1072;2021-07-07T18:59:00;2021-07-07T19:15:57;47;FALSE;;;Opposition day: EU settlement scheme;54;365;;;;;;;0.64
1071;2021-07-07T16:15:00;2021-07-07T16:44:57;46;FALSE;;;Opposition day: Covid 19: contracts and public inquiry;263;365;;;;;;;0.97
1070;2021-07-06T18:46:00;2021-07-06T19:10:26;45;FALSE;;;Dissolution and Calling of Parliament Bill: Second Reading;367;65;;;;;;;0.66
1069;2021-07-05T22:00:00;2021-07-05T22:15:25;44;FALSE;;;Police, Crime, Sentencing and Courts Bill: Third Reading;365;265;;;;;;;0.97
1068;2021-07-05T21:26:00;2021-07-14T11:42:13;43;FALSE;;;Police, Crime, Sentencing and Courts Bill: Report Stage: New Clause 98;232;354;;;;;;;0.90
1067;2021-07-05T21:18:00;2021-07-14T11:42:30;42;FALSE;;;Police, Crime, Sentencing and Courts Bill: Report Stage: New Clause 97;227;356;;;;;;;0.90
1066;2021-07-05T21:10:00;2021-07-14T11:42:46;41;FALSE;;;Police, Crime, Sentencing and Courts Bill: Report Stage: New Clause 89;229;355;;;;;;;0.90
1065;2021-07-05T21:00:00;2021-07-05T21:56:40;40;FALSE;;;Police, Crime, Sentencing and Courts Bill: Report Stage: New Clause 19;220;366;;;;;;;0.90
1064;2021-07-05T18:57:00;2021-07-05T21:41:39;39;FALSE;;;Police, Crime, Sentencing and Courts Bill: Report Stage: Amendment 8;265;358;;;;;;;0.96
1063;2021-07-05T18:50:00;2021-07-05T19:19:20;38;FALSE;;;Police, Crime, Sentencing and Courts Bill: Report Stage: Amendment 1;273;354;;;;;;;0.96
1062;2021-07-05T18:42:00;2021-07-05T19:17:55;37;FALSE;;;Police, Crime, Sentencing and Courts Bill: Report Stage: New Clause 91;81;358;;;;;;;0.68
1061;2021-07-05T18:30:00;2021-07-05T18:49:39;36;FALSE;;;Police, Crime, Sentencing and Courts Bill: Report Stage: New Clause 31;233;350;;;;;;;0.90
1108;2021-09-22T18:02:00;2021-09-23T17:13:53;83;FALSE;;;Subsidy Control Bill: Second Reading;287;50;;;;;;;0.52
1107;2021-09-22T14:47:00;2021-11-18T14:29:39;82;FALSE;;;Compensation (London Capital & Finance plc and Fraud Compensation Fund) Bill Report Stage: Amendment 1;52;292;;;;;;;0.53
1106;2021-09-21T19:00:00;2021-09-23T11:14:57;81;FALSE;;;Opposition day: Finances of working people: Government policy;222;300;;;;;;;0.80
1105;2021-09-20T20:49:00;2021-09-21T17:02:06;80;FALSE;;;Elections Bill: Instruction;309;186;;;;;;;0.76
1104;2021-09-20T20:04:00;2021-09-22T12:34:41;79;FALSE;;;Social Security (Uprating of Benefits) Bill: Third Reading;303;52;;;;;;;0.55
1103;2021-09-20T19:46:00;2021-09-22T17:48:42;78;FALSE;;;Social Security (Uprating of Benefits) Bill: Committee: New Clause 2;58;304;;;;;;;0.56
1102;2021-09-20T19:13:00;2021-09-20T20:32:02;77;FALSE;;;Social Security (Uprating of Benefits) Bill: Second Reading;300;55;;;;;;;0.55
1101;2021-09-20T19:01:00;2021-09-21T14:58:29;76;FALSE;;;Social Security (Uprating of Benefits) Bill;;;;;;;;;0.00
1100;2021-09-15T18:59:00;2021-09-16T08:37:51;75;FALSE;;;Opposition Day: Joint Committee to investigate the withdrawal from Afghanistan;222;292;;;;;;;0.79
1099;2021-09-15T16:29:00;2021-09-16T11:43:03;74;FALSE;;;Opposition day: Universal credit and working tax credits;253;0;;;;;;;0.39
1098;2021-09-14T20:14:00;2021-09-14T20:33:41;73;FALSE;;;Health and Social Care Levy Bill: Third Reading;307;251;;;;;;;0.86
1097;2021-09-14T19:52:00;2021-09-15T16:57:14;72;FALSE;;;Health and Social Care Levy Bill Committee: New Clause 5;240;320;;;;;;;0.86
1096;2021-09-14T19:39:00;2021-09-15T18:27:17;71;FALSE;;;Health and Social Care Levy Bill Committee: New Clause 3;236;320;;;;;;;0.86
1095;2021-09-14T19:24:00;2021-09-14T20:13:56;70;FALSE;;;Health and Social Care Levy Bill Committee: Amendment 4;56;324;;;;;;;0.58
1094;2021-09-14T17:17:00;2021-11-08T16:36:27;69;FALSE;;;Health and Social Care Levy Bill: Second Reading;317;256;;;;;;;0.88
1093;2021-09-14T17:03:00;2021-09-15T17:10:20;68;FALSE;;;Health and Social Care Levy Bill: Keir Starmer's Reasoned Amendment to Second Reading;249;327;;;;;;;0.89
1092;2021-09-13T20:46:00;2021-09-14T13:48:48;67;FALSE;;;Dissolution and Calling of Parliament Bill: Third Reading;312;55;;;;;;;0.56
1091;2021-09-13T20:26:00;2021-09-14T11:25:58;66;FALSE;;;Dissolution and Calling of Parliament Bill: Clause 2 ;316;162;;;;;;;0.74
1090;2021-09-13T18:14:00;2021-09-14T15:04:30;65;FALSE;;;Dissolution and Calling of Parliament Bill: Motion for an Instruction to Committee;192;323;;;;;;;0.79
1089;2021-09-10T09:34:00;2021-09-10T09:59:10;64;FALSE;;;Motion to sit in private;1;43;;;;;;;0.07
1088;2021-09-08T19:14:00;2021-09-09T17:02:57;63;FALSE;;;Health and Social Care Levy (Ways and Means) ;319;248;;;;;;;0.87
1087;2021-09-08T19:00:00;2021-09-09T13:57:01;62;FALSE;;;Health and Social Care Levy (Ways and Means) - Keir Starmer's Amendment;243;335;;;;;;;0.89
1086;2021-09-07T19:14:00;2021-09-08T14:07:39;61;FALSE;;;Elections Bill: Second Reading ;327;228;;;;;;;0.85
1085;2021-09-07T19:00:00;2021-09-07T20:42:02;60;FALSE;;;Elections Bill: Keir Starmer's Reasoned Amendment to Second Reading;230;329;;;;;;;0.86
1084;2021-09-06T19:34:00;2021-09-07T20:35:23;59;FALSE;;;National Insurance Contributions Bill Report Stage: New Clause 4;15;309;;;;;;;0.50
1121;2021-10-26T18:05:00;2021-10-26T19:00:11;96;FALSE;;;Judicial Review and Courts Bill: Second Reading;321;220;;;;;;;0.83
1120;2021-10-22T13:21:00;2021-10-25T10:12:30;95;FALSE;;;Employment and Trade Union Rights (Dismissal and Re-engagement) Bill: Second Reading: Closure Motion;188;251;;;;;;;0.68
1119;2021-10-22T09:34:00;2021-10-22T14:19:48;94;FALSE;;;Standing Order 163: Private Sitting;3;336;;;;;;;0.52
1118;2021-10-20T19:43:00;2021-10-21T11:00:20;93;FALSE;;;Environment Bill: motion to disagree with Lords Amendment 94;290;179;;;;;;;0.72
1117;2021-10-20T19:30:00;2021-10-20T20:11:41;92;FALSE;;;Environment Bill: motion to disagree with Lords Amendment 65;291;174;;;;;;;0.72
1116;2021-10-20T19:18:00;2021-10-20T20:11:03;91;FALSE;;;Environment Bill: Amendment (a) to Lords Amendment 45;268;204;;;;;;;0.73
1115;2021-10-20T19:08:00;2021-10-20T20:08:22;90;FALSE;;;Environment Bill: motion to disagree with Lords Amendment 43;297;182;;;;;;;0.74
1114;2021-10-20T17:12:00;2021-10-20T18:03:12;89;FALSE;;;Environment Bill: motion to disagree with Lords amendment 31;307;180;;;;;;;0.75
1113;2021-10-20T16:59:00;2021-10-20T18:01:31;88;FALSE;;;Environment Bill: motion to disagree with Lords amendment 28;309;185;;;;;;;0.76
1112;2021-10-20T16:46:00;2021-10-20T17:58:41;87;FALSE;;;Environment Bill: motion to disagree with Lords amendment 12;305;179;;;;;;;0.74
1111;2021-10-20T16:32:00;2021-10-21T11:08:03;86;FALSE;;;Environment Bill: motion to disagree with Lords amendment 3;307;185;;;;;;;0.76
1110;2021-10-19T19:26:00;2021-10-20T10:45:26;85;FALSE;;;Opposition day: Supporting small business;215;298;;;;;;;0.79
1109;2021-10-19T14:46:00;2021-10-20T15:08:17;84;FALSE;;;Amendment (a) to motion on the Independent Expert Panel recommendations for sanctions and the Recall of MPs Act;213;297;;;;;;;0.78
1157;2021-11-30T19:26:00;2021-12-01T16:01:05;125;FALSE;;;Conduct of the Rt Hon Member for Uxbridge and South Ruislip;214;321;;;;;;;0.82
1156;2021-11-30T16:04:00;2021-12-01T10:56:57;124;FALSE;;;Motion No. 4 - Health Protection (Coronavirus, restrictions) (Self-isolation);431;36;;;;;;;0.72
1155;2021-11-30T15:48:00;2021-12-01T17:10:31;123;FALSE;;;Health Protection (Coronavirus, wearing of face coverings) (England) regulations 2021;434;23;;;;;;;0.70
1154;2021-11-23T18:57:00;2021-11-24T11:27:02;122;FALSE;;;Health and Care Bill: Third Reading;294;244;;;;;;;0.83
1153;2021-11-23T18:16:00;2021-11-23T18:36:05;121;FALSE;;;Health and Care Bill Report Stage: Amendment 82;239;311;;;;;;;0.85
1152;2021-11-23T18:00:00;2021-11-24T11:37:46;120;FALSE;;;Health and Care Bill Report Stage: Amendment 70;191;307;;;;;;;0.77
1151;2021-11-23T16:46:00;2021-11-23T18:12:35;119;FALSE;;;Health and Care Bill Report Stage: Amendment 10;219;280;;;;;;;0.77
1150;2021-11-23T16:30:00;2021-11-23T18:12:04;118;FALSE;;; Health and Care Bill Report Stage: New Clause 12;240;304;;;;;;;0.84
1149;2021-11-22T22:29:00;2021-11-22T22:55:07;117;FALSE;;;Health and Care Bill Report Stage: Amendment 78;192;300;;;;;;;0.76
1148;2021-11-22T22:16:00;2021-11-23T15:11:26;116;FALSE;;;Health and Care Bill Report Stage: Amendment 72;195;302;;;;;;;0.76
1147;2021-11-22T21:59:00;2021-11-23T15:56:16;115;FALSE;;;Health and Care Bill Report Stage: New Clause 49;272;246;;;;;;;0.80
1146;2021-11-22T19:11:00;2021-11-23T18:57:00;114;FALSE;;;Health and Care Bill Report Stage: New Clause 16 ;194;298;;;;;;;0.76
1145;2021-11-22T18:57:00;2021-11-23T18:57:43;113;FALSE;;;Health and Care Bill Report Stage: New Clause 4;230;297;;;;;;;0.81
1141;2021-11-17T19:02:00;2021-11-18T11:24:37;112;FALSE;;;Opposition Day: Strengthening Standards in Public Life: The Prime Minister's Amendment;297;0;;;;;;;0.46
1140;2021-11-17T18:47:00;2021-11-22T13:34:26;111;FALSE;;;Opposition Day: Strengthening Standards in Public Life;231;282;;;;;;;0.79
1139;2021-11-16T17:16:00;2021-11-16T17:51:40;110;FALSE;;;Finance (No. 2) Bill: Second Reading;314;233;;;;;;;0.84
1138;2021-11-16T17:07:00;2021-11-16T17:47:22;109;FALSE;;;Finance (No. 2) Bill: Keir Starmer's Reasoned Amendment to Second Reading;238;310;;;;;;;0.84
1136;2021-11-15T18:59:00;2021-11-15T21:14:47;108;FALSE;;;Social Security (Up-rating of Benefits) Bill Lords Amendments Motion to disagree LA2;299;53;;;;;;;0.54
1135;2021-11-15T18:45:00;2021-11-16T12:43:26;107;FALSE;;;Social Security (Up-rating of Benefits) Bill Lords Amendments Motion to disagree LA1;300;229;;;;;;;0.81
1134;2021-11-08T21:52:00;2021-11-09T15:44:20;106;FALSE;;;Telecommunications (Security) Bill: Lords Amendment 5: Govt. motion to disagree;273;161;;;;;;;0.67
1133;2021-11-08T21:37:00;2021-11-09T15:40:57;105;FALSE;;;Telecommunications (Security) Bill: Lords Amendment 4: Govt. motion to disagree;276;161;;;;;;;0.67
1132;2021-11-08T20:21:00;2021-11-10T16:21:41;104;FALSE;;;Environment Bill: Lords Amdt. 45B: Govt. motion to disagree and propose (a) and (b) in lieu;283;163;;;;;;;0.69
1131;2021-11-08T20:07:00;2021-11-08T21:01:21;103;FALSE;;;Environment Bill: Govt. motion to insist on amdts. 31A and 31B and disagree to amdt. 31C;279;162;;;;;;;0.68
1127;2021-11-03T18:52:00;2021-11-04T17:23:16;102;FALSE;;;Nuclear Energy (Financing) Bill: Programme motion;256;80;;;;;;;0.52
1126;2021-11-03T18:36:00;2021-11-04T17:22:47;101;FALSE;;;Nuclear Energy (Financing) Bill: Second Reading;319;44;;;;;;;0.56
1125;2021-11-03T15:45:00;2021-11-08T09:59:51;100;FALSE;;;Committee on Standards - Motion as amended;248;221;;;;;;;0.72
1124;2021-11-03T15:29:00;2021-11-03T18:48:29;99;FALSE;;;Committee on Standards - Amendment (a);250;232;;;;;;;0.74
1123;2021-11-02T19:15:00;2021-11-02T20:04:59;98;FALSE;;;Budget Resolutions: Motion 7;319;231;;;;;;;0.85
1122;2021-11-02T19:00:00;2021-11-04T14:41:01;97;FALSE;;;Budget Resolutions: Motion 6;319;230;;;;;;;0.84
1183;2021-12-14T19:03:00;2022-01-24T14:27:54;151;FALSE;;;draft Health and Social Care Act 2008 (Regulated Activities) (Amendment) (Coronavirus) (No.2) Regulations 2021;385;100;;;;;;;0.75
1182;2021-12-14T18:47:00;2021-12-15T16:51:27;150;FALSE;;;Health Protection (Entry to venues etc) SI No 1416;369;126;;;;;;;0.76
1181;2021-12-14T18:31:00;2021-12-14T20:02:40;149;FALSE;;;Health Regulations (Face Coverings) SI No 1400;441;41;;;;;;;0.74
1180;2021-12-13T20:42:00;2021-12-15T17:27:45;148;FALSE;;;Subsidy Control Bill Report Stage: Amendment 16;178;292;;;;;;;0.72
1179;2021-12-13T20:30:00;2021-12-14T10:27:02;147;FALSE;;;Subsidy Control Bill Report Stage: Amendment 19;180;292;;;;;;;0.73
1178;2021-12-13T20:17:00;2021-12-14T16:15:17;146;FALSE;;;Subsidy Control Bill Report Stage: New Clause 1;31;292;;;;;;;0.50
1177;2021-12-10T09:34:00;2021-12-10T10:37:30;145;FALSE;;;Motion to sit in private;3;53;;;;;;;0.09
1176;2021-12-08T20:28:00;2021-12-08T20:59:41;144;FALSE;;;Opposition Day: Rail Investment and the Integrated Rail Plan;139;0;;;;;;;0.21
1175;2021-12-08T16:00:00;2021-12-14T15:17:24;143;FALSE;;;Nationality and Borders Bill: Third Reading;298;231;;;;;;;0.81
1174;2021-12-08T15:35:00;2021-12-08T16:18:53;142;FALSE;;;Nationality and Borders Bill (Report): Amendment 128;231;300;;;;;;;0.82
1173;2021-12-08T15:09:00;2021-12-10T09:41:14;141;FALSE;;;Nationality and Borders Bill Report Stage: New Clause 6;234;293;;;;;;;0.81
1172;2021-12-08T14:59:00;2021-12-08T16:26:37;140;FALSE;;;Nationality and Borders Bill Report Stage: New Clause 3;236;288;;;;;;;0.81
1171;2021-12-07T19:55:00;2021-12-07T20:29:39;139;FALSE;;;Nationality and Borders Bill (Report): Amendment 98;235;313;;;;;;;0.84
1170;2021-12-07T19:42:00;2021-12-08T16:03:08;138;FALSE;;;Nationality and Borders Bill (Report): Amendment 116;233;318;;;;;;;0.85
1169;2021-12-07T19:29:00;2021-12-08T16:04:17;137;FALSE;;;Nationality and Borders Bill (Report): New Clause 52;251;296;;;;;;;0.84
1168;2021-12-07T19:14:00;2021-12-07T20:06:03;136;FALSE;;;Nationality and Borders Bill (Report): New Clause 50;235;314;;;;;;;0.84
1167;2021-12-07T16:59:00;2021-12-07T18:05:03;135;FALSE;;;Nationality and Borders Bill (Report): New Clause 8;237;323;;;;;;;0.86
1166;2021-12-07T16:45:00;2021-12-07T18:05:18;134;FALSE;;;Nationality and Borders Bill (Report): New Clause 2;245;309;;;;;;;0.85
1165;2021-12-06T20:50:00;2021-12-06T21:06:29;133;FALSE;;;Armed Forces Bill: Motion to disagree with Lords Amendment 2;305;215;;;;;;;0.80
1164;2021-12-06T20:37:00;2021-12-06T21:07:14;132;FALSE;;;Armed Forces Bill: Motion to disagree with Lords Amendment 1;302;221;;;;;;;0.80
1163;2021-12-03T13:39:00;2021-12-03T14:01:05;131;FALSE;;;Copyright (Rights and Remuneration of Musicians, Etc.) Bill: Second Reading: Closure;28;59;;;;;;;0.13
1162;2021-12-03T09:34:00;2021-12-03T09:56:28;130;FALSE;;;Motion to sit in private;1;79;;;;;;;0.12
1161;2021-12-01T17:37:00;2021-12-02T11:28:39;129;FALSE;;;Finance (No. 2) Bill: NC7;215;299;;;;;;;0.79
1160;2021-12-01T17:23:00;2021-12-02T11:28:12;128;FALSE;;;Finance (No. 2) Bill CWH New Clause 5 ;212;306;;;;;;;0.80
1159;2021-12-01T16:02:00;2021-12-02T11:30:27;127;FALSE;;;Finance (No. 2) Bill: NC10;52;307;;;;;;;0.55
1158;2021-12-01T15:47:00;2021-12-01T17:30:46;126;FALSE;;;Finance (No. 2) Bill: Clause 6 stand part;301;206;;;;;;;0.78
1214;2022-01-31T19:44:00;2022-01-31T20:11:05;178;FALSE;;;ARIA Bill: Motion to disagree with Lords Amendment 1;304;208;;;;;;;0.79
1213;2022-01-26T15:48:00;2022-01-26T17:03:04;177;FALSE;;;draft Trade Union (Power of the Certification Officer to Impose Financial  Penalties) Regulations 2022;297;182;;;;;;;0.74
1212;2022-01-26T15:34:00;2022-01-26T17:02:40;176;FALSE;;;draft Trade Union (Levy Payable to Certification Officer) Regulations 2022;298;176;;;;;;;0.73
1209;2022-01-25T18:49:00;2022-01-25T20:38:18;175;FALSE;;;Judicial Review and Courts Bill: Third Reading;310;211;;;;;;;0.80
1207;2022-01-25T18:20:00;2022-01-25T18:37:28;174;FALSE;;;Judicial Review and Courts Bill Report Stage: Amendment 41;220;315;;;;;;;0.82
1206;2022-01-25T18:09:00;2022-01-25T18:23:17;173;FALSE;;;Judicial Review and Courts Bill Report Stage: Amendment 22;176;316;;;;;;;0.76
1205;2022-01-25T17:55:00;2022-01-25T18:14:21;172;FALSE;;;Judicial Review and Courts Bill Report Stage: Amendment 20;184;310;;;;;;;0.76
1204;2022-01-25T16:26:00;2022-01-25T16:40:14;171;FALSE;;;Judicial Review and Courts Bill Report Stage: Amendment 43;61;316;;;;;;;0.58
1203;2022-01-25T16:14:00;2022-01-25T16:34:59;170;FALSE;;;Judicial Review and Courts Bill Report Stage: Amendment 25;228;313;;;;;;;0.83
1202;2022-01-25T15:58:00;2022-01-25T16:23:54;169;FALSE;;;Judicial Review and Courts Bill Report Stage: New Clause 4;187;315;;;;;;;0.77
1201;2022-01-24T20:37:00;2022-01-25T16:24:52;168;FALSE;;;Leasehold Reform (Ground Rent) Bill [Lords] Report Stage: New Clause 1;162;306;;;;;;;0.72
1200;2022-01-24T19:33:00;2022-01-25T13:19:12;167;FALSE;;;Opposition Day: Increases in the cost of living;57;0;;;;;;;0.09
1199;2022-01-21T09:34:00;2022-01-21T11:11:18;166;FALSE;;;Motion to sit in private;0;46;;;;;;;0.07
1198;2022-01-19T16:01:00;2022-01-20T11:18:51;165;FALSE;;;Building Safety Bill Report Stage: New Clause 3;181;301;;;;;;;0.74
1197;2022-01-17T21:58:00;2022-01-18T14:43:32;164;FALSE;;;Elections Bill Third Reading;325;234;;;;;;;0.86
1196;2022-01-17T21:40:00;2022-01-17T21:53:51;163;FALSE;;;Elections Bill Report Stage: Amendment 3;234;328;;;;;;;0.86
1195;2022-01-17T21:26:00;2022-01-25T15:30:03;162;FALSE;;;Elections Bill Report Stage: Amendment 1;234;327;;;;;;;0.86
1194;2022-01-17T21:14:00;2022-01-17T21:43:21;161;FALSE;;;Elections Bill Report Stage: New Clause 2;237;322;;;;;;;0.86
1193;2022-01-17T21:00:00;2022-01-17T22:04:36;160;FALSE;;;Elections Bill Report Stage: New Clause 1;236;327;;;;;;;0.87
1192;2022-01-11T18:59:00;2022-01-11T19:15:15;159;FALSE;;;Opposition Day: Reducing costs for business;219;0;;;;;;;0.34
1191;2022-01-11T16:44:00;2022-01-11T17:31:48;158;FALSE;;;Opposition Day: Value Added Tax on household energy bills;229;319;;;;;;;0.84
1190;2022-01-10T22:03:00;2022-01-10T22:36:55;157;FALSE;;;Welfare Cap;306;54;;;;;;;0.55
1189;2022-01-10T21:51:00;2022-01-10T22:36:39;156;FALSE;;;Charter for Budget Responsibility;309;206;;;;;;;0.79
1188;2022-01-10T20:00:00;2022-01-10T20:29:33;155;FALSE;;;Nuclear Energy (Financing) Bill: Third Reading;458;53;;;;;;;0.79
1187;2022-01-10T19:19:00;2022-02-25T15:45:09;154;FALSE;;;Nuclear Energy (Finance) Bill Report Stage: Amendment 3;207;315;;;;;;;0.80
1186;2022-01-10T19:07:00;2022-01-10T19:38:29;153;FALSE;;;Nuclear Energy (Finance) Bill: Report: Amendment 9;207;315;;;;;;;0.80
1184;2022-01-10T18:54:00;2022-01-12T09:38:15;152;FALSE;;;Nuclear Energy (Financing) Bill Report Stage: Amendment 1;204;316;;;;;;;0.80
1237;2022-02-28T00:41:00;2022-03-07T09:04:31;201;FALSE;;;Police, Crime, Sentencing & Courts Bill: Motion to disagree with Lords Amendment 87;292;238;;;;;;;0.82
1236;2022-02-28T00:27:00;2022-03-07T09:04:09;200;FALSE;;;Police, Crime, Sentencing & Courts Bill: Motion to disagree with Lords Amendment 81;298;236;;;;;;;0.82
1235;2022-02-28T00:14:00;2022-03-15T14:43:11;199;FALSE;;;Police, Crime, Sentencing & Courts Bill: Motion to disagree with Lords Amendment 80;289;237;;;;;;;0.81
1234;2022-02-28T00:00:00;2022-03-07T09:03:26;198;FALSE;;;Police, Crime, Sentencing & Courts Bill: Motion to disagree with Lords Amendment 73;288;238;;;;;;;0.81
1233;2022-02-28T21:50:00;2022-03-15T14:42:19;197;FALSE;;;Police, Crime, Sentencing and Courts Bill: Motion to disagree with Lords Amendment 107;314;190;;;;;;;0.78
1232;2022-02-28T20:25:00;2022-03-15T14:42:49;196;FALSE;;;Police, Crime, Sentencing & Courts Bill: Motion to disagree with Lords Amendment 141 ;304;198;;;;;;;0.77
1231;2022-02-28T20:12:00;2022-03-01T13:35:38;195;FALSE;;;Police, Crime, Sentencing & Courts Bill: LA116 Motion to disagree;315;189;;;;;;;0.78
1230;2022-02-28T19:57:00;2022-03-01T00:21:12;194;FALSE;;;Police, Crime, Sentencing & Courts Bill: Motion to disagree with LA72;314;190;;;;;;;0.78
1229;2022-02-25T09:34:00;2022-02-25T09:48:51;193;FALSE;;;Motion to sit in private;0;48;;;;;;;0.07
1228;2022-02-23T18:59:00;2022-02-24T13:52:26;192;FALSE;;;Opposition Day: Exempt accommodation;142;0;;;;;;;0.22
1227;2022-02-22T16:21:00;2022-02-23T14:35:05;191;FALSE;;;Public Service Pensions and Judicial Offices Bill [Lords] Report Stage: New Clause 8;198;301;;;;;;;0.77
1226;2022-02-22T16:07:00;2022-02-25T15:43:48;190;FALSE;;;Public Service Pensions and Judicial Offices Bill [Lords] Report Stage: New Clause 1;299;81;;;;;;;0.58
1225;2022-02-21T21:24:00;2022-02-21T23:29:22;189;FALSE;;;Skills and Post-16 Education Bill [Lords]: Report Stage: Amendment 13;158;291;;;;;;;0.69
1224;2022-02-21T21:11:00;2022-02-22T18:37:07;188;FALSE;;;Skills and Post-16 Education Bill [Lords]: Report Stage: Amendment 14;154;298;;;;;;;0.70
1223;2022-02-21T20:57:00;2022-02-22T18:36:40;187;FALSE;;;Skills and Post-16 Education Bill [Lords]: Report Stage: New Clause 14;154;298;;;;;;;0.70
1222;2022-02-09T00:00:00;2022-02-23T18:32:50;186;TRUE;;;draft Money Laundering and Terrorist Financing (Amendment) Regulations 2022;304;215;;;;;;;0.80
1221;2022-02-07T19:25:00;2022-02-08T11:04:05;185;FALSE;;;draft Social Security Up-rating Order 2022;298;29;;;;;;;0.50
1220;2022-02-04T09:34:00;2022-02-04T09:48:24;184;FALSE;;;Motion to sit in private;0;45;;;;;;;0.07
1219;2022-02-02T18:50:00;2022-02-03T14:06:36;183;FALSE;;;Finance (No. 2) Bill Third Reading;302;226;;;;;;;0.81
1218;2022-02-02T18:26:00;2022-02-03T14:05:56;182;FALSE;;;Finance (No. 2) Bill Report Stage: Amendment 35;228;301;;;;;;;0.81
1217;2022-02-02T18:14:00;2022-02-03T14:14:41;181;FALSE;;;Finance (No. 2) Bill Report Stage: New Clause 27;230;301;;;;;;;0.82
1216;2022-02-02T18:00:00;2022-02-25T15:44:28;180;FALSE;;;Finance (No. 2) Bill Report Stage: New Clause 17;228;306;;;;;;;0.82
1215;2022-02-01T18:58:00;2022-02-01T19:36:25;179;FALSE;;;Opposition Day: Oil and gas producers: Windfall tax;192;0;;;;;;;0.30
1277;2022-03-30T20:57:00;2022-03-30T21:11:49;241;FALSE;;;Health and Care Bill: motion to disagree with Lords Amendment 90;259;147;;;;;;;0.62
1276;2022-03-30T20:43:00;2022-03-30T21:03:37;240;FALSE;;;Health and Care Bill: motion to disagree with Lords Amendment 80;247;150;;;;;;;0.61
1275;2022-03-30T19:25:00;2022-03-30T21:04:36;239;FALSE;;;Health and Care Bill: motion to disagree with Lords Amendment 30;265;156;;;;;;;0.65
1274;2022-03-30T19:10:00;2022-03-30T21:04:13;238;FALSE;;;Health and Care Bill: motion to disagree with Lords Amendment 29;249;167;;;;;;;0.64
1273;2022-03-30T17:26:00;2022-03-30T20:03:32;237;FALSE;;;Health and Care Bill: Government Amendment (a) in lieu of Lords Amendment 92;215;188;;;;;;;0.62
1272;2022-03-30T17:11:00;2022-03-30T19:47:26;236;FALSE;;;Health and Care Bill: Motion to disagree with Lords Amendment 85;275;183;;;;;;;0.70
1271;2022-03-29T17:49:00;2022-03-30T12:16:51;235;FALSE;;;draft Social Security (Contributions) (Amendment No. 2) Regulations 2022;268;195;;;;;;;0.71
1270;2022-03-28T20:23:00;2022-03-29T17:05:06;234;FALSE;;;Police, Crime, Sentencing and Courts Bill: Motion to disagree with Lords Amendment 80G;278;202;;;;;;;0.74
1269;2022-03-28T20:11:00;2022-03-29T17:04:51;233;FALSE;;;Police, Crime, Sentencing and Courts Bill: Motion to disagree with Lords Reason 73B, Amendments 74B to 74G and Reason 87G;276;202;;;;;;;0.74
1268;2022-03-28T19:56:00;2022-03-29T17:04:30;232;FALSE;;;Police, Crime, Sentencing and Courts Bill: Motion to disagree with Lords Amendment 72B, and to propose amendments (a) and (b) in lieu;283;148;;;;;;;0.66
1267;2022-03-28T18:41:00;2022-03-29T17:03:59;231;FALSE;;;Skills and Post-16 Education Bill: Motion to disagree with Lords Amendment 15B;280;152;;;;;;;0.66
1266;2022-03-22T20:07:00;2022-03-24T13:13:52;230;FALSE;;;Nationality and Borders Bill: Motion to disagree with Lords Amendment 40;298;216;;;;;;;0.79
1265;2022-03-22T19:56:00;2022-03-22T20:32:43;229;FALSE;;;Nationality and Borders Bill: Motion to disagree with Lords Amendment 26;291;214;;;;;;;0.78
1264;2022-03-22T19:44:00;2022-03-22T20:01:02;228;FALSE;;;Nationality and Borders Bill: Motion to disagree with Lords Amendment 25;296;219;;;;;;;0.79
1263;2022-03-22T19:32:00;2022-03-22T19:55:41;227;FALSE;;;Nationality and Borders Bill: Motion to disagree with Lords Amendment 24;300;221;;;;;;;0.80
1262;2022-03-22T19:18:00;2022-03-22T19:41:53;226;FALSE;;;Nationality and Borders Bill: Motion to disagree with Lords Amendment 22;307;217;;;;;;;0.81
1261;2022-03-22T17:49:00;2022-03-22T18:26:26;225;FALSE;;;Nationality and Borders Bill: Motion to disagree with Lords Amendment 13;317;220;;;;;;;0.83
1260;2022-03-22T17:37:00;2022-03-23T17:12:51;224;FALSE;;;Nationality and Borders Bill: Motion to disagree with Lords Amendment 11;313;227;;;;;;;0.83
1259;2022-03-22T17:25:00;2022-03-22T18:05:48;223;FALSE;;;Nationality and Borders Bill: Motion to disagree with Lords Amendment 10;305;230;;;;;;;0.82
1258;2022-03-22T17:12:00;2022-03-24T15:56:56;222;FALSE;;;Nationality and Borders Bill: Motion to disagree with Lords Amendment 9;302;232;;;;;;;0.82
1257;2022-03-22T16:59:00;2022-03-28T15:18:03;221;FALSE;;;Nationality and Borders Bill: Motion to disagree with Lords Amendment 7;291;232;;;;;;;0.80
1256;2022-03-22T16:47:00;2022-03-24T13:14:28;220;FALSE;;;Nationality and Borders Bill: Motion to disagree with Lords Amendment 6;318;220;;;;;;;0.83
1255;2022-03-22T16:34:00;2022-03-23T14:03:02;219;FALSE;;;Nationality and Borders Bill: Motion to disagree with Lords Amendment 5;313;231;;;;;;;0.84
1254;2022-03-22T16:19:00;2022-03-23T13:04:47;218;FALSE;;;Nationality and Borders Bill: Motion to disagree with Lords Amendment 4;318;223;;;;;;;0.83
1253;2022-03-21T19:30:00;2022-03-22T18:19:04;217;FALSE;;;Opposition Day: P&O Ferries and Employment Rights;211;0;;;;;;;0.32
1252;2022-03-18T09:34:00;2022-03-18T09:50:23;216;FALSE;;;Motion to sit in private;0;40;;;;;;;0.06
1251;2022-03-14T21:56:00;2022-03-14T22:34:41;215;FALSE;;;Animal Welfare (Sentience) Bill [Lords] Report Stage: New Clause 5;179;286;;;;;;;0.72
1250;2022-03-14T21:42:00;2022-03-17T15:48:32;214;FALSE;;;Animal Welfare (Sentience) Bill [Lords] Report Stage: New Clause 3;218;288;;;;;;;0.78
1249;2022-03-14T21:27:00;2022-03-17T15:48:49;213;FALSE;;;Animal Welfare (Sentience) Bill [Lords] Report Stage: New Clause 1;179;286;;;;;;;0.72
1248;2022-03-14T19:26:00;2022-03-15T11:56:05;212;FALSE;;;Professional Qualifications Bill [Lords]: Third Reading;295;39;;;;;;;0.51
1247;2022-03-14T19:07:00;2022-03-17T15:49:26;211;FALSE;;;Professional Qualifications Bill [Lords] Report Stage: Amendment 3;210;296;;;;;;;0.78
1246;2022-03-14T18:14:00;2022-03-15T14:44:33;210;FALSE;;;Dissolution and Calling of Parliament Bill: motion to disagree with Lords Amendment 1;292;217;;;;;;;0.78
1245;2022-03-09T00:00:00;2022-03-09T17:24:55;209;TRUE;;;Draft Genetically Modified Organisms (Deliberate Release) (Amendment) (England) Regulations 2022;305;2;;;;;;;0.47
1244;2022-03-07T22:08:00;2022-03-08T15:53:06;208;FALSE;;;Economic Crime (Transparency and Enforcement) Bill Committee: New Clause 29;234;300;;;;;;;0.82
1243;2022-03-07T21:54:00;2022-03-08T16:32:23;207;FALSE;;;Economic Crime (Transparency and Enforcement) Bill Committee: New Clause 7;225;306;;;;;;;0.82
1242;2022-03-07T21:39:00;2022-03-07T22:36:07;206;FALSE;;;Economic Crime (Transparency and Enforcement) Bill Committee: New Clause 2;229;303;;;;;;;0.82
1241;2022-03-02T00:00:00;2022-03-02T15:59:26;205;TRUE;;;Draft Tax Credits, Child Benefit and Guardian's Allowance Up-rating Regulations 2022;303;11;;;;;;;0.48
1240;2022-03-02T00:00:00;2022-03-02T15:59:01;204;TRUE;;;Draft Social Security (Contributions) (Rates, Limits and Thresholds Amendments and National Insurance Funds Payments) Regulations 2022;302;1;;;;;;;0.47
1239;2022-03-01T18:36:00;2022-03-15T14:43:46;203;FALSE;;;National Insurance Contributions Bill: Motion to disagree with Lords Amendment 4 ;298;199;;;;;;;0.76
1238;2022-03-01T18:22:00;2022-03-15T14:44:09;202;FALSE;;;National Insurance Contributions Bill: Motion to disagree with Lords Amendment 2;295;198;;;;;;;0.76
1306;2022-04-27T16:41:00;2022-04-27T16:56:56;270;FALSE;;;Elections Bill: Government Motion to disagree to Lords Amendment 86;306;213;;;;;;;0.80
1305;2022-04-27T16:28:00;2022-04-27T16:42:54;269;FALSE;;;Elections Bill: Government Motion to disagree to Lords Amendment 23;306;213;;;;;;;0.80
1304;2022-04-27T16:12:00;2022-04-27T17:28:18;268;FALSE;;;Elections Bill: Government Motion to disagree to Lords Amendment 22;306;215;;;;;;;0.80
1303;2022-04-26T22:57:00;2022-04-27T11:22:27;267;FALSE;;;Nationality and Borders Bill: Government Motion to disagree to Lords Amendments 7F and 7G;288;212;;;;;;;0.77
1302;2022-04-26T22:42:00;2022-04-26T22:58:33;266;FALSE;;;Nationality and Borders Bill: motion to disagree with Lords Amendment 6D, 6E and 6F;299;205;;;;;;;0.78
1301;2022-04-26T22:28:00;2022-04-26T22:43:58;265;FALSE;;;Nationality and Borders Bill: motion to disagree with Lords Amendment 5D;296;206;;;;;;;0.77
1300;2022-04-26T14:58:00;2022-04-26T15:15:57;264;FALSE;;;Judicial Review and Courts Bill: motion to disagree with Lords Amendment 11;299;168;;;;;;;0.72
1299;2022-04-26T14:46:00;2022-04-26T14:59:46;263;FALSE;;;Judicial Review and Courts Bill: motion to disagree with Lords Amendment 5;297;61;;;;;;;0.55
1298;2022-04-26T14:30:00;2022-04-26T14:54:11;262;FALSE;;;Judicial Review and Courts Bill: motion to disagree with Lords Amendment 1;297;56;;;;;;;0.54
1297;2022-04-25T20:07:00;2022-04-25T20:35:35;261;FALSE;;;Health and Care Bill: Motion to insist on disagreement with LA 80;282;183;;;;;;;0.72
1296;2022-04-25T19:53:00;2022-04-25T20:35:10;260;FALSE;;;Health and Care Bill: Motion to disagree with LA 29B;278;182;;;;;;;0.71
1295;2022-04-25T18:42:00;2022-04-26T17:17:48;259;FALSE;;;Police, Crime, Sentencing and Courts Bill: Motion to insist on disagreement to LA 80;302;221;;;;;;;0.80
1294;2022-04-25T18:29:00;2022-04-26T17:17:14;258;FALSE;;;Police, Crime, Sentencing and Courts Bill: Motion to insist on disagreement to LA 73;300;220;;;;;;;0.80
1293;2022-04-20T20:18:00;2022-04-21T12:14:42;257;FALSE;;;Nationality and Borders Bill: Motion to disagree with LA 26B;296;184;;;;;;;0.74
1292;2022-04-20T20:06:00;2022-04-21T12:14:01;256;FALSE;;;Nationality and Borders Bill: Motion to disagree with LA 25B;308;228;;;;;;;0.82
1291;2022-04-20T19:41:00;2022-04-21T12:13:44;255;FALSE;;;Nationality and Borders Bill: Disagree with LA 20B;312;227;;;;;;;0.83
1290;2022-04-20T19:29:00;2022-04-21T12:13:02;254;FALSE;;;Nationality and Borders Bill: Motion to disagree with LA 13B and insist on disagreement with LA 15;311;228;;;;;;;0.83
1289;2022-04-20T19:17:00;2022-04-21T12:12:43;253;FALSE;;;Nationality and Borders Bill: Motion to disagree with LA 11B ;306;231;;;;;;;0.83
1288;2022-04-20T19:05:00;2022-04-27T10:42:41;252;FALSE;;;Nationality and Borders Bill: Motion to disagree with LA 10B;303;235;;;;;;;0.83
1287;2022-04-20T18:51:00;2022-04-21T12:11:10;251;FALSE;;;Nationality and Borders Bill: Motion to disagree with LA 53B;303;234;;;;;;;0.83
1286;2022-04-20T18:39:00;2022-04-21T12:10:49;250;FALSE;;;Nationality and Borders Bill: Motion to disagree with LA 8B;303;236;;;;;;;0.83
1285;2022-04-20T18:27:00;2022-04-20T18:48:11;249;FALSE;;;Nationality and Borders Bill: Motion to disagree with LA 7B;294;242;;;;;;;0.82
1284;2022-04-20T18:15:00;2022-04-21T15:00:10;248;FALSE;;;Nationality and Borders Bill: Motion to disagree with LA 6B;309;225;;;;;;;0.82
1283;2022-04-20T18:02:00;2022-04-20T18:40:32;247;FALSE;;;Nationality and Borders Bill: Motion to disagree with LA 5B;310;231;;;;;;;0.83
1282;2022-04-20T17:48:00;2022-04-20T18:27:29;246;FALSE;;;Nationality and Borders Bill: Motion to disagree with LA 4G;311;231;;;;;;;0.83
1281;2022-04-20T16:35:00;2022-04-20T17:00:47;245;FALSE;;;Building Safety Bill: LA184, as amended;318;188;;;;;;;0.78
1280;2022-04-20T16:18:00;2022-04-20T16:58:33;244;FALSE;;;Building Safety Bill: Govt amendments (c) & (d) to LA184;317;190;;;;;;;0.78
1279;2022-04-20T16:00:00;2022-04-20T16:26:07;243;FALSE;;;Building Safety Bill: motion to agree Lords Amendment 94, as amended ;318;189;;;;;;;0.78
1278;2022-04-20T15:36:00;2022-04-21T16:21:58;242;FALSE;;;Building Safety Bill: Motion to agree Govt (a) to LA 94;316;188;;;;;;;0.78
1315;2022-05-25T14:56:00;2022-05-25T16:11:43;9;FALSE;;;Product Security and Telecommunications Infrastructure Bill Report Stage: Amendment 14;163;280;;;;;;;0.68
1314;2022-05-24T18:38:00;2022-05-24T20:12:56;8;FALSE;;;Northern Ireland Troubles (Legacy and Reconciliation) Bill: Second Reading ;285;208;;;;;;;0.76
1313;2022-05-23T22:03:00;2022-05-23T22:18:58;7;FALSE;;;Public Order Bill: Second Reading;292;202;;;;;;;0.76
1312;2022-05-23T21:49:00;2022-05-26T16:22:21;6;FALSE;;;Public Order Bill: Reasoned Amendment to Second Reading;200;292;;;;;;;0.76
1311;2022-05-18T19:36:00;2022-05-18T19:59:35;5;FALSE;;;Humble Address (main Question);312;229;;;;;;;0.83
1310;2022-05-18T19:24:00;2022-05-18T19:37:50;4;FALSE;;;Queen's Speech debate (amendment s);59;313;;;;;;;0.57
1309;2022-05-18T19:13:00;2022-05-18T19:30:20;3;FALSE;;;Queen's Speech debate (amendment m);59;315;;;;;;;0.58
1308;2022-05-18T18:58:00;2022-05-18T19:38:53;2;FALSE;;;Queen's Speech debate (Opposition amendment w);229;312;;;;;;;0.83
1307;2022-05-17T18:57:00;2022-05-23T18:16:28;1;FALSE;;;Queen's Speech debate (Opposition amendment v);248;310;;;;;;;0.86
1328;2022-06-29T19:26:00;2022-06-30T12:05:49;22;FALSE;;;Northern Ireland Troubles (Legacy and Reconciliation) Bill Committee: Clauses 18 to 25 etc. stand part;273;205;;;;;;;0.74
1327;2022-06-29T19:14:00;2022-06-30T12:06:38;21;FALSE;;;Northern Ireland Troubles (Legacy and Reconciliation) Bill Committee:Amendment 98;175;271;;;;;;;0.69
1326;2022-06-29T19:01:00;2022-06-29T19:23:47;20;FALSE;;;Northern Ireland Troubles (Legacy and Reconciliation) Bill Committee: Amendment 97;191;271;;;;;;;0.71
1325;2022-06-27T21:58:00;2022-06-29T15:28:25;19;FALSE;;;Northern Ireland Protocol Bill: Second Reading ;295;221;;;;;;;0.79
1324;2022-06-22T00:00:00;2022-06-22T15:05:00;18;TRUE;;;Abortion (Northern Ireland) Regulations 2022 (SI, 2022, No. 554);215;70;;;;;;;0.44
1323;2022-06-21T18:47:00;2022-06-22T18:18:33;17;FALSE;;;Opposition Day: Adviser on Ministerial Interests;161;252;;;;;;;0.64
1322;2022-06-20T21:39:00;2022-06-21T11:57:19;16;FALSE;;;High Speed Rail (Crewe - Manchester) Bill: Second Reading;205;6;;;;;;;0.32
1321;2022-06-15T17:15:00;2022-06-15T17:43:12;15;FALSE;;;Rail strikes (main question);293;15;;;;;;;0.47
1320;2022-06-15T17:01:00;2022-06-15T17:34:17;14;FALSE;;;Rail strikes: Opposition amendment (a);174;286;;;;;;;0.71
1319;2022-06-14T15:42:00;2022-06-14T16:43:14;13;FALSE;;;Opposition Day: censure Minister for Safe and Legal Migration;198;295;;;;;;;0.76
1318;2022-06-13T20:06:00;2022-06-13T21:32:54;12;FALSE;;;Higher Education (Freedom of Speech) Bill Report Stage: Amendment 17;152;284;;;;;;;0.67
1317;2022-06-13T19:52:00;2022-06-13T21:33:32;11;FALSE;;;Higher Education (Freedom of Speech) Bill: Report stage: New Clause 4;150;282;;;;;;;0.66
1316;2022-06-07T15:58:00;2022-07-15T12:57:22;10;FALSE;;;Opposition Day: Standards in public life;215;0;;;;;;;0.33
1359;2022-07-20T18:48:00;2022-07-20T19:10:32;53;FALSE;;;Northern Ireland Protocol Bill: Third Reading;267;195;;;;;;;0.71
1358;2022-07-20T18:05:00;2022-07-20T18:41:06;52;FALSE;;;Northern Ireland Protocol Bill Committee: New Clause 12;192;273;;;;;;;0.72
1357;2022-07-20T17:51:00;2022-07-20T18:26:21;51;FALSE;;;Northern Ireland Protocol Bill Committee: Amendment 3 ;194;275;;;;;;;0.72
1356;2022-07-20T17:07:00;2022-07-20T17:27:56;50;FALSE;;;Northern Ireland Protocol Bill Committee: Amendment 49;196;278;;;;;;;0.73
1355;2022-07-20T16:52:00;2022-07-20T17:17:15;49;FALSE;;;Northern Ireland Protocol Bill Committee: Amendment 12;197;277;;;;;;;0.73
1354;2022-07-19T16:47:00;2022-07-19T17:06:10;48;FALSE;;;Northern Ireland Protocol Bill Committee: New Clause 15;204;292;;;;;;;0.76
1353;2022-07-19T16:33:00;2022-07-19T17:05:56;47;FALSE;;;Northern Ireland Protocol Bill Committee: Amendment 28;205;293;;;;;;;0.77
1352;2022-07-19T16:18:00;2022-07-21T15:08:07;46;FALSE;;;Northern Ireland Protocol Bill Committee: Amendment 44;201;293;;;;;;;0.76
1351;2022-07-18T21:57:00;2022-07-19T12:52:12;45;FALSE;;;Confidence in Her Majesty’s Government;349;238;;;;;;;0.90
1350;2022-07-13T19:19:00;2022-07-13T20:02:20;44;FALSE;;;Northern Ireland Protocol Bill: Amendment 24;212;285;;;;;;;0.76
1349;2022-07-13T17:55:00;2022-07-13T18:16:21;43;FALSE;;;Northern Ireland Protocol Bill: New Clause 10;229;300;;;;;;;0.81
1348;2022-07-13T17:44:00;2022-07-13T18:00:07;42;FALSE;;;Northern Ireland Protocol Bill: Clauses 15 and 16 stand part;308;231;;;;;;;0.83
1347;2022-07-13T17:31:00;2022-07-13T17:47:29;41;FALSE;;;Northern Ireland Protocol Bill Committee: Amendment 8;230;308;;;;;;;0.83
1346;2022-07-13T17:16:00;2022-07-13T17:35:46;40;FALSE;;;Northern Ireland Protocol Bill Committee: Amendment 26;231;313;;;;;;;0.84
1345;2022-07-12T18:34:00;2022-07-12T19:12:26;39;FALSE;;;Online Safety Bill Report Stage: Amendment 31;188;283;;;;;;;0.72
1344;2022-07-12T18:17:00;2022-07-12T19:12:13;38;FALSE;;;Online Safety Bill Report Stage: New Clause 7;220;285;;;;;;;0.78
1343;2022-07-12T16:59:00;2022-07-12T21:36:38;37;FALSE;;;Online Safety Bill Report Stage: New Clause 14;288;229;;;;;;;0.80
1342;2022-07-12T16:46:00;2022-07-12T18:54:38;36;FALSE;;;Online Safety Bill Report Stage: Amendment 187;229;294;;;;;;;0.80
1341;2022-07-12T16:31:00;2022-07-12T20:05:04;35;FALSE;;;Online Safety Bill Report Stage: New Clause 3;226;292;;;;;;;0.80
1340;2022-07-11T21:27:00;2022-07-12T19:11:41;34;FALSE;;;Humble Address: Liability of Trade Unions in Proceedings in Tort (Increase of Limits on Damages) Order 2022;201;290;;;;;;;0.76
1339;2022-07-11T21:13:00;2022-07-11T21:37:38;33;FALSE;;;draft Conduct of Employment Agencies and Employment Businesses (Amendment) Regulations 2022;289;202;;;;;;;0.76
1338;2022-07-11T19:32:00;2022-07-11T19:55:53;32;FALSE;;;Energy (Oil and Gas) Profits Levy Bill Committee: New Clause 3;203;289;;;;;;;0.76
1337;2022-07-11T19:19:00;2022-07-12T16:57:35;31;FALSE;;;Energy (Oil and Gas) Energy Profits Levy Bill Committee: Clause 2 stand part;284;202;;;;;;;0.75
1336;2022-07-11T19:06:00;2022-07-12T16:59:08;30;FALSE;;;Energy (Oil and Gas) Profits Levy Bill Committee: Amendment 9;41;298;;;;;;;0.52
1335;2022-07-04T21:30:00;2022-07-12T19:11:13;29;FALSE;;;draft Slavery and Human Trafficking (Definition of Victim) Regulations 2022;282;217;;;21:30;;;;0.77
1334;2022-07-04T21:16:00;2022-07-04T21:31:21;28;FALSE;;;Northern Ireland Troubles (Legacy and Reconciliation) Bill: Third Reading;282;217;;;;;;;0.77
1333;2022-07-04T20:46:00;2022-07-04T21:31:52;27;FALSE;;;Northern Ireland Troubles (Legacy and Reconciliation) Bill Committee: New Clause 4;220;283;;;;;;;0.77
1332;2022-07-04T20:35:00;2022-07-12T16:29:37;26;FALSE;;;Northern Ireland Troubles (Legacy & Reconciliation) Bill Committee: New Clause 5;218;282;;;;;;;0.77
1331;2022-07-04T20:22:00;2022-07-04T20:38:16;25;FALSE;;;Northern Ireland Troubles (Legacy and Reconciliation) Bill Committee: Clause 39 stand part;282;211;;;;;;;0.76
1330;2022-07-04T20:12:00;2022-07-15T12:56:39;24;FALSE;;;Northern Ireland Troubles (Legacy and Reconciliation) Bill Committee: Amendment 116;211;282;;;;;;;0.76
1329;2022-07-04T19:55:00;2022-07-15T12:56:57;23;FALSE;;;Northern Ireland Troubles (Legacy and Reconciliation) Bill Committee: Amendment 114;209;282;;;;;;;0.76
1360;2022-09-06T18:00:00;2022-09-09T10:25:25;54;FALSE;;;Trade (Australia and New Zealand) Bill: Second Reading;309;56;;;;;;;0.56
1391;2022-10-31T22:01:00;2022-11-01T16:35:23;85;FALSE;;;Product Security and Telecommunications Infrastructure Bill: motion to disagree with Lords Amendment 17;268;132;;;;;;;0.62
1390;2022-10-31T21:13:00;2022-11-01T11:42:54;84;FALSE;;;Genetic Technology (Precision Breeding) Bill Report Stage: Amendment 4;141;275;;;;;;;0.64
1389;2022-10-31T21:02:00;2022-11-01T12:18:33;83;FALSE;;;Genetic Technology (Precision Breeding) Bill Report Stage: Amendment 3;136;279;;;;;;;0.64
1388;2022-10-31T20:48:00;2022-11-01T11:42:09;82;FALSE;;;Genetic Technology (Precision Breeding) Bill Report Stage: Amendment 1;159;280;;;;;;;0.68
1387;2022-10-31T08:33:00;2022-11-01T11:41:54;81;FALSE;;;Genetic Technology (Precision Breeding) Bill Report Stage: New Clause 9;37;282;;;;;;;0.49
1386;2022-10-28T09:35:00;2022-10-28T09:47:08;80;FALSE;;;Motion to sit in private;0;44;;;;;;;0.07
1385;2022-10-26T16:29:00;2022-10-27T14:02:45;79;FALSE;;;Identity and Language (Northern Ireland) Bill [Lords] Committee: Amendment 13;129;279;;;;;;;0.63
1384;2022-10-26T16:17:00;2022-10-27T14:02:28;78;FALSE;;;Identity and Language (Northern Ireland) Bill [Lords] Committee: Amendment 1 ;106;286;;;;;;;0.60
1383;2022-10-26T16:03:00;2022-10-31T09:50:38;77;FALSE;;;Identity and Language (Northern Ireland) Bill [Lords] Committee: Amendment 6;136;276;;;;;;;0.63
1382;2022-10-25T19:36:00;2022-10-25T19:50:08;76;FALSE;;;Retained EU Law (Revocation and Reform) Bill: Ways and Means;260;4;;;;;;;0.41
1381;2022-10-25T19:26:00;2022-10-25T19:39:21;75;FALSE;;;Retained EU Law (Revocation and Reform) Bill: Money;265;44;;;;;;;0.48
1380;2022-10-25T19:15:00;2022-10-25T19:28:24;74;FALSE;;;Retained EU Law (Revocation and Reform) Bill: Programme Motion;270;45;;;;;;;0.48
1379;2022-10-25T19:04:00;2022-10-25T19:17:19;73;FALSE;;;Retained EU Law (Revocation and Reform) Bill: Second Reading;280;225;;;;;;;0.78
1378;2022-10-25T18:51:00;2022-10-25T19:07:39;72;FALSE;;;Retained EU Law (Revocation and Reform) Bill: Reasoned Amendment to Second Reading;223;277;;;;;;;0.77
1377;2022-10-25T14:17:00;2022-10-25T14:40:25;71;FALSE;;;Motion to sit in private;39;240;;;;;;;0.43
1376;2022-10-24T19:51:00;2022-10-24T20:21:55;70;FALSE;;;Stamp Duty Land Tax (Reduction) Bill: second reading;288;152;;;;;;;0.68
1375;2022-10-24T18:57:00;2022-10-25T13:07:03;69;FALSE;;;Stamp Duty Land Tax (main motion);290;167;;;;;;;0.70
1374;2022-10-24T18:44:00;2022-10-24T18:59:19;68;FALSE;;;Stamp Duty Land Tax (Reduction) Amendment (a);165;293;;;;;;;0.70
1373;2022-10-21T09:34:00;2022-10-21T09:51:07;67;FALSE;;;Motion to sit in private;0;34;;;;;;;0.05
1372;2022-10-19T18:59:00;2022-10-20T12:09:35;66;FALSE;;;Ban on Fracking for Shale Gas Bill;230;326;;;;;;;0.86
1371;2022-10-19T16:00:00;2022-10-19T16:29:56;65;FALSE;;;Opposition Day: Economic responsibility and a plan for growth;223;0;;;;;;;0.34
1370;2022-10-18T17:37:00;2022-10-20T11:13:46;64;FALSE;;;Public Order Bill: Third Reading;283;234;;;;;;;0.80
1369;2022-10-18T17:14:00;2022-10-20T11:15:04;63;FALSE;;;Public Order Bill Report Stage: Amendment 1;235;302;;;;;;;0.83
1368;2022-10-18T17:01:00;2022-10-19T09:20:27;62;FALSE;;;Public Order Bill Report Stage: New Clause 11;297;110;;;;;;;0.63
1367;2022-10-18T16:48:00;2022-10-19T09:42:09;61;FALSE;;;Public Order Bill Report Stage: New Clause 5;186;311;;;;;;;0.76
1366;2022-10-18T16:32:00;2022-10-19T09:41:53;60;FALSE;;;Public Order Bill Report Stage: New Clause 4;188;313;;;;;;;0.77
1365;2022-10-17T21:40:00;2022-10-17T22:25:42;59;FALSE;;;Energy Prices Bill Committee: Amendment 2;229;303;;;;;;;0.82
1364;2022-10-17T21:27:00;2022-10-17T22:25:25;58;FALSE;;;Energy Prices Bill Committee: New Clause 18;61;304;;;;;;;0.56
1363;2022-10-17T21:12:00;2022-10-18T13:09:50;57;FALSE;;;Energy Prices Bill Committee: New Clause 3;227;302;;;;;;;0.81
1362;2022-10-12T16:53:00;2022-10-12T17:34:17;56;FALSE;;;Identity and Language (Northern Ireland) Bill [Lords]: Second Reading;380;4;;;;;;;0.59
1361;2022-10-11T19:42:00;2022-10-12T11:16:07;55;FALSE;;;Health and Social Care Levy (Repeal) Bill: New Clause 1;190;257;;;;;;;0.69
1412;2022-11-30T16:22:00;2022-12-01T11:29:28;106;FALSE;;;Finance Bill Committee: Third Reading;280;205;;;;;;;0.75
1411;2022-11-30T16:03:00;2022-12-01T13:20:36;105;FALSE;;;Finance Bill Committee: New Clause 3;212;290;;;;;;;0.77
1410;2022-11-30T15:51:00;2022-12-01T11:40:04;104;FALSE;;;Finance Bill Committee: New Clause 2;212;292;;;;;;;0.78
1409;2022-11-30T15:38:00;2022-12-01T11:43:46;103;FALSE;;;Finance Bill Committee: Clause 5 stand part;285;210;;;;;;;0.76
1408;2022-11-30T15:24:00;2022-11-30T16:57:32;102;FALSE;;;Finance Bill Committee: Amendment 2;55;285;;;;;;;0.52
1407;2022-11-29T14:27:00;2022-11-29T14:44:49;101;FALSE;;;Privilege Motion;371;16;;;;;;;0.60
1406;2022-11-28T20:50:00;2022-11-29T17:00:42;100;FALSE;;;Finance Bill: Second Reading;290;47;;;;;;;0.52
1405;2022-11-28T20:35:00;2022-11-29T17:00:20;99;FALSE;;;Finance Bill: Reasoned Amendment to Second Reading;216;289;;;;;;;0.78
1404;2022-11-23T18:28:00;2022-11-24T12:09:59;98;FALSE;;;Levelling-up and Regeneration Bill Report Stage: Amendment 14;190;285;;;;;;;0.73
1403;2022-11-23T18:16:00;2022-11-24T12:05:15;97;FALSE;;;Levelling-up and Regeneration Bill Report Stage: New Clause 84;155;285;;;;;;;0.68
1402;2022-11-23T18:05:00;2022-11-28T16:44:59;96;FALSE;;;Levelling-up and Regeneration Bill Report Stage: New Clause 46;159;281;;;;;;;0.68
1401;2022-11-23T17:49:00;2022-11-24T12:08:17;95;FALSE;;;Levelling-up and Regeneration Bill Report Stage: New Clause 41 ;155;284;;;;;;;0.68
1400;2022-11-22T18:51:00;2022-11-23T17:30:25;94;FALSE;;;Ways and Means Motion No. 3: Basic rate limit and personal allowance for tax years 2026-27 and 2027-28;318;223;;;;;;;0.83
1399;2022-11-18T09:34:00;2022-11-18T09:51:13;93;FALSE;;;Motion to sit in private;0;45;;;;;;;0.07
1398;2022-11-16T18:39:00;2022-11-16T18:56:00;92;FALSE;;;National Security Bill Report Stage: Government Amendment 60;275;209;;;;;;;0.74
1397;2022-11-16T18:23:00;2022-11-17T16:42:14;91;FALSE;;;National Security Bill Report Stage: Amendment 132;56;282;;;;;;;0.52
1396;2022-11-16T18:11:00;2022-11-18T10:02:39;90;FALSE;;;National Security Bill Report Stage: Amendment 14;212;283;;;;;;;0.76
1395;2022-11-16T17:57:00;2022-11-17T13:54:00;89;FALSE;;;National Security Bill Report Stage: New Clause 3;211;283;;;;;;;0.76
1394;2022-11-08T18:47:00;2022-11-09T11:24:31;88;FALSE;;;Opposition Day: Papers relating to the Home Secretary;208;300;;;;;;;0.78
1393;2022-11-08T16:01:00;2022-11-08T16:20:01;87;FALSE;;;Opposition Day: the State Pension triple lock;218;0;;;;;;;0.34
1392;2022-11-02T19:00:00;2022-11-02T19:45:41;86;FALSE;;;Opposition Day: Scottish Independence and Scottish Economy;38;0;;;;;;;0.06
1438;2022-12-14T18:56:00;2022-12-16T10:31:59;132;FALSE;;;Opposition day: Scotland's future;42;265;;;;;;;0.47
1437;2022-12-14T14:02:00;2022-12-14T14:53:03;131;FALSE;;;Asylum Seekers (Removal to safe countries) - Leave to bring in bill;69;188;;;;;;;0.40
1436;2022-12-14T00:00:00;2022-12-14T16:01:24;130;TRUE;;;draft Architects Act 1997 (Amendment) Regulations 2022;303;42;;;;;;;0.53
1435;2022-12-13T18:46:00;2022-12-15T17:13:25;129;FALSE;;;Levelling-up and Regeneration Bill: Amendment 84;171;319;;;;;;;0.75
1434;2022-12-13T18:30:00;2022-12-13T19:02:14;128;FALSE;;;Levelling-up and Regeneration Bill Report Stage: Amendment 78;171;320;;;;;;;0.76
1433;2022-12-13T18:16:00;2022-12-13T19:02:41;127;FALSE;;;Levelling-up and Regeneration Bill: New Clause 120;172;321;;;;;;;0.76
1432;2022-12-13T18:01:00;2022-12-14T15:00:18;126;FALSE;;;Levelling-up and Regeneration Bill Report Stage: New Clause 98;174;322;;;;;;;0.76
1431;2022-12-12T22:36:00;2022-12-13T10:03:31;125;FALSE;;;Standards Code of Conduct amendment (b);135;239;;;;;;;0.58
1430;2022-12-12T22:23:00;2022-12-13T10:03:05;124;FALSE;;; Standards Code of Conduct amendment (a);135;241;;;;;;;0.58
1429;2022-12-12T20:18:00;2022-12-13T12:34:11;123;FALSE;;;Draft Voter Identification Regulations 2022;298;199;;;;;;;0.76
1428;2022-12-12T18:59:00;2022-12-13T10:02:14;122;FALSE;;;Trade (Australia and New Zealand) Bill: Third Reading;294;46;;;;;;;0.52
1427;2022-12-12T18:34:00;2022-12-14T18:18:43;121;FALSE;;;Trade (Australia and New Zealand) Bill Report Stage: Amendment 3;34;300;;;;;;;0.51
1426;2022-12-12T18:21:00;2022-12-12T19:53:37;120;FALSE;;;Trade (Australia and New Zealand) Bill Report Stage: NC12;192;299;;;;;;;0.76
1425;2022-12-12T18:07:00;2022-12-13T17:28:47;119;FALSE;;;Trade (Australia and New Zealand) Bill Report Stage: NC2;192;296;;;;;;;0.75
1424;2022-12-07T18:30:00;2022-12-07T18:46:53;118;FALSE;;;Financial Markets and Services Bill Report Stage: New Clause 7;206;271;;;;;;;0.73
1423;2022-12-07T18:16:00;2022-12-09T13:07:31;117;FALSE;;;Financial Markets and Services Bill Report Stage: New Clause 2;204;278;;;;;;;0.74
1422;2022-12-07T18:01:00;2022-12-07T18:18:41;116;FALSE;;;Financial Services and Markets Bill Report Stage: New Clause 1;205;282;;;;;;;0.75
1421;2022-12-07T00:00:00;2022-12-07T17:19:46;115;TRUE;;;draft Police and Crime Commissioner Elections and Welsh Forms (Amendment) Order 2022;289;13;;;;;;;0.46
1420;2022-12-07T00:00:00;2022-12-07T17:20:18;114;TRUE;;;draft Local Authorities (Mayoral Elections) (England and Wales) (Amendment) Regulations 2022;289;12;;;;;;;0.46
1419;2022-12-07T00:00:00;2022-12-07T17:20:31;113;TRUE;;;draft Combined Authorities (Mayoral Elections) (Amendment) Order 2022;289;12;;;;;;;0.46
1418;2022-12-07T00:00:00;2022-12-07T17:20:51;112;TRUE;;;draft Agricultural Holdings (Fee) Regulations 2022;291;159;;;;;;;0.69
1417;2022-12-06T16:36:00;2022-12-07T15:43:33;111;FALSE;;;Opposition Day: NHS Workforce;226;0;;;;;;;0.35
1416;2022-12-05T21:51:00;2022-12-06T14:56:36;110;FALSE;;;Online Safety Bill: Programme (No. 4) Motion ;314;216;;;;;;;0.82
1415;2022-12-05T21:16:00;2022-12-13T17:44:26;109;FALSE;;;Online Safety Bill Report Stage: New Clause 28;240;312;;;;;;;0.85
1414;2022-12-05T21:03:00;2022-12-05T21:23:32;108;FALSE;;;Online Safety Bill Report Stage: New Clause 17;238;311;;;;;;;0.84
1413;2022-12-05T20:49:00;2022-12-05T21:28:26;107;FALSE;;;Online Safety Bill Report Stage: New Clause 16;242;308;;;;;;;0.85
1475;2023-01-31T18:51:00;2023-01-31T19:09:40;169;FALSE;;;Opposition Day: Non-domicile tax status;229;305;;;;;;;0.82
1474;2023-01-31T16:48:00;2023-02-01T15:50:05;168;FALSE;;;Opposition Day: Crime and Neighbourhood Policing: Government amendment;308;1;;;;;;;0.48
1473;2023-01-31T16:34:00;2023-02-01T16:03:14;167;FALSE;;;Opposition Day: Crime and Neighbourhood Policing;195;309;;;;;;;0.78
1472;2023-01-30T23:00:00;2023-01-31T11:55:59;166;FALSE;;;Strikes (Minimum Service Levels) Bill Committee: Third Reading;315;246;;;;;;;0.86
1471;2023-01-30T22:36:00;2023-01-30T23:28:48;165;FALSE;;;Strikes (Minimum Service Levels) Bill Committee: Amendment 1;246;315;;;;;;;0.86
1470;2023-01-30T22:23:00;2023-02-01T10:00:23;164;FALSE;;;Strikes (Minimum Service Levels) Bill Committee: Amendment 4;250;317;;;;;;;0.87
1469;2023-01-30T22:10:00;2023-01-31T11:31:56;163;FALSE;;;Strikes (Minimum Service Levels) Bill Committee: Amendment 2;247;318;;;;;;;0.87
1468;2023-01-30T21:56:00;2023-01-30T23:27:25;162;FALSE;;;Strikes (Minimum Service Levels) Bill Committee: Amendment 32;46;321;;;;;;;0.56
1467;2023-01-25T17:40:00;2023-01-25T18:00:21;161;FALSE;;;Economic Crime and Corporate Transparency Bill Report Stage: New Clause 27;221;289;;;;;;;0.78
1466;2023-01-25T17:27:00;2023-01-25T18:23:27;160;FALSE;;;Economic Crime and Corporate Transparency Bill Report Stage: New Clause 26;222;289;;;;;;;0.79
1465;2023-01-25T17:11:00;2023-01-26T08:48:14;159;FALSE;;;Economic Crime and Corporate Transparency Bill Report Stage: New Clause 3;220;290;;;;;;;0.78
1464;2023-01-25T00:00:00;2023-01-25T16:51:08;158;TRUE;;;Draft Environmental Targets (Residual Waste) (England) Regulations 2022;301;170;;;;;;;0.72
1463;2023-01-25T00:00:00;2023-01-25T16:52:01;157;TRUE;;;Draft Environmental Targets (Fine Particulate Matter) (England) Regulations;301;170;;;;;;;0.72
1462;2023-01-25T00:00:00;2023-01-25T16:51:47;156;TRUE;;;Draft Environmental Targets (Water) (England) Regulations 2022;300;170;;;;;;;0.72
1461;2023-01-25T00:00:00;2023-01-25T16:51:35;155;TRUE;;;Draft Environmental Targets (Woodland and Trees Outside Woodland) (England) Regulations 2022;302;166;;;;;;;0.72
1460;2023-01-25T00:00:00;2023-01-25T16:51:22;154;TRUE;;;Draft Environmental Targets (Biodiversity) (England) Regulations 2022;302;166;;;;;;;0.72
1459;2023-01-24T18:51:00;2023-01-25T11:53:09;153;FALSE;;;Economic Crime and Corporate Transparency Bill Report Stage: New Clause 36;233;290;;;;;;;0.80
1458;2023-01-24T18:37:00;2023-01-25T16:54:33;152;FALSE;;;Economic Crime and Corporate Transparency Bill Report Stage: New Clause 34;234;291;;;;;;;0.81
1457;2023-01-24T18:20:00;2023-01-25T18:20:44;151;FALSE;;;Economic Crime and Corporate Transparency Bill Report Stage: New Clause 22;232;296;;;;;;;0.81
1456;2023-01-18T18:55:00;2023-01-20T12:55:58;150;FALSE;;;Retained EU Law (Revocation and Reform) Bill: Third Reading;297;238;;;;;;;0.82
1455;2023-01-18T18:32:00;2023-01-19T11:47:06;149;FALSE;;;Retained EU Law (Revocation and Reform) Bill Report Stage: Amendment 36;242;295;;;;;;;0.83
1454;2023-01-18T18:19:00;2023-01-23T10:59:52;148;FALSE;;;Retained EU Law (Revocation and Reform) Bill Report Stage: Amendment 19;238;301;;;;;;;0.83
1453;2023-01-18T18:07:00;2023-01-19T11:35:34;147;FALSE;;;Retained EU Law (Revocation and Reform) Bill Report Stage: Amendment 28;239;300;;;;;;;0.83
1452;2023-01-18T17:53:00;2023-01-20T13:25:06;146;FALSE;;;Retained EU Law (Revocation and Reform) Bill Report Stage: Amendment 18;239;297;;;;;;;0.82
1451;2023-01-17T20:26:00;2023-01-18T11:32:02;145;FALSE;;;Online Safety Bill Report Stage: Amendment 43;237;316;;;;;;;0.85
1450;2023-01-17T20:13:00;2023-01-17T20:26:50;144;FALSE;;;Online Safety Bill Report Stage: New Clause 4;242;310;;;;;;;0.85
1449;2023-01-17T17:26:00;2023-01-18T10:05:05;143;FALSE;;;Standing Order No. 24 debate: section 35 of the Scotland Act;318;71;;;;;;;0.60
1448;2023-01-16T22:43:00;2023-01-17T10:05:14;142;FALSE;;;Strikes (Minimum Service Levels) Bill: Money;305;49;;;;;;;0.54
1447;2023-01-16T21:31:00;2023-01-18T10:06:57;141;FALSE;;;Strikes (Minimum Service Levels) Bill: Programme;306;252;;;;;;;0.86
1446;2023-01-16T22:18:00;2023-01-17T18:02:30;140;FALSE;;;Strikes (Minimum Service Levels) Bill: Second Reading;309;249;;;;;;;0.86
1445;2023-01-16T21:58:00;2023-01-17T16:14:33;139;FALSE;;;Motion to sit in private;49;482;;;;;;;0.82
1444;2023-01-11T19:12:00;2023-01-12T16:52:24;138;FALSE;;;Opposition day: NHS: Long-term strategy: Government amendment;289;0;;;;;;;0.44
1443;2023-01-11T18:58:00;2023-01-17T17:35:00;137;FALSE;;;Opposition day: NHS: Long-term strategy;176;296;;;;;;;0.73
1442;2023-01-11T15:30:00;2023-01-11T19:14:18;136;FALSE;;;Opposition day: Fair Taxation of Schools and Education Standards Committee;197;303;;;;;;;0.77
1441;2023-01-10T16:50:00;2023-01-12T16:23:32;135;FALSE;;;Stamp Duty Land Tax (Temporary Relief) Bill: Third Reading;308;170;;;;;;;0.74
1440;2023-01-10T16:36:00;2023-01-12T16:23:20;134;FALSE;;;Stamp Duty Land Tax (Reduction) Bill Committee: New Clause 3;14;310;;;;;;;0.50
1439;2023-01-10T16:20:00;2023-01-12T16:22:54;133;FALSE;;;Stamp Duty Land Tax (Reduction) Bill Committee: Amendment (a) to Government Amendment 1;184;311;;;;;;;0.76
1485;2023-02-28T16:36:00;2023-02-28T16:52:52;179;FALSE;;;Opposition Day: Expanding the NHS workforce;224;0;;;;;;;0.34
1484;2023-02-21T16:31:00;2023-02-27T09:37:47;178;FALSE;;;Scottish Affairs Committee Membership;383;37;;;;;;;0.65
1483;2023-02-07T18:39:00;2023-02-09T11:22:55;177;FALSE;;;Nuclear Regulated Asset Base Model (Revenue Collection) Regulations 2023: Motion to approve;283;35;;;;;;;0.49
1482;2023-02-07T18:23:00;2023-02-07T19:17:11;176;FALSE;;;Higher Education (Freedom of Speech) Bill: Motion to disagree with Lords Amendment 10;283;161;;;;;;;0.68
1481;2023-02-07T16:36:00;2023-02-07T16:54:11;175;FALSE;;;Seafarers' Wages Bill [Lords] Report Stage: Amendment 24;213;285;;;;;;;0.77
1480;2023-02-07T16:24:00;2023-02-07T16:42:06;174;FALSE;;;Seafarers' Wages Bill [Lords] Report Stage: New Clause 4;210;278;;;;;;;0.75
1479;2023-02-07T16:10:00;2023-02-07T17:13:00;173;FALSE;;;Seafarers' Wages Bill [Lords] Report Stage: New Clause 2;215;274;;;;;;;0.75
1478;2023-02-01T16:07:00;2023-02-07T16:07:27;172;FALSE;;;UK Infrastructure Bank Bill [Lords] Report Stage: Amendment 2;41;285;;;;;;;0.50
1477;2023-02-01T15:54:00;2023-02-07T16:07:12;171;FALSE;;;UK Infrastructure Bank Bill [Lords] Report Stage: Amendment 5;212;269;;;;;;;0.74
1476;2023-02-01T15:41:00;2023-02-02T13:00:04;170;FALSE;;;UK Infrastructure Bank Bill [Lords] Report Stage: New Clause 2;210;271;;;;;;;0.74
1515;2023-03-29T18:03:00;2023-04-04T14:29:55;208;FALSE;;;Finance (No. 2) Bill: Reasoned Amendment to Second Reading motion;211;289;;;;;;;0.77
1514;2023-03-28T20:37:00;2023-03-30T15:37:18;207;FALSE;;;Illegal Migration Bill: Committee of the whole House: New Clause 27;248;301;;;;;;;0.84
1513;2023-03-28T20:25:00;2023-03-29T12:15:59;206;FALSE;;;Illegal Migration Bill: Committee of the whole House: New Clause 21;249;301;;;;;;;0.85
1512;2023-03-28T20:13:00;2023-03-29T12:15:05;205;FALSE;;;Illegal Migration Bill: Committee of the whole House: Amendment 288;248;299;;;;;;;0.84
1511;2023-03-28T20:01:00;2023-03-29T11:13:54;204;FALSE;;;Illegal Migration Bill: Committee of the whole House: Clause 11 stand part;302;242;;;;;;;0.84
1510;2023-03-28T19:46:00;2023-03-28T20:05:42;203;FALSE;;;Illegal Migration Bill: Committee of the whole House: Amendment 189;242;309;;;;;;;0.85
1509;2023-03-27T22:43:00;2023-04-04T14:30:10;202;FALSE;;;Illegal Migration Bill: Committee of the whole House: New Clause 25;196;306;;;;;;;0.77
1508;2023-03-27T22:31:00;2023-04-04T14:30:22;201;FALSE;;;Illegal Migration Bill: Committee of the whole House: New Clause 24;248;301;;;;;;;0.84
1507;2023-03-27T22:20:00;2023-04-04T14:30:33;200;FALSE;;;Illegal Migration Bill: Committee of the whole House: New Clause 6;67;307;;;;;;;0.58
1506;2023-03-27T22:03:00;2023-04-04T14:30:45;199;FALSE;;;Illegal Migration Bill: Committee of the whole House: Amendment 76;244;308;;;;;;;0.85
1505;2023-03-22T15:15:00;2023-03-22T15:49:22;198;FALSE;;;Public Order Bill: Motion to disagree with the Lords in Amendments 6B to 6F;297;229;;;;;;;0.81
1504;2023-03-22T14:21:00;2023-03-27T11:49:14;197;FALSE;;;Draft Windsor Framework (Democratic Scrutiny) Regulations 2023;515;29;;;;;;;0.84
1503;2023-03-22T00:00:00;2023-03-22T15:15:55;196;TRUE;;;Draft Criminal Justice Act 2003 (Home Detention Curfew) Order 2023;290;14;;;;;;;0.47
1502;2023-03-21T19:15:00;2023-03-23T17:19:13;195;FALSE;;;Budget Motion no. 36: Alcohol duty;321;64;;;;;;;0.59
1501;2023-03-21T18:58:00;2023-03-23T17:18:53;194;FALSE;;;Budget Motion no. 18: Pensions (lifetime allowance charge and annual allowance);330;233;;;;;;;0.87
1499;2023-03-13T22:42:00;2023-03-13T22:57:31;193;FALSE;;;Illegal Migration Bill: Money;310;246;;;;;;;0.86
1498;2023-03-13T22:28:00;2023-03-14T10:30:22;192;FALSE;;;Illegal Migration Bill: Programme motion;312;248;;;;;;;0.86
1497;2023-03-13T22:15:00;2023-03-14T10:41:08;191;FALSE;;;Illegal Migration Bill: Second Reading;312;250;;;;;;;0.86
1496;2023-03-13T22:00:00;2023-03-13T22:28:58;190;FALSE;;;Illegal Migration Bill: Reasoned Amendment to Second Reading;249;312;;;;;;;0.86
1495;2023-03-07T19:08:00;2023-03-07T19:28:11;189;FALSE;;;Public Order Bill: Motion to disagree with Lords Amendment 20;280;232;;;;;;;0.79
1494;2023-03-07T18:55:00;2023-03-08T14:03:09;188;FALSE;;;Public Order Bill: Amendment (a) in lieu of Lords Amendment 1;285;231;;;;;;;0.79
1493;2023-03-07T18:43:00;2023-03-08T09:16:46;187;FALSE;;;Public Order Bill: Motion to disagree with Lords Amendment 1;286;235;;;;;;;0.80
1492;2023-03-07T18:30:00;2023-03-07T19:24:39;186;FALSE;;;Public Order Bill: Motion to disagree with Lords Amendment 6;281;236;;;;;;;0.80
1491;2023-03-07T18:12:00;2023-03-07T18:48:41;185;FALSE;;;Public Order Bill: Amendment (a) to Lords Amendment 5;116;299;;;;;;;0.64
1490;2023-03-06T20:30:00;2023-03-06T20:55:15;184;FALSE;;;Social Security (Additional Payments) (No. 2) Bill Committee: Amendment 2;154;283;;;;;;;0.67
1489;2023-03-06T20:14:00;2023-03-06T20:40:47;183;FALSE;;;Social Security (Additional Payments) (No. 2) Bill Committee: Amendment 4;9;281;;;;;;;0.45
1488;2023-03-01T16:57:00;2023-03-01T17:17:59;182;FALSE;;;Social Housing (Regulation) Bill [Lords] Report Stage: Amendment 40;180;276;;;;;;;0.70
1487;2023-03-01T16:46:00;2023-03-01T17:18:05;181;FALSE;;;Social Housing (Regulation) Bill [Lords] Report Stage: Amendment 42;180;273;;;;;;;0.70
1486;2023-03-01T16:32:00;2023-03-01T18:03:05;180;FALSE;;;Social Housing (Regulation) Bill [Lords] Report Stage: New Clause 7;179;273;;;;;;;0.70
1534;2023-04-26T19:09:00;2023-05-16T17:29:08;226;FALSE;;;Illegal Migration Bill - Third Reading;289;230;;;;;;;0.80
1533;2023-04-26T18:55:00;2023-05-16T17:28:48;225;FALSE;;;Illegal Migration Bill Report Stage: Amendment 2;231;286;;;;;;;0.80
1532;2023-04-26T18:42:00;2023-04-26T19:02:17;224;FALSE;;;Illegal Migration Bill Report Stage: Amendment 45;231;290;;;;;;;0.80
1531;2023-04-26T18:29:00;2023-04-27T14:30:50;223;FALSE;;;Illegal Migration Bill Report Stage: New Clause 15;219;284;;;;;;;0.77
1530;2023-04-26T18:17:00;2023-05-09T16:42:28;222;FALSE;;;Illegal Migration Bill Report Stage: New Clause 10;231;290;;;;;;;0.80
1529;2023-04-26T18:01:00;2023-05-09T16:42:07;221;FALSE;;;Illegal Migration Bill Report Stage: New Clause 9;233;285;;;;;;;0.80
1528;2023-04-25T19:13:00;2023-05-09T16:41:44;220;FALSE;;;Opposition Day: Cost of living increases: Prime Minister's amendment;285;0;;;;;;;0.44
1527;2023-04-25T18:59:00;2023-05-09T16:40:58;219;FALSE;;;Opposition Day: Cost of living increases;214;288;;;;;;;0.77
1526;2023-04-25T16:22:00;2023-04-27T14:27:34;218;FALSE;;;Opposition Day: Water quality (sewage discharge): motion as amended;286;0;;;;;;;0.44
1525;2023-04-25T16:06:00;2023-04-27T14:24:01;217;FALSE;;;Opposition Day: Water quality (sewage discharge): Prime Minister's amendment;290;188;;;;;;;0.74
1524;2023-04-24T18:28:00;2023-04-24T19:18:59;216;FALSE;;;Public Order Bill: motion to disagree with Lords Amendments 6H & 6J;270;200;;;;;;;0.72
1523;2023-04-19T17:37:00;2023-04-19T17:54:37;215;FALSE;;;Finance (No. 2) Bill Committee of the whole House: Amendment 7;54;290;;;;;;;0.53
1522;2023-04-19T16:09:00;2023-04-19T16:41:09;214;FALSE;;;Finance (No. 2) Bill Committee of the whole House: New Clause 5;218;294;;;;;;;0.79
1521;2023-04-19T15:55:00;2023-04-19T19:02:44;213;FALSE;;;Finance (No. 2) Bill Committee of the whole House: Clause 18 stand part;293;218;;;;;;;0.79
1520;2023-04-19T15:41:00;2023-04-20T14:20:31;212;FALSE;;;Finance (No. 2) Bill Committee of the whole House: Amendment 21;45;292;;;;;;;0.52
1519;2023-04-18T17:01:00;2023-04-19T18:12:37;211;FALSE;;;Finance (No. 2) Bill Committee of the whole House: New Clause 6;232;299;;;;;;;0.82
1518;2023-04-18T16:48:00;2023-04-18T17:12:47;210;FALSE;;;Finance (No. 2) Bill Committee of the whole House: New Clause 3;233;302;;;;;;;0.82
1517;2023-04-18T16:33:00;2023-04-19T18:12:14;209;FALSE;;;Finance (No. 2) Bill Committee of the whole House: New Clause 1;227;306;;;;;;;0.82
1552;2023-05-24T18:39:00;2023-05-24T19:11:53;244;FALSE;;;Retained EU Law (Revocation and Reform) Bill: motion to disagree with Lords Amendment 42;294;217;;;;;;;0.79
1551;2023-05-24T18:27:00;2023-05-31T10:00:35;243;FALSE;;;Retained EU Law (Revocation and Reform) Bill: motion to disagree with Lords Amendment 15;294;217;;;;;;;0.79
1550;2023-05-24T18:13:00;2023-05-24T19:10:59;242;FALSE;;;Retained EU Law (Revocation and Reform) Bill: Amendment (a) to Lords Amendment 1;298;216;;;;;;;0.79
1549;2023-05-24T18:00:00;2023-05-24T18:54:53;241;FALSE;;;Retained EU Law (Revocation and Reform) Bill: motion to disagree with Lords Amendment  Lords Amendment 6;296;215;;;;;;;0.79
1548;2023-05-23T18:56:00;2023-05-26T15:14:05;240;FALSE;;;Opposition Day: Safety of School Buildings;171;296;;;;;;;0.72
1547;2023-05-23T16:27:00;2023-05-23T16:47:13;239;FALSE;;;Opposition Day - Leasehold;174;0;;;;;;;0.27
1546;2023-05-22T20:51:00;2023-05-22T21:04:41;238;FALSE;;;Strikes (Minimum Service Levels) Bill: motion to disagree with Lords Amendment 5;287;232;;;;;;;0.80
1545;2023-05-22T20:40:00;2023-05-23T15:23:41;237;FALSE;;;Strikes (Minimum Service Levels) Bill: motion to disagree with Lords Amendment 4;286;232;;;;;;;0.80
1544;2023-05-22T20:28:00;2023-05-22T20:43:06;236;FALSE;;;Strikes (Minimum Service Levels) Bill: motion to disagree with Lords Amendment 2;286;231;;;;;;;0.80
1543;2023-05-22T20:15:00;2023-05-23T13:24:26;235;FALSE;;;Strikes (Minimum Service Levels) Bill: motion to disagree with Lords Amendment 1;288;227;;;;;;;0.79
1542;2023-05-22T18:09:00;2023-05-26T14:24:11;234;FALSE;;;Non-Domestic Rating Bill Committee: Amendment 20;168;282;;;;;;;0.69
1541;2023-05-16T19:02:00;2023-05-16T19:18:58;233;FALSE;;;Opposition Day: Repeal of the Public Order Act 2023;57;278;;;;;;;0.52
1540;2023-05-16T16:40:00;2023-05-17T14:21:50;232;FALSE;;;Opposition Day: Cost of living: Government Amendment;283;47;;;;;;;0.51
1539;2023-05-16T16:26:00;2023-05-17T14:21:16;231;FALSE;;;Opposition Day: Cost of living;45;287;;;;;;;0.51
1538;2023-05-03T15:35:00;2023-05-03T15:49:48;230;FALSE;;;Lifelong Learning (Higher Education Fee Limits) Bill Report Stage: New Clause 1;89;253;;;;;;;0.53
1537;2023-05-03T14:57:00;2023-05-03T15:10:24;229;FALSE;;;National Security Bill: motion to disagree with Lords Amendment 122;254;136;;;;;;;0.60
1536;2023-05-03T14:45:00;2023-05-03T15:09:03;228;FALSE;;;National Security Bill: motion to disagree with Lords Amendment 22;254;134;;;;;;;0.60
1535;2023-05-03T14:30:00;2023-05-03T16:17:11;227;FALSE;;;National Security Bill: Amendment (c) to Lords Amendment 26;132;252;;;;;;;0.59
1584;2023-06-28T17:58:00;2023-06-28T18:44:54;276;FALSE;;;Holocaust Memorial Bill: Instruction (Amendment a);11;379;;;;;;;0.60
1583;2023-06-28T00:00:00;2023-06-28T15:38:31;275;TRUE;;;Relationships and Sexuality Education (Northern Ireland) (Amendment) Regulations 2023;373;28;;;;;;;0.62
1582;2023-06-27T16:42:00;2023-06-28T18:00:38;274;FALSE;;;Government Amendment to Opposition day debate on Mortgage and rental costs;283;198;;;;;;;0.74
1581;2023-06-27T16:26:00;2023-06-27T18:05:18;273;FALSE;;;Opposition day: Mortgage and rental costs;213;288;;;;;;;0.77
1580;2023-06-27T13:48:00;2023-06-28T14:11:19;272;FALSE;;;Schools (Gender and Parental Rights): Ten-Minute Rule Bill;34;40;;;;;;;0.11
1579;2023-06-26T21:00:00;2023-06-27T13:26:13;271;FALSE;;;National Security Bill: motion to disagree with Lords Amendment 22B;289;199;;;;;;;0.75
1578;2023-06-26T19:50:00;2023-06-26T21:31:00;270;FALSE;;;Financial Services and Markets Bill: motion to agree with Lords Amendment 38;303;36;;;;;;;0.52
1577;2023-06-26T19:38:00;2023-06-27T17:06:37;269;FALSE;;;Financial Services and Markets Bill: motion to disagree with Lords Amendment 10;303;201;;;;;;;0.78
1576;2023-06-26T19:23:00;2023-06-26T20:46:46;268;FALSE;;;Financial Services and Markets Bill: motion to disagree with Lords Amendment 7;301;48;;;;;;;0.54
1575;2023-06-21T18:32:00;2023-06-26T09:33:20;267;FALSE;;;Government Amendment to Opposition day debate on Animal Welfare (Kept Animals);262;0;;;;;;;0.40
1574;2023-06-21T18:19:00;2023-06-21T19:26:41;266;FALSE;;;Opposition Day: Animal Welfare (Kept Animals);183;256;;;;;;;0.68
1573;2023-06-21T15:13:00;2023-06-22T12:09:12;265;FALSE;;;Retained EU Law (Revocation and Reform) Bill Lords Message: motion to disagree with Lords Amendment 42D;275;209;;;;;;;0.74
1572;2023-06-21T14:59:00;2023-06-21T15:25:31;264;FALSE;;;Retained EU Law (Revocation and Reform) Bill Lords Message: motion to disagree with Lords Amendment 15D ;277;208;;;;;;;0.75
1571;2023-06-21T14:00:00;2023-06-22T10:37:48;263;FALSE;;;Strikes (Minimum Service Levels) Bill: motion to disagree with Lords Amendments 5B, 5C and 5D;280;214;;;;;;;0.76
1570;2023-06-21T13:48:00;2023-06-21T14:04:52;262;FALSE;;;Strikes (Minimum Service Levels) Bill: motion to disagree with Lords Amendment 4B;277;209;;;;;;;0.75
1569;2023-06-21T13:35:00;2023-06-21T13:53:01;261;FALSE;;;Strikes (Minimum Service Levels) Bill: motion to disagree with Lords Amendment 2B;283;205;;;;;;;0.75
1568;2023-06-20T15:59:00;2023-06-22T12:50:44;260;FALSE;;;Finance (No. 2) Bill Report Stage: Amendment 1;192;294;;;;;;;0.75
1567;2023-06-20T15:45:00;2023-06-22T12:50:24;259;FALSE;;;Finance (No. 2) Bill Report Stage: New Clause 7;202;296;;;;;;;0.77
1566;2023-06-19T21:26:00;2023-06-20T15:47:27;258;FALSE;;;Privilege Motion;354;7;;;;;;;0.56
1565;2023-06-14T16:17:00;2023-06-14T16:59:30;257;FALSE;;;Opposition Day: Cost of living and Brexit;43;260;;;;;;;0.47
1564;2023-06-14T00:00:00;2023-06-14T14:55:32;256;TRUE;;;Draft Animal By-Products, Pet Passport and Animal Health (Fees) (England) (Amendment) Regulations 2023;284;14;;;;;;;0.46
1563;2023-06-13T17:25:00;2023-06-13T17:39:44;255;FALSE;;;Procurement Bill [Lords] Report Stage: Amendment 3;229;280;;;;;;;0.78
1562;2023-06-13T17:13:00;2023-06-13T17:38:54;254;FALSE;;;Procurement Bill [Lords] Report Stage: Amendment 18 ;225;288;;;;;;;0.79
1561;2023-06-13T17:02:00;2023-06-13T17:38:27;253;FALSE;;;Procurement Bill [Lords] Report Stage: Amendment 2;230;280;;;;;;;0.78
1560;2023-06-13T16:47:00;2023-06-13T17:17:51;252;FALSE;;;Procurement Bill [Lords] Report Stage: New Clause 10 ;231;282;;;;;;;0.79
1559;2023-06-12T18:29:00;2023-06-13T08:54:53;251;FALSE;;;That the draft Public Order Act 1986 (Serious Disruption to the Life of the Community) Regulations 2023 be approved;277;217;;;;;;;0.76
1558;2023-06-12T16:54:00;2023-06-13T14:03:44;250;FALSE;;;Motion to disagree with Lords Amendment 42B;269;202;;;;;;;0.72
1557;2023-06-12T16:39:00;2023-06-12T17:25:20;249;FALSE;;;Motion to disagree with Lords Amendment 15B;269;204;;;;;;;0.73
1556;2023-06-07T18:57:00;2023-06-08T12:24:12;248;FALSE;;;Opposition day: Accountability and scrutiny of Teesworks;166;272;;;;;;;0.67
1555;2023-06-07T16:11:00;2023-06-08T13:25:08;247;FALSE;;;Opposition Day: Mental health treatment and support: Government amendment;278;0;;;;;;;0.43
1554;2023-06-07T15:56:00;2023-06-08T11:49:46;246;FALSE;;;Opposition Day: Mental health treatment and support;185;280;;;;;;;0.72
1553;2023-06-06T12:49:00;2023-06-07T18:57:48;245;FALSE;;;Committee on Standards Motion;185;40;;;;;;;0.35
1617;2023-07-18T18:54:00;2023-07-18T20:42:56;309;FALSE;;;Draft Postal Packets (Miscellaneous Amendments) Order 2023;402;21;;;;;;;0.65
1616;2023-07-18T17:44:00;2023-07-19T13:18:31;308;FALSE;;;Northern Ireland Troubles (Legacy and Reconciliation) Bill: Motion to disagree with Lords Amendment 44 ;292;200;;;;;;;0.76
1615;2023-07-17T20:51:00;2023-07-17T21:24:41;307;FALSE;;;Strikes (Minimum Service Levels) Bill: motion to disagree with Lords Amendment 2D;302;205;;;;;;;0.78
1614;2023-07-17T19:59:00;2023-07-18T16:15:49;306;FALSE;;;Illegal Migration Bill: motion to disagree with Lords Amendments 107B and 107C;292;215;;;;;;;0.78
1613;2023-07-17T19:48:00;2023-07-19T10:47:26;305;FALSE;;;Illegal Migration Bill: motion to disagree with Lords Amendment 103B;297;214;;;;;;;0.79
1612;2023-07-17T19:36:00;2023-07-17T20:05:11;304;FALSE;;;Illegal Migration Bill: motion to disagree with Lords Amendment 102B;284;226;;;;;;;0.78
1611;2023-07-17T19:25:00;2023-07-18T16:39:38;303;FALSE;;;Illegal Migration Bill: motion to disagree with Lords Amendment 56B;282;227;;;;;;;0.78
1610;2023-07-17T19:14:00;2023-07-19T10:47:48;302;FALSE;;;Illegal Migration Bill: motion to disagree with Lords Amendment 33B;300;208;;;;;;;0.78
1609;2023-07-17T19:03:00;2023-07-18T16:27:12;301;FALSE;;;Illegal Migration Bill: motion to disagree with Lords Amendments 36C and 36D;289;220;;;;;;;0.78
1608;2023-07-17T18:52:00;2023-07-17T19:09:20;300;FALSE;;;Illegal Migration Bill: motion to disagree with Lords Amendment 23B;300;212;;;;;;;0.79
1607;2023-07-17T18:40:00;2023-07-17T18:58:08;299;FALSE;;;Illegal Migration Bill: motion to disagree with Lords Amendment 9B;307;208;;;;;;;0.79
1606;2023-07-17T18:25:00;2023-07-17T19:05:14;298;FALSE;;;Illegal Migration Bill: motion to disagree with Lords Amendments 1B, 7B and 90B;298;213;;;;;;;0.79
1605;2023-07-12T00:00:00;2023-07-12T16:01:03;297;TRUE;;;Adjournment (Summer, Conference and Christmas Recess);395;5;;;;;;;0.62
1604;2023-07-11T20:21:00;2023-07-12T11:51:47;296;FALSE;;;Illegal Migration Bill: motion to disagree with Lords Amendment 104;290;222;;;;;;;0.79
1603;2023-07-11T20:10:00;2023-07-13T11:08:56;295;FALSE;;;Illegal Migration Bill: motion to disagree with Lords Amendment 103;291;222;;;;;;;0.79
1602;2023-07-11T19:58:00;2023-07-12T17:59:16;294;FALSE;;;Illegal Migration Bill: motion to disagree with Lords Amendment 102;282;234;;;;;;;0.79
1601;2023-07-11T19:47:00;2023-07-18T16:26:34;293;FALSE;;;Illegal Migration Bill: motion to disagree with Lords Amendment 95;295;220;;;;;;;0.79
1600;2023-07-11T19:36:00;2023-07-12T11:50:48;292;FALSE;;;Illegal Migration Bill: motion to disagree with Lords Amendment 93;296;220;;;;;;;0.79
1599;2023-07-11T07:25:00;2023-07-12T19:20:28;291;FALSE;;;Illegal Migration Bill: motion to disagree with Lords Amendment 90;295;228;;;;;;;0.80
1598;2023-07-11T19:14:00;2023-07-12T11:50:00;290;FALSE;;;Illegal Migration Bill: motion to disagree with Lords Amendment 73;297;227;;;;;;;0.81
1597;2023-07-11T19:00:00;2023-07-12T17:55:12;289;FALSE;;;Illegal Migration Bill: motion to disagree with Lords Amendment 56;285;243;;;;;;;0.81
1596;2023-07-11T18:47:00;2023-07-18T14:19:15;288;FALSE;;;Illegal Migration Bill: motion to disagree with Lords Amendment 50;294;228;;;;;;;0.80
1595;2023-07-11T18:33:00;2023-07-18T13:26:31;287;FALSE;;;Illegal Migration Bill: motion to disagree with Lords Amendment 39;300;229;;;;;;;0.81
1594;2023-07-11T18:21:00;2023-07-12T11:49:02;286;FALSE;;;Illegal Migration Bill: Government Amendments (a) and (b) in lieu of Lords Amendments 31, 35 &amp;;;;;;;;;0.00
1593;2023-07-11T18:09:00;2023-07-18T14:19:54;285;FALSE;;;Illegal Migration Bill: motion to disagree with Lords Amendment 33;299;227;;;;;;;0.81
1592;2023-07-11T17:57:00;2023-07-11T20:42:17;284;FALSE;;;Illegal Migration Bill: motion to disagree with Lords Amendment 31;290;242;;;;;;;0.82
1591;2023-07-11T17:45:00;2023-07-12T17:53:44;283;FALSE;;;Illegal Migration Bill: motion to disagree with Lords Amendment 23;297;231;;;;;;;0.81
1590;2023-07-11T17:31:00;2023-07-11T20:40:47;282;FALSE;;;Illegal Migration Bill: motion to disagree with Lords Amendment 9;304;228;;;;;;;0.82
1589;2023-07-11T17:20:00;2023-07-18T13:23:42;281;FALSE;;;Illegal Migration Bill: motion to disagree with Lords Amendment 8;299;228;;;;;;;0.81
1588;2023-07-11T17:09:00;2023-07-11T20:39:43;280;FALSE;;;Illegal Migration Bill: motion to disagree with Lords Amendment 6;303;227;;;;;;;0.82
1587;2023-07-11T16:53:00;2023-07-18T17:19:55;279;FALSE;;;Illegal Migration Bill: motion to disagree with Lords Amendment 1;303;228;;;;;;;0.82
1586;2023-07-03T21:53:00;2023-07-03T22:39:38;278;FALSE;;;Economic Activity of Public Bodies (Overseas Matters): Second Reading;268;70;;;;;;;0.52
1585;2023-07-03T21:38:00;2023-07-04T09:53:52;277;FALSE;;;Economic Activity of Public Bodies (Overseas Matters) Bill: Reasoned Amendment on Second Reading;212;272;;;;;;;0.74
1635;2023-09-13T14:51:00;2023-09-14T16:02:25;327;FALSE;;;Economic Crime and Corporate Transparency Bill: Motion to disagree with 151B and 151C and to insist on 151A;276;210;;;;;;;0.75
1634;2023-09-13T13:50:00;2023-09-13T14:26:31;326;FALSE;;;Procurement Bill [Lords]: Motion to disagree with Lords Amendment 102B;274;194;;;;;;;0.72
1633;2023-09-13T00:00:00;2023-09-13T15:43:17;325;TRUE;;;Draft Windsor Framework (Enforcement etc.) Regulations 2023;434;10;;;;;;;0.68
1632;2023-09-12T18:49:00;2023-09-14T12:18:44;324;FALSE;;;Representation of the People (Postal and Proxy Voting etc.) (Amendment) Regulations 2023;278;148;;;;;;;0.66
1631;2023-09-12T18:34:00;2023-09-13T12:16:06;323;FALSE;;;Misuse of Drugs Act 1971 (Amendment) Order 2023;404;36;;;;;;;0.68
1630;2023-09-06T17:04:00;2023-09-07T16:55:45;322;FALSE;;;Opposition day: Safety of School Buildings;175;309;;;;;;;0.74
1629;2023-09-06T13:50:00;2023-09-21T11:28:00;321;FALSE;;;Northern Ireland Troubles (Legacy and Reconciliation) Bill: Motion to disagree;288;205;;;;;;;0.76
1628;2023-09-05T19:10:00;2023-09-05T19:40:23;320;FALSE;;;Energy Bill [Lords]: Third Reading;280;19;;;;;;;0.46
1627;2023-09-05T18:54:00;2023-09-06T19:33:35;319;FALSE;;;Energy Bill [Lords] Report Stage: New Clause 61;189;305;;;;;;;0.76
1626;2023-09-05T18:41:00;2023-09-06T12:56:56;318;FALSE;;;Energy Bill [Lords] Report Stage: New Clause 59;223;310;;;;;;;0.82
1625;2023-09-05T18:28:00;2023-09-06T15:01:17;317;FALSE;;;Energy Bill [Lords] Report Stage: New Clause 57;188;310;;;;;;;0.77
1624;2023-09-05T18:15:00;2023-09-06T12:56:21;316;FALSE;;;Energy Bill [Lords] Report Stage: New Clause 39;235;306;;;;;;;0.83
1623;2023-09-05T18:00:00;2023-09-06T15:00:34;315;FALSE;;;Energy Bill [Lords] Report Stage: New Clause 12;192;316;;;;;;;0.78
1622;2023-09-04T21:59:00;2023-09-04T22:19:35;314;FALSE;;;Economic Crime and Corporate Transparency Bill: Motion to disagree with Lords Amendment 161;292;206;;;;;;;0.77
1621;2023-09-04T21:46:00;2023-09-05T17:29:18;313;FALSE;;;Economic Crime and Corporate Transparency Bill: Motion to disagree with Lords Amendment 159;291;209;;;;;;;0.77
1620;2023-09-04T21:33:00;2023-09-04T22:01:35;312;FALSE;;;Economic Crime and Corporate Transparency Bill: Motion to disagree with Lords Amendment 117;294;206;;;;;;;0.77
1619;2023-09-04T21:20:00;2023-09-04T21:59:33;311;FALSE;;;Economic Crime and Corporate Transparency Bill: Amendment (a) to Lords Amendment 151;297;209;;;;;;;0.78
1618;2023-09-04T21:03:00;2023-09-05T15:42:41;310;FALSE;;;Economic Crime and Corporate Transparency Bill: Amendment (a) to Lords Amendment 23;295;205;;;;;;;0.77
1663;2023-10-25T18:14:00;2023-10-25T18:29:43;355;FALSE;;;Economic Activity of Public Bodies (Overseas Matters) Bill Report Stage: Amendment 28 ;197;275;;;;;;;0.73
1662;2023-10-25T18:01:00;2023-10-27T09:52:39;354;FALSE;;;Economic Activity of Public Bodies (Overseas Matters) Bill Report Stage: Amendment 7;207;269;;;;;;;0.73
1661;2023-10-25T17:49:00;2023-10-26T13:29:42;353;FALSE;;;Economic Activity of Public Bodies (Overseas Matters) Bill Report Stage: Amendment 13;197;276;;;;;;;0.73
1660;2023-10-25T17:36:00;2023-10-25T17:51:43;352;FALSE;;;Economic Activity of Public Bodies (Overseas Matters) Bill Report Stage: Amendment 14;200;273;;;;;;;0.73
1659;2023-10-25T14:19:00;2023-10-26T11:04:27;351;FALSE;;;Economic Crime and Corporate Transparency Bill: motion to insist on Amendment 161A and disagree with Lords Amendment 161D;280;208;;;;;;;0.75
1658;2023-10-25T14:04:00;2023-10-25T14:21:32;350;FALSE;;;Economic Crime and Corporate Transparency Bill: motion to insist on Amendment 151A and disagree with Lords Amendments 151E and 151F;280;207;;;;;;;0.75
1657;2023-10-25T13:49:00;2023-10-25T18:25:06;349;FALSE;;;Economic Crime and Corporate Transparency Bill: Amendment (a) to motion to insist on Amendment 151A and disagree with Lords Amendments 151E and 151F;208;274;;;;;;;0.74
1656;2023-10-24T16:15:00;2023-10-25T14:24:38;348;FALSE;;;Levelling up and Regeneration Bill: motion to insist on disagreement with Lords Amendment 45 and to propose amendment (a) in lieu;292;176;;;;;;;0.72
1655;2023-10-24T16:00:00;2023-10-25T14:24:03;347;FALSE;;;Levelling-up and Regeneration Bill: motion to disagree with Lords Amendment 22B;292;177;;;;;;;0.72
1654;2023-10-18T14:59:00;2023-10-18T15:31:30;346;FALSE;;;Energy Bill [Lords]: motion to disagree with Lords Amendment 274B;293;181;;;;;;;0.73
1653;2023-10-17T20:08:00;2023-10-18T11:25:58;345;FALSE;;;Levelling-up and Regeneration Bill: motion to disagree with Lords Amendment 329;286;131;;;;;;;0.64
1652;2023-10-17T19:55:00;2023-10-18T11:25:49;344;FALSE;;;Levelling-up and Regeneration Bill: motion to disagree with Lords Amendment 273;285;132;;;;;;;0.64
1651;2023-10-17T19:43:00;2023-10-18T12:33:19;343;FALSE;;;Levelling-up and Regeneration Bill: motion to disagree with Lords Amendment 244;289;136;;;;;;;0.65
1650;2023-10-17T19:30:00;2023-10-18T11:25:30;342;FALSE;;;Levelling-up and Regeneration Bill: motion to disagree with Lords Amendment 241;291;139;;;;;;;0.66
1649;2023-10-17T19:17:00;2023-10-18T11:24:47;341;FALSE;;;Levelling-up and Regeneration Bill: motion to disagree with Lords Amendment 199;295;143;;;;;;;0.67
1648;2023-10-17T19:00:00;2023-10-18T11:24:28;340;FALSE;;;Levelling-up and Regeneration Bill: motion to disagree with Lords Amendment 82;304;12;;;;;;;0.49
1647;2023-10-17T18:48:00;2023-10-19T11:28:24;339;FALSE;;;Levelling-up and Regeneration Bill: motion to disagree with Lords Amendment 81;299;148;;;;;;;0.69
1646;2023-10-17T18:35:00;2023-10-19T11:24:44;338;FALSE;;;Levelling-up and Regeneration Bill: motion to disagree with Lords Amendment 45;303;152;;;;;;;0.70
1645;2023-10-17T18:22:00;2023-10-17T18:38:10;337;FALSE;;;Levelling-up and Regeneration Bill: motion to disagree with Lords Amendment 44;302;152;;;;;;;0.70
1644;2023-10-17T18:08:00;2023-10-19T11:27:12;336;FALSE;;;Levelling-up and Regeneration Bill: motion to disagree with Lords Amendment 22;303;157;;;;;;;0.71
1643;2023-10-17T17:55:00;2023-10-17T18:14:02;335;FALSE;;;Levelling-up and Regeneration Bill: motion to disagree with Lords Amendment 13;304;159;;;;;;;0.71
1642;2023-10-17T17:42:00;2023-10-17T17:57:09;334;FALSE;;;Levelling-up and Regeneration Bill: motion to disagree with Lords Amendment 10;297;193;;;;;;;0.75
1641;2023-10-17T17:30:00;2023-10-17T17:45:33;333;FALSE;;;Levelling-up and Regeneration Bill: motion to disagree with Lords Amendment 3;300;193;;;;;;;0.76
1640;2023-10-17T17:18:00;2023-10-17T17:39:16;332;FALSE;;;Levelling-up and Regeneration Bill: motion to disagree with Lords Amendment 4;298;197;;;;;;;0.76
1639;2023-10-17T17:06:00;2023-10-17T17:24:46;331;FALSE;;;Levelling up and Regeneration Bill: Motion to disagree with Lords Amendment 2;301;195;;;;;;;0.76
1638;2023-10-17T16:54:00;2023-10-17T17:17:30;330;FALSE;;;Levelling up and Regeneration Bill: Motion to disagree with Lords Amendment 1;309;190;;;;;;;0.77
1637;2023-10-17T16:38:00;2023-10-17T16:58:22;329;FALSE;;;Levelling up and Regeneration Bill: Amendment (a) to Lords Amendment 231;307;10;;;;;;;0.49
1636;2023-10-17T13:09:00;2023-10-17T13:28:20;328;FALSE;;;Devolution (Employment) (Scotland): Ten Minute Rule Motion;22;33;;;;;;;0.08
1683;2023-11-29T18:06:00;2023-11-29T18:28:36;20;FALSE;;;Data Protection and Digital Information Bill: Third Reading;269;31;;;;;;;0.46
1682;2023-11-29T17:49:00;2023-11-30T14:48:29;19;FALSE;;;Data Protection and Digital Information Bill Report Stage: New Schedule 1;274;52;;;;;;;0.50
1681;2023-11-29T17:37:00;2023-11-29T18:12:24;18;FALSE;;;Data Protection and Digital Information Bill Report Stage: Amendment 218;194;275;;;;;;;0.72
1680;2023-11-29T17:25:00;2023-11-30T13:55:08;17;FALSE;;;Data Protection and Digital Information Bill Report Stage: Amendment 1;198;275;;;;;;;0.73
1679;2023-11-29T17:12:00;2023-11-29T17:31:58;16;FALSE;;;Data Protection and Digital Information Bill Report Stage: Amendment 5;195;273;;;;;;;0.72
1678;2023-11-29T17:00:00;2023-11-30T14:33:45;15;FALSE;;;Data Protection and Digital Information Bill Report Stage: Amendment 224;37;279;;;;;;;0.49
1677;2023-11-29T16:45:00;2023-11-29T17:54:37;14;FALSE;;;Data Protection and Digital Information Bill Report Stage: Amendment 11;200;276;;;;;;;0.73
1676;2023-11-29T13:24:00;2023-12-01T11:35:55;13;FALSE;;;Data Protection and Digital Information Bill: Re-committal motion;209;275;;;;;;;0.74
1675;2023-11-29T00:00:00;2023-11-29T18:30:02;12;TRUE;;;Draft Strikes (Minimum Service Levels: NHS Ambulance Services and the NHS Patient Transport Service) Regulations 2023;297;166;;;;;;;0.71
1674;2023-11-28T18:46:00;2023-11-29T16:32:43;11;FALSE;;;Draft Strikes (Minimum Service Levels: Passenger Railway Services) Regulations 2023;281;201;;;;;;;0.74
1673;2023-11-28T18:32:00;2023-11-29T10:01:20;10;FALSE;;;Draft Strikes (Minimum Service Levels: Border Security) Regulations 2023;285;203;;;;;;;0.75
1672;2023-11-28T18:19:00;2023-11-29T17:12:25;9;FALSE;;;Draft Code of Practice on Reasonable Steps to be taken by a Trade Union (Minimum Service Levels);280;199;;;;;;;0.74
1671;2023-11-20T21:11:00;2023-11-27T18:23:11;8;FALSE;;;Digital Markets, Competition and Consumers Bill: New Clause 30;209;281;;;;;;;0.75
1670;2023-11-20T20:56:00;2023-11-22T15:15:52;7;FALSE;;;Digital Markets, Competition and Consumers Bill: New Clause 29;210;280;;;;;;;0.75
1669;2023-11-20T18:49:00;2023-11-22T15:15:40;6;FALSE;;;Digital Markets, Competition and Consumers Bill: Amendment 188;197;278;;;;;;;0.73
1668;2023-11-20T18:35:00;2023-11-22T15:15:30;5;FALSE;;;Digital Markets, Competition and Consumers Bill: Amendment 187;196;275;;;;;;;0.72
1667;2023-11-15T19:27:00;2023-11-17T09:19:24;4;FALSE;;;King's Speech Motion for an Address: Amendment (k);25;303;;;;;;;0.50
1666;2023-11-15T19:14:00;2023-11-15T19:48:10;3;FALSE;;;King's Speech Motion for an Address: Amendment (h);125;293;;;;;;;0.64
1665;2023-11-15T18:59:00;2023-11-15T19:46:12;2;FALSE;;;King's Speech Motion for an Address: amendment (r);183;290;;;;;;;0.73
1664;2023-11-14T18:49:00;2023-11-15T16:05:31;1;FALSE;;;King's Speech Motion for an Address: amendment (m);228;314;;;;;;;0.83
1697;2023-12-13T16:12:00;2023-12-14T11:32:45;33;FALSE;;;Finance Bill Second Reading;291;54;;;;;;;0.53
1696;2023-12-13T15:56:00;2023-12-18T13:15:26;32;FALSE;;;Finance Bill: Reasoned Amendment to Second Reading ;46;296;;;;;;;0.53
1695;2023-12-13T00:00:00;2023-12-13T15:46:15;31;TRUE;;;Draft Representation of the People (Overseas Electors etc.) (Amendment) Regulations 2023;324;186;;;;;;;0.78
1694;2023-12-13T00:00:00;2023-12-13T15:46:03;30;TRUE;;;Draft Equality Act 2010 (Amendment) Regulations 2023;464;11;;;;;;;0.73
1693;2023-12-13T00:00:00;2023-12-13T15:45:51;29;TRUE;;;Draft Representation of the People (Overseas Electors etc.) (Amendment) (Northern Ireland) Regulations 2023;325;154;;;;;;;0.74
1692;2023-12-12T19:29:00;2023-12-12T19:46:19;28;FALSE;;;Safety of Rwanda (Asylum and Immigration) Bill: Programme Motion;332;61;;;;;;;0.60
1691;2023-12-12T19:12:00;2023-12-12T20:21:40;27;FALSE;;;Safety of Rwanda (Asylum and Immigration) Bill: Second Reading;313;269;;;;;;;0.90
1690;2023-12-12T18:58:00;2023-12-13T10:20:43;26;FALSE;;;Safety of Rwanda (Asylum and Immigration) Bill: Reasoned Amendment to Second Reading;269;337;;;;;;;0.93
1689;2023-12-04T21:59:00;2023-12-05T14:07:11;25;FALSE;;;Draft Vehicle Emissions Trading Schemes Order 2023;381;37;;;;;;;0.64
1688;2023-12-04T21:40:00;2023-12-05T17:41:17;24;FALSE;;;Victims and Prisoners Bill Report Stage: Amendment 33;190;277;;;;;;;0.72
1687;2023-12-04T21:28:00;2023-12-05T12:10:32;23;FALSE;;;Victims and Prisoners Bill Report Stage: New Clause 27;246;242;;;;;;;0.75
1686;2023-12-04T21:16:00;2023-12-04T21:57:02;22;FALSE;;;Victims and Prisoners Bill Report Stage: New Clause 14;193;279;;;;;;;0.73
1685;2023-12-04T21:01:00;2023-12-05T18:49:50;21;FALSE;;;Victims and Prisoners Bill Report Stage: New Clause 10;27;267;;;;;;;0.45
1734;2024-01-31T17:35:00;2024-01-31T18:03:15;70;FALSE;;;Draft Trade Union (Deduction of Union Subscriptions from Wages in the Public Sector) Regulations 2023;265;185;;;;;;;0.69
1733;2024-01-31T16:02:00;2024-01-31T17:53:00;69;FALSE;;;Motion on Draft Electoral Commission Strategy and Policy Statement;273;190;;;;;;;0.71
1732;2024-01-30T17:24:00;2024-01-31T14:45:58;68;FALSE;;;Media Bill Report Stage: Amendment 2;195;284;;;;;;;0.74
1731;2024-01-30T17:11:00;2024-01-31T15:23:31;67;FALSE;;;Media Bill Report Stage: Amendment 88;20;288;;;;;;;0.47
1730;2024-01-30T16:59:00;2024-02-05T12:36:54;66;FALSE;;;Media Bill Report Stage: New Clause 16;193;295;;;;;;;0.75
1729;2024-01-30T16:45:00;2024-01-30T17:03:02;65;FALSE;;;Media Bill Report Stage: New Clause 13;194;294;;;;;;;0.75
1728;2024-01-23T18:59:00;2024-01-24T17:09:56;64;FALSE;;;Opposition day: Protecting steel in the UK;223;0;;;;;;;0.34
1727;2024-01-23T16:58:00;2024-01-23T19:29:03;63;FALSE;;;Opposition day: Children not in school (national register and support);189;303;;;;;;;0.76
1726;2024-01-22T21:05:00;2024-01-23T12:05:51;62;FALSE;;;Offshore Petroleum Licensing Bill: Second Reading;293;211;;;;;;;0.78
1725;2024-01-22T20:51:00;2024-01-22T21:07:43;61;FALSE;;;Offshore Petroleum Licensing Bill: Reasoned Amendment to Second Reading;209;292;;;;;;;0.77
1724;2024-01-17T21:16:00;2024-01-19T10:01:16;60;FALSE;;;Safety of Rwanda (Asylum and Immigration) Bill Committee: Third reading;320;276;;;;;;;0.92
1723;2024-01-17T20:02:00;2024-01-19T13:21:15;59;FALSE;;;Safety of Rwanda (Asylum and Immigration) Bill Committee: New Clause 8;264;338;;;;;;;0.93
1722;2024-01-17T19:50:00;2024-01-18T13:46:31;58;FALSE;;;Safety of Rwanda (Asylum and Immigration) Bill Committee: Clauses 9 and 10 stand part;340;264;;;;;;;0.93
1721;2024-01-17T19:38:00;2024-01-19T13:38:58;57;FALSE;;;Safety of Rwanda (Asylum and Immigration) Bill Committee: Amendment 36;263;339;;;;;;;0.93
1720;2024-01-17T19:24:00;2024-01-18T12:45:00;56;FALSE;;;Safety of Rwanda (Asylum and Immigration) Bill Committee: Clauses 5, 6, 7 and 8 stand part;340;263;;;;;;;0.93
1719;2024-01-17T19:08:00;2024-01-18T17:38:34;55;FALSE;;;Safety of Rwanda (Asylum and Immigration) Bill Committee: Amendment 23;65;536;;;;;;;0.92
1718;2024-01-17T18:54:00;2024-01-18T14:23:09;54;FALSE;;;Safety of Rwanda (Asylum and Immigration) Bill Committee: Clause 3 stand part;339;264;;;;;;;0.93
1717;2024-01-17T00:00:00;2024-01-17T15:47:32;53;TRUE;;;draft Immigration (Employment of Adults Subject to Immigration Control) (Maximum Penalty) (Amendment) Order 2023;331;51;;;;;;;0.59
1716;2024-01-17T00:00:00;2024-01-17T15:48:03;52;TRUE;;;draft Immigration Act 2014 (Residential Accommodation) (Maximum Penalty) Order 2023;331;51;;;;;;;0.59
1715;2024-01-16T18:54:00;2024-01-17T13:27:41;51;FALSE;;;Safety of Rwanda (Asylum and Immigration) Bill Committee: New Clause 6;262;336;;;;;;;0.92
1714;2024-01-16T18:40:00;2024-01-16T19:11:42;50;FALSE;;;Safety of Rwanda (Asylum and Immigration) Bill Committee: Clause 4 stand part;330;55;;;;;;;0.59
1713;2024-01-16T18:24:00;2024-01-19T10:20:07;49;FALSE;;;Safety of Rwanda (Asylum and Immigration) Bill Committee: Amendment 19;58;525;;;;;;;0.90
1712;2024-01-16T18:11:00;2024-01-17T17:35:36;48;FALSE;;;Safety of Rwanda (Asylum and Immigration) Bill Committee: Clause 2 stand part;331;262;;;;;;;0.91
1711;2024-01-16T17:52:00;2024-01-17T16:54:37;47;FALSE;;;Safety of Rwanda (Asylum and Immigration) Bill Committee: Amendment 10;68;529;;;;;;;0.92
1710;2024-01-16T17:38:00;2024-01-16T18:26:55;46;FALSE;;;Safety of Rwanda (Asylum and Immigration) Bill: Committee: Amendment 45;66;337;;;;;;;0.62
1709;2024-01-16T13:19:00;2024-01-16T13:38:50;45;FALSE;;;Scotland (Self-Determination): Ten Minute Rule Motion;48;228;;;;;;;0.42
1708;2024-01-15T19:58:00;2024-01-15T20:11:46;44;FALSE;;;Immigration (Health Charge) (Amendment) Order 2023;290;53;;;;;;;0.53
1707;2024-01-15T19:44:00;2024-01-15T20:01:04;43;FALSE;;;Nationality, Immigration and Asylum Act 2002 (Amendment of List of Safe States) Regulations 2024;291;49;;;;;;;0.52
1706;2024-01-15T19:03:00;2024-01-15T19:25:28;42;FALSE;;;Animal Welfare (Livestock Exports) Committee Stage: Amendment 5;217;293;;;;;;;0.78
1705;2024-01-10T18:59:00;2024-01-15T17:48:13;41;FALSE;;;Economic Activity of Public Bodies (Overseas Matters) Bill: Third Reading;282;235;;;;;;;0.80
1704;2024-01-10T18:45:00;2024-01-11T11:08:15;40;FALSE;;;Economic Activity of Public Bodies (Overseas Matters) Bill: Reasoned amendment on Third Reading;228;284;;;;;;;0.79
1703;2024-01-10T17:01:00;2024-01-10T17:36:29;39;FALSE;;;Finance Bill Committee Stage: New Clause 7;222;301;;;;;;;0.80
1702;2024-01-10T16:47:00;2024-01-10T17:05:56;38;FALSE;;;Finance Bill Committee Stage: New Clause 5;18;300;;;;;;;0.49
1701;2024-01-10T16:32:00;2024-01-10T16:54:18;37;FALSE;;;Finance Bill Committee Stage: New Clause 2;228;298;;;;;;;0.81
1700;2024-01-10T15:37:00;2024-01-10T16:03:19;36;FALSE;;;Finance Bill Committee Stage: New Clause 1;224;294;;;;;;;0.80
1699;2024-01-09T18:59:00;2024-01-10T12:18:26;35;FALSE;;;Opposition day: cost of the Government's Rwanda plan and administration of the asylum system;228;304;;;;;;;0.82
1698;2024-01-09T16:32:00;2024-01-09T19:07:35;34;FALSE;;;Opposition Day: NHS Dentistry;191;299;;;;;;;0.75
1748;2024-02-27T18:56:00;2024-02-28T11:00:23;84;FALSE;;;Leasehold and Freehold Reform Bill Report Stage: Amendment 8;170;299;;;;;;;0.72
1747;2024-02-27T18:42:00;2024-02-27T18:58:38;83;FALSE;;;Leasehold and Freehold Reform Bill Report Stage: Amendment 4;171;300;;;;;;;0.72
1746;2024-02-27T18:29:00;2024-02-27T18:44:54;82;FALSE;;;Leasehold and Freehold Reform Bill Report Stage: New Clause 39;179;294;;;;;;;0.73
1745;2024-02-27T18:16:00;2024-02-27T18:34:10;81;FALSE;;;Leasehold and Freehold Reform Bill Report Stage: New Clause 5;169;306;;;;;;;0.73
1744;2024-02-27T18:01:00;2024-02-27T19:41:51;80;FALSE;;;Leasehold and Freehold Reform Bill Report Stage: New Clause 1;14;304;;;;;;;0.49
1743;2024-02-21T18:39:00;2024-02-22T12:53:27;79;FALSE;;;Motion to sit in private;20;212;;;;;;;0.36
1742;2024-02-21T13:13:00;2024-02-21T13:40:19;78;FALSE;;;Motor vehicles (driving licences) (reform): Ten Minute Rule Motion;63;81;;;;;;;0.22
1741;2024-02-20T17:12:00;2024-02-20T17:28:48;77;FALSE;;;Offshore Petroleum Licensing Bill: Third Reading;286;221;;;;;;;0.78
1740;2024-02-20T15:49:00;2024-02-20T18:53:24;76;FALSE;;;Offshore Petroleum Licensing Bill Committee: Amendment 17;226;287;;;;;;;0.79
1739;2024-02-20T15:34:00;2024-02-20T16:05:40;75;FALSE;;;Offshore Petroleum Licensing Bill Committee: Amendment 10;44;285;;;;;;;0.51
1738;2024-02-06T18:09:00;2024-02-06T18:27:32;74;FALSE;;;Opposition day: Ministerial severance (reform);192;275;;;;;;;0.72
1737;2024-02-05T19:26:00;2024-02-06T15:16:58;73;FALSE;;;Finance Bill: Third Reading;283;39;;;;;;;0.50
1736;2024-02-05T18:50:00;2024-02-06T10:10:50;72;FALSE;;;Finance Bill Report Stage: New Clause 7;182;289;;;;;;;0.72
1735;2024-02-05T18:36:00;2024-02-06T10:57:38;71;FALSE;;;Finance Bill Report Stage: New Clause 6;185;285;;;;;;;0.72
1780;2024-03-25T21:17:00;2024-03-25T21:45:19;116;FALSE;;;Investigatory Powers (Amendment) Bill [Lords]: Third Reading;257;38;;;;;;;0.45
1779;2024-03-25T20:58:00;2024-03-26T14:49:28;115;FALSE;;;Investigatory Powers (Amendment) Bill [Lords] Report Stage: Amendment 7;39;257;;;;;;;0.46
1778;2024-03-25T20:46:00;2024-04-29T15:28:48;114;FALSE;;;Investigatory Powers (Amendment) Bill [Lords] Report Stage: New Clause 2;171;265;;;;;;;0.67
1777;2024-03-25T20:32:00;2024-04-29T15:28:27;113;FALSE;;;Investigatory Powers (Amendment) Bill [Lords] Report Stage: New Clause 1;171;265;;;;;;;0.67
1776;2024-03-22T11:32:00;2024-03-22T12:01:46;112;FALSE;;;Hunting Trophies Bill 2R;49;0;;;;;;;0.08
1775;2024-03-19T17:33:00;2024-03-19T18:02:20;111;FALSE;;;Trade (Comprehensive and Progressive Agreement for Trans-Pacific Partnership) Bill [Lords]: New Clause 12;219;306;;;;;;;0.81
1774;2024-03-19T17:21:00;2024-03-19T17:34:36;110;FALSE;;;Trade (Comprehensive and Progressive Agreement for Trans-Pacific Partnership) Bill [Lords]: New Clause 10;218;305;;;;;;;0.80
1773;2024-03-19T17:09:00;2024-03-19T17:34:46;109;FALSE;;;Trade (Comprehensive and Progressive Agreement for Trans-Pacific Partnership) Bill [Lords]: New Clause 5;217;305;;;;;;;0.80
1772;2024-03-19T16:56:00;2024-03-19T17:23:52;108;FALSE;;;Trade (Comprehensive and Progressive Agreement for Trans-Pacific Partnership) Bill [Lords]: New Clause 4;224;301;;;;;;;0.81
1771;2024-03-18T21:46:00;2024-03-19T18:52:03;107;FALSE;;;Safety of Rwanda (Asylum and Immigration) Bill: Motion to disagree with Lords Amendment 10;312;255;;;;;;;0.87
1770;2024-03-18T21:35:00;2024-03-19T18:51:54;106;FALSE;;;Safety of Rwanda (Asylum and Immigration) Bill: Motion to disagree with Lords Amendment 9;320;251;;;;;;;0.88
1769;2024-03-18T21:23:00;2024-03-19T18:51:44;105;FALSE;;;Safety of Rwanda (Asylum and Immigration) Bill: Motion to disagree with Lords Amendment 8;318;255;;;;;;;0.88
1768;2024-03-18T21:11:00;2024-03-19T18:51:32;104;FALSE;;;Safety of Rwanda (Asylum and Immigration) Bill: Motion to disagree with Lords Amendment 7;320;250;;;;;;;0.88
1767;2024-03-18T20:59:00;2024-03-19T18:51:23;103;FALSE;;;Safety of Rwanda (Asylum and Immigration) Bill: Motion to disagree with Lords Amendment 6;324;251;;;;;;;0.88
1766;2024-03-18T20:48:00;2024-03-19T18:51:11;102;FALSE;;;Safety of Rwanda (Asylum and Immigration) Bill: Motion to disagree with Lords Amendment 5;322;249;;;;;;;0.88
1765;2024-03-18T20:37:00;2024-03-19T18:51:01;101;FALSE;;;Safety of Rwanda (Asylum and Immigration) Bill: Motion to disagree with Lords Amendment 4;321;252;;;;;;;0.88
1764;2024-03-18T20:25:00;2024-03-19T18:50:50;100;FALSE;;;Safety of Rwanda (Asylum and Immigration) Bill: Motion to disagree with Lords Amendment 3;324;253;;;;;;;0.89
1763;2024-03-18T20:13:00;2024-03-19T18:50:38;99;FALSE;;;Safety of Rwanda (Asylum and Immigration) Bill: Motion to disagree with Lords Amendment 2;324;253;;;;;;;0.89
1762;2024-03-18T19:59:00;2024-03-19T18:50:21;98;FALSE;;;Safety of Rwanda (Asylum and Immigration) Bill: Motion to disagree with Lords Amendment 1;328;250;;;;;;;0.89
1761;2024-03-14T17:16:00;2024-03-14T17:46:54;97;FALSE;;;Supplementary Estimates 2023-24;218;35;;;;;;;0.39
1760;2024-03-14T17:00:00;2024-03-15T12:01:20;96;FALSE;;;Supplementary Estimate 2023-24 Home Office: amendment (a);36;220;;;;;;;0.39
1759;2024-03-13T18:14:00;2024-03-13T18:44:33;95;FALSE;;;Draft Strikes (Minimum Service Levels: Fire and Rescue Services) (England) Regulations 2024;291;147;;;;;;;0.67
1758;2024-03-13T18:01:00;2024-03-14T15:44:55;94;FALSE;;;National Insurance Contributions (Reduction in Rates) (No. 2) Bill: Third Reading;293;41;;;;;;;0.51
1757;2024-03-13T17:43:00;2024-03-13T18:15:22;93;FALSE;;;National Insurance Contributions (Reduction in Rates) (No. 2) Bill Committee: New Clause 2;169;293;;;;;;;0.71
1756;2024-03-13T17:28:00;2024-03-13T17:49:07;92;FALSE;;;National Insurance Contributions (Reduction in Rates) (No. 2) Bill Committee: New Clause 1 ;170;292;;;;;;;0.71
1755;2024-03-13T16:48:00;2024-03-13T17:06:11;91;FALSE;;;National Insurance Contributions (Reduction in Rates) (No. 2) Bill: Second Reading ;304;43;;;;;;;0.53
1754;2024-03-13T16:33:00;2024-03-13T16:55:37;90;FALSE;;;National Insurance Contributions (Reduction in Rates) (No. 2) Bill: Reasoned Amendment to Second Reading;44;300;;;;;;;0.53
1753;2024-03-12T19:15:00;2024-03-12T19:33:44;89;FALSE;;;Ways and Means: Capital Gains Tax;317;46;;;;;;;0.56
1752;2024-03-12T18:59:00;2024-03-13T19:03:46;88;FALSE;;;Ways and Means: Income Tax (Charge);318;43;;;;;;;0.56
1751;2024-03-06T13:41:00;2024-03-06T14:08:07;87;FALSE;;;Motion under the Provisional Collection of Taxes Act 1968;288;38;;;;;;;0.50
1750;2024-03-01T13:15:00;2024-03-01T13:31:01;86;FALSE;;;Closure;68;15;;;;;;;0.13
1749;2024-03-01T09:34:00;2024-03-01T09:49:19;85;FALSE;;;Motion to sit in private;0;64;;;;;;;0.10
1809;2024-04-30T16:52:00;2024-04-30T17:07:42;145;FALSE;;;Digital Markets, Competition and Consumers Bill: motion to disagree with Lords Amendment 104;273;163;;;;;;;0.67
1808;2024-04-30T16:40:00;2024-04-30T16:58:51;144;FALSE;;;Digital Markets, Competition and Consumers Bill: motion to disagree with Lords Amendment 31;272;162;;;;;;;0.67
1807;2024-04-30T16:26:00;2024-04-30T17:09:15;143;FALSE;;;Digital Markets, Competition and Consumers Bill: motion to disagree with Lords Amendment 26;274;162;;;;;;;0.67
1806;2024-04-30T16:13:00;2024-04-30T16:28:42;142;FALSE;;;Digital Markets, Competition and Consumers Bill: motion to disagree with Lords Amendment 12;276;161;;;;;;;0.67
1805;2024-04-30T15:59:00;2024-04-30T16:19:55;141;FALSE;;;Digital Markets, Competition and Consumers Bill: motion to disagree with Lords Amendment 9;273;159;;;;;;;0.66
1804;2024-04-29T18:58:00;2024-04-29T19:17:43;140;FALSE;;;Post Office (Horizon System) Offences Bill: Instruction (Scotland);42;265;;;;;;;0.47
1803;2024-04-24T18:03:00;2024-04-24T18:20:54;139;FALSE;;;Renters (Reform) Bill Report Stage: Amendment 28;158;282;;;;;;;0.68
1802;2024-04-24T17:41:00;2024-04-29T15:29:22;138;FALSE;;;Renters (Reform) Bill Report Stage: New Clause 30;287;144;;;;;;;0.66
1801;2024-04-24T17:26:00;2024-04-29T15:29:08;137;FALSE;;;Renters (Reform) Bill Report Stage: New Clause 15;283;143;;;;;;;0.66
1800;2024-04-24T00:00:00;2024-04-24T15:56:02;136;TRUE;;;the draft Economic Growth (Regulatory Functions) (Amendment) Order 2024;395;50;;;;;;;0.68
1799;2024-04-22T22:36:00;2024-05-13T18:01:08;135;FALSE;;;Motion to appoint a Reasons Committee in respect of Lords Amendment 3J;309;41;;;;;;;0.54
1798;2024-04-22T22:20:00;2024-05-13T17:59:59;134;FALSE;;;Safety of Rwanda (Asylum and Immigration) Bill: motion to disagree with Lords Amendment 3J;312;237;;;;;;;0.84
1797;2024-04-22T17:57:00;2024-04-22T18:20:12;133;FALSE;;;Economic Activity of Public Bodies Carry-Over;304;222;;;;;;;0.81
1796;2024-04-22T17:42:00;2024-04-22T18:09:48;132;FALSE;;;Reasons Committee Rwanda Bill;309;37;;;;;;;0.53
1795;2024-04-22T17:28:00;2024-04-22T18:13:56;131;FALSE;;;Rwanda Bill motion to disagree with Lords amendment 10F;305;234;;;;;;;0.83
1794;2024-04-22T17:12:00;2024-04-22T17:34:24;130;FALSE;;;Safety of Rwanda (Asylum and Immigration) Bill: motion to disagree with Lords Amendment 3G;306;229;;;;;;;0.82
1793;2024-04-17T18:36:00;2024-04-19T15:41:24;129;FALSE;;;Finance (No. 2) Bill: Second Reading;296;49;;;;;;;0.53
1792;2024-04-17T18:21:00;2024-04-19T15:40:38;128;FALSE;;;Finance (No. 2) Bill: Reasoned Amendment to Second Reading;42;296;;;;;;;0.52
1791;2024-04-17T16:10:00;2024-04-17T16:24:00;127;FALSE;;;Safety of Rwanda Bill: motion to disagree with Lords Amendment 10D;302;244;;;;;;;0.84
1790;2024-04-17T15:56:00;2024-04-17T16:11:19;126;FALSE;;;Safety of Rwanda Bill: That this House disagrees with the Lords in their Amendment 6D;310;240;;;;;;;0.85
1789;2024-04-17T15:43:00;2024-04-17T18:26:00;125;FALSE;;;Safety of Rwanda (Asylum and Immigration) Bill: motion to disagree with Lords Amendment 3E;306;240;;;;;;;0.84
1788;2024-04-17T15:27:00;2024-04-17T16:19:11;124;FALSE;;;Safety of Rwanda Bill: motion to disagree with Lords  Amendment 1D;306;240;;;;;;;0.84
1787;2024-04-16T18:56:00;2024-04-18T16:35:15;123;FALSE;;;Tobacco and Vapes Bill: Second Reading;383;67;;;;;;;0.69
1786;2024-04-15T21:42:00;2024-04-17T11:12:26;122;FALSE;;;That this House disagrees with the Lords in their Amendment 10B;312;253;;;;;;;0.87
1785;2024-04-15T21:29:00;2024-04-15T22:25:10;121;FALSE;;;That this House insists on its disagreement with the Lords in their Amendment 9 but proposes Amendment (a) in lieu;320;246;;;;;;;0.87
1784;2024-04-15T21:17:00;2024-04-16T17:18:27;120;FALSE;;;That this House disagrees with the Lords in ther Amendment 7B;319;249;;;;;;;0.87
1783;2024-04-15T21:04:00;2024-04-17T18:31:22;119;FALSE;;;That this House disagrees with the Lords in their Amendment 6B;319;249;;;;;;;0.87
1782;2024-04-15T20:51:00;2024-04-16T17:17:49;118;FALSE;;;Rwanda Bill: Motion to disagree with Lords Amendments 3B and 3C;317;246;;;;;;;0.87
1781;2024-04-15T20:37:00;2024-04-15T22:16:04;117;FALSE;;;Rwanda Bill: Motion to disagree with Lords Amendment 1B;315;250;;;;;;;0.87
1824;2024-05-24T12:27:00;2024-05-24T12:47:29;160;FALSE;;;The Tribunal Procedure (Upper Tribunal) (Immigration and Asylum Chamber) (Amendment) Rules 2024;135;10;;;;;;;0.22
1823;2024-05-23T15:14:00;2024-05-24T13:54:58;159;FALSE;;;Finance (No. 2) Bill: Third Reading;215;19;;;;;;;0.36
1822;2024-05-22T19:08:00;2024-05-22T19:25:33;158;FALSE;;;Holocaust Memorial Bill Committee: New Clause 1;11;182;;;;;;;0.30
1821;2024-05-22T15:00:00;2024-05-22T18:39:52;157;FALSE;;;Immigration and asylum: Ten Minute Rule Motion;74;49;;;;;;;0.19
1820;2024-05-21T18:10:00;2024-05-21T18:39:19;156;FALSE;;;High Speed Rail (Crewe - Manchester) Bill: Instruction (No. 3);323;7;;;;;;;0.51
1819;2024-05-21T15:57:00;2024-05-21T17:30:40;155;FALSE;;;Digital Markets, Competition and Consumers Bill: Consideration of Lords Message: manuscript amendment;217;268;;;;;;;0.75
1818;2024-05-17T09:35:00;2024-05-17T09:53:31;154;FALSE;;;Motion to sit in private;0;37;;;;;;;0.06
1817;2024-05-15T19:02:00;2024-05-15T19:25:56;153;FALSE;;;Criminal Justice Bill Report Stage: New Clause 91;17;268;;;;;;;0.44
1816;2024-05-15T18:48:00;2024-05-15T19:05:07;152;FALSE;;;Criminal Justice Bill Report Stage: New Clause 59;171;272;;;;;;;0.68
1815;2024-05-15T18:40:00;2024-05-15T18:53:09;151;FALSE;;;Criminal Justice Bill Report Stage: New Clause 44;167;275;;;;;;;0.68
1814;2024-05-13T20:25:00;2024-05-14T13:44:48;150;FALSE;;;Risk-based exclusion: amendment (o);170;169;;;;;;;0.52
1813;2024-05-08T16:54:00;2024-05-09T12:12:14;149;FALSE;;;Finance (No. 2) Bill Committee: New Clause 3;198;269;;;;;;;0.72
1812;2024-05-08T16:40:00;2024-05-08T17:52:55;148;FALSE;;;Finance (No. 2) Bill Committee: New Clause 2;195;266;;;;;;;0.71
1811;2024-05-08T15:42:00;2024-05-08T16:23:27;147;FALSE;;;Finance (No. 2) Bill Committee: New Clause 4;212;274;;;;;;;0.75
1810;2024-05-08T15:26:00;2024-05-08T16:20:50;146;FALSE;;;Finance (No. 2) Bill Committee: New Clause 1;211;276;;;;;;;0.75
1832;2024-07-29T21:48:00;2024-07-29T22:10:13;6;FALSE;;;Passenger Railway Services Bill (Public Ownership) Bill: Second Reading;351;84;;;;;;;0.67
1831;2024-07-25T13:08:00;2024-07-25T13:33:27;5;FALSE;;;The draft Criminal Justice Act 2003 (Requisite and Minimum Custodial Periods) Order 2024;323;81;;;;;;;0.62
1830;2024-07-23T19:30:00;2024-07-24T19:12:05;4;FALSE;;;King's Speech (Motion for an Address): Amendment (k);85;382;;;;;;;0.72
1829;2024-07-23T19:15:00;2024-07-23T20:10:34;3;FALSE;;;King's Speech (Motion for an Address): Amendment (d);103;363;;;;;;;0.72
1828;2024-07-23T18:59:00;2024-07-24T11:30:21;2;FALSE;;;King's Speech (Motion for an Address): Amendment (l);117;384;;;;;;;0.77
1827;2024-07-22T21:59:00;2024-07-23T19:43:21;1;FALSE;;;King's Speech (Motion for an Address): Amendment (h);111;390;;;;;;;0.77
1841;2024-09-10T18:15:00;2024-09-10T18:32:50;15;FALSE;;;Opposition day: Winter Fuel Payment;214;335;;;;;;;0.84
1840;2024-09-10T14:59:00;2024-09-11T09:48:43;14;FALSE;;; Social Fund Winter Fuel Payment Regulations 2024 (SI, 2024, No. 869): motion to annul;228;348;;;;;;;0.89
1839;2024-09-05T17:15:00;2024-09-05T17:44:52;13;FALSE;;;Great British Energy Bill: Second Reading;348;95;;;;;;;0.68
1838;2024-09-05T16:59:00;2024-09-09T18:53:22;12;FALSE;;;Great British Energy Bill: Reasoned Amendment to Second Reading;94;348;;;;;;;0.68
1837;2024-09-04T17:09:00;2024-09-04T17:27:00;11;FALSE;;;Budget Responsibility Bill: Committee: Amendment 2;73;375;;;;;;;0.69
1836;2024-09-04T16:52:00;2024-09-04T17:15:50;10;FALSE;;;Budget Responsibility Bill: Committee: Amendment 9;109;366;;;;;;;0.73
1835;2024-09-03T19:10:00;2024-09-04T15:33:47;9;FALSE;;;Passenger Railway Services Bill (Public Ownership) Bill: Committee: Amendment 21;82;360;;;;;;;0.68
1834;2024-09-03T18:53:00;2024-09-04T16:48:28;8;FALSE;;;Passenger Railway Services Bill (Public Ownership) Bill: Committee: Amendment 17;113;372;;;;;;;0.75
1833;2024-09-03T18:35:00;2024-09-03T19:01:03;7;FALSE;;;Passenger Railway Services Bill (Public Ownership) Bill: Committee: Amendment 14;111;362;;;;;;;0.73
1853;2024-10-29T18:53:00;2024-11-01T10:34:16;27;FALSE;;;Great British Energy Bill: Third Reading;361;111;;;;;;;0.73
1852;2024-10-29T18:28:00;2024-11-06T14:43:22;26;FALSE;;;Great British Energy Bill Report Stage: Amendment 8;115;361;;;;;;;0.73
1851;2024-10-29T18:14:00;2024-11-06T14:42:00;25;FALSE;;;Great British Energy Bill Report Stage: Amendment 6;124;361;;;;;;;0.75
1850;2024-10-29T17:58:00;2024-10-29T18:17:08;24;FALSE;;;Great British Energy Bill Report Stage: Amendment 4;96;353;;;;;;;0.69
1849;2024-10-21T22:16:00;2024-10-22T09:25:26;23;FALSE;;;Employment Rights Bill: Second Reading;386;105;;;;;;;0.76
1848;2024-10-21T21:59:00;2024-11-11T12:02:30;22;FALSE;;;Employment Rights Bill: Reasoned Amendment to Second Reading;105;386;;;;;;;0.76
1847;2024-10-16T18:57:00;2024-10-21T10:19:48;21;FALSE;;;Opposition day: Access to primary healthcare;80;337;;;;;;;0.64
1846;2024-10-16T15:26:00;2024-10-16T17:32:24;20;FALSE;;;Opposition day: Carer's allowance;87;335;;;;;;;0.65
1845;2024-10-15T18:55:00;2024-10-16T12:20:34;19;FALSE;;;House of Lords (Hereditary Peers) Bill: Reasoned Amendment to Second Reading;105;453;;;;;;;0.86
1844;2024-10-09T19:00:00;2024-10-10T13:57:28;18;FALSE;;;Renters' Rights Bill: Reasoned Amendment to Second Reading;104;424;;;;;;;0.81
1843;2024-10-08T18:59:00;2024-10-08T19:18:13;17;FALSE;;;Opposition Day: Farming and food security;187;359;;;;;;;0.84
1842;2024-10-08T16:16:00;2024-10-09T12:01:49;16;FALSE;;;Opposition Day: VAT on independent schools;190;363;;;;;;;0.85
1877;2024-11-29T14:08:00;2024-11-29T14:29:20;51;FALSE;;;Terminally Ill Adults (End of Life) Bill: Second Reading;330;275;;;;;;;0.93
1876;2024-11-27T19:06:00;2024-11-27T19:21:14;50;FALSE;;;Finance Bill: Second Reading;332;176;;;;;;;0.78
1875;2024-11-27T18:51:00;2024-11-27T19:09:32;49;FALSE;;;Finance Bill: Reasoned Amendment to Second Reading;112;333;;;;;;;0.68
1874;2024-11-26T18:46:00;2024-11-29T12:53:59;48;FALSE;;;Tobacco and Vapes Bill: Second Reading;415;47;;;;;;;0.71
1873;2024-11-25T21:50:00;2024-12-02T13:24:51;47;FALSE;;;Non-Domestic Rating (Multipliers and Private Schools) Bill: Second Reading;336;175;;;;;;;0.79
1872;2024-11-25T21:34:00;2024-11-28T13:43:02;46;FALSE;;;Non-Domestic Rating (Multipliers and Private Schools) Bill: Reasoned Amendment to Second Reading;173;335;;;;;;;0.78
1871;2024-11-19T15:06:00;2024-11-26T13:34:44;45;FALSE;;;Passenger Railway Services (Public Ownership) Bill: motion to disagree with Lords Amendment 2;350;108;;;;;;;0.70
1870;2024-11-19T14:53:00;2024-11-25T19:55:46;44;FALSE;;;Passenger Railway Services (Public Ownership) Bill: motion to disagree with Lords Amendment 1;344;172;;;;;;;0.79
1869;2024-11-13T00:00:00;2024-11-13T15:05:46;43;TRUE;;;Draft Windsor Framework (Non-Commercial Movement of Pet Animals) Regulations 2024;412;16;;;;;;;0.66
1868;2024-11-12T19:00:00;2024-11-20T11:36:22;42;FALSE;;;House of Lords (Hereditary Peers) Bill: Third Reading;435;73;;;;;;;0.78
1867;2024-11-12T18:34:00;2024-11-13T15:40:55;41;FALSE;;;House of Lords (Hereditary Peers) Bill Committee: New Clause 20;98;375;;;;;;;0.73
1866;2024-11-12T18:19:00;2024-11-13T14:38:52;40;FALSE;;;House of Lords (Hereditary Peers) Bill Committee: New Clause 7;93;355;;;New Clause 7;;;;0.69
1865;2024-11-12T18:05:00;2024-11-12T18:22:26;39;FALSE;;;House of Lords (Hereditary Peers) Bill Committee: New Clause 1;41;378;;;;;;;0.64
1864;2024-11-12T17:50:00;2024-11-13T16:19:29;38;FALSE;;;House of Lords (Hereditary Peers) Bill Committee: Amendment 25;98;376;;;;;;;0.73
1863;2024-11-06T21:00:00;2024-11-11T10:43:25;37;FALSE;;;Budget Resolution No. 44:  Rates of alcohol duty;371;77;;;;;;;0.69
1862;2024-11-06T20:49:00;2024-11-07T10:58:20;36;FALSE;;;Budget Resolution No. 36: Stamp duty land tax (additional dwellings: purchases on or after 1 April 2025);373;110;;;;;;;0.74
1861;2024-11-06T20:37:00;2024-11-07T15:41:54;35;FALSE;;;Budget Resolution No. 35: Stamp duty land tax (additional dwellings: purchases before 1 April 2025) ;378;116;;;;;;;0.76
1860;2024-11-06T20:25:00;2024-11-22T14:47:10;34;FALSE;;;Budget Resolution No. 34: Value added tax (private school fees);383;184;;;;;;;0.87
1859;2024-11-06T20:10:00;2024-11-11T12:38:39;33;FALSE;;;Budget Resolution No. 14: Energy (oil and gas) profits levy (period for which levy has effect) ;450;120;;;;;;;0.88
1858;2024-11-06T19:55:00;2024-11-07T17:07:48;32;FALSE;;;Budget Resolution No. 13: Energy (oil and gas) profits levy (relief for investment expenditure);454;124;;;;;;;0.89
1857;2024-11-06T19:40:00;2024-11-07T17:06:34;31;FALSE;;;Budget Resolution No. 12: Energy (oil and gas) profits levy (increase in rate) ;455;125;;;;;;;0.89
1856;2024-11-06T19:26:00;2024-11-11T12:28:24;30;FALSE;;;Budget Resolution No. 8: Capital gains tax (investors' relief);400;122;;;;;;;0.80
1855;2024-11-06T19:12:00;2024-11-07T17:10:14;29;FALSE;;;Budget Resolution No. 7: Capital gains tax (business asset disposal relief);400;120;;;;;;;0.80
1854;2024-11-06T18:58:00;2024-11-06T19:18:42;28;FALSE;;;Budget Resolution No. 6: Capital gains tax (the main rates);401;120;;;;;;;0.80
1899;2024-12-17T18:55:00;2024-12-20T09:39:38;73;FALSE;;;National Insurance Contributions (Secondary Class 1 Contributions) Bill: Third Reading;354;202;;;;;;;0.86
1898;2024-12-17T18:37:00;2024-12-17T20:52:10;72;FALSE;;;National Insurance Contributions (Secondary Class 1 Contributions) Bill Committee: New Clause 1;195;353;;;;;;;0.84
1897;2024-12-17T18:22:00;2024-12-17T20:51:48;71;FALSE;;;National Insurance Contributions (Secondary Class 1 Contributions) Bill Committee: Amendment 23;196;352;;;;;;;0.84
1896;2024-12-17T18:09:00;2024-12-18T15:08:24;70;FALSE;;;National Insurance Contributions (Secondary Class 1 Contributions) Bill Committee: Amendment 13;206;353;;;;;;;0.86
1895;2024-12-17T17:55:00;2024-12-23T10:03:01;69;FALSE;;;National Insurance Contributions (Secondary Class 1 Contributions) Bill Committee: Amendment 1;100;351;;;;;;;0.69
1894;2024-12-11T18:18:00;2024-12-11T18:33:37;68;FALSE;;;Finance Bill Committee: New Clause 7;104;313;;;;;;;0.64
1893;2024-12-11T18:03:00;2024-12-13T09:49:36;67;FALSE;;;Finance Bill Committee: New Clause 6;105;314;;;;;;;0.64
1892;2024-12-11T17:12:00;2024-12-12T14:06:05;66;FALSE;;;Finance Bill Committee: New Clause 8;167;329;;;;;;;0.76
1891;2024-12-11T16:57:00;2024-12-23T10:05:29;65;FALSE;;;Finance Bill Committee: Clause 48 stand part;332;170;;;;;;;0.77
1890;2024-12-11T16:42:00;2024-12-17T17:59:42;64;FALSE;;;Finance Bill Committee: Clause 47 stand part;338;170;;;;;;;0.78
1889;2024-12-11T00:00:00;2024-12-11T14:43:03;63;TRUE;;;Draft Movement of Goods (Northern Ireland to Great Britain) (Animals, Feed and Food, Plant Health etc.) (Transitory Provision and Miscellaneous Amendments) Regulations 2024;375;9;;;;;;;0.59
1888;2024-12-10T16:27:00;2024-12-12T10:41:35;62;FALSE;;;Draft Home Detention Curfew and Requisite and Minimum Custodial Periods (Amdt) Order 2024;424;106;;;;;;;0.82
1887;2024-12-10T16:11:00;2024-12-11T12:28:57;61;FALSE;;;Finance Bill Committee New Clause 3;184;359;;;;;;;0.84
1886;2024-12-10T15:56:00;2024-12-12T10:41:03;60;FALSE;;;Finance Bill Committee: New Clause 2;74;350;;;;;;;0.65
1885;2024-12-10T14:17:00;2024-12-10T14:34:38;59;FALSE;;;Finance Bill Committee: New Clause 5;105;340;;;;;;;0.68
1884;2024-12-09T20:38:00;2024-12-09T21:00:40;58;FALSE;;;Terrorism (Protection of Premises) Bill: New Clause 1;89;340;;;;;;;0.66
1883;2024-12-06T09:34:00;2024-12-06T09:59:18;57;FALSE;;;Motion to sit in private;1;49;;;;;;;0.08
1882;2024-12-04T18:57:00;2024-12-04T19:13:42;56;FALSE;;;Opposition Day: Increase in employers' National Insurance Contributions;165;334;;;;;;;0.77
1881;2024-12-04T16:57:00;2024-12-05T09:50:13;55;FALSE;;;Opposition day: UK Farming and Inheritance Tax ;181;339;;;;;;;0.80
1880;2024-12-03T18:54:00;2024-12-03T19:13:59;54;FALSE;;;National Insurance Contributions (Secondary Class 1 Contributions) Bill: Second Reading;332;189;;;;;;;0.80
1879;2024-12-03T18:40:00;2024-12-04T17:54:17;53;FALSE;;;National Insurance Contributions (Secondary Class 1 Contributions) Bill: Reasoned Amendment to Second Reading;186;330;;;;;;;0.79
1878;2024-12-03T14:51:00;2024-12-04T10:52:01;52;FALSE;;;Elections (proportional representation): Ten Minute Rule Motion ;138;136;;;;;;;0.42
;;;;;;;;;;;;;;;;
