DivisionId,Date,PublicationUpdated,Number,IsDeferred,EVELType,EVELCountry,Title,AyeCount,NoCount,DoubleMajorityAyeCount,DoubleMajorityNoCount,FriendlyDescription,FriendlyTitle,RemoteVotingStart,RemoteVotingEnd,Attendance,VoteType
30.0,2016-03-23T19:26:00,2016-03-23T19:49:36.597,232.0,False,,,s5 European Communities (Amendment) Act 1993,241.0,180.0,,,,,,,0.65,Whipped
29.0,2016-03-23T17:16:00,2016-03-24T12:45:13.71,231.0,False,,,HS2: report stage: Third Reading,399.0,42.0,,,,,,,0.68,Whipped
28.0,2016-03-23T16:27:00,2016-03-23T17:16:11.987,230.0,False,,,High Speed Rail Bill Report Stage: New Clause 22,190.0,254.0,,,,,,,0.68,Whipped
27.0,2016-03-23T16:16:00,2016-03-24T16:52:06.87,229.0,False,,,HS2: report stage: NC 8,43.0,245.0,,,,,,,0.44,Whipped
26.0,2016-03-23T15:15:00,2016-03-23T16:11:34.907,228.0,False,,,HS2: report stage: NC 20,184.0,273.0,,,,,,,0.7,Whipped
25.0,2016-03-23T00:00:00,2016-03-23T17:38:22.187,227.0,True,,,Public Service Pensions,287.0,211.0,,,,,,,0.77,Whipped
24.0,2016-03-23T00:00:00,2016-03-30T11:40:12.89,226.0,True,,,Electricity,287.0,232.0,,,,,,,0.8,Whipped
23.0,2016-03-22T19:38:00,2016-03-24T11:32:15.213,225.0,False,,,Procedure: Future Taxation (Landfill Tax),297.0,62.0,,,,,,,0.55,Whipped
22.0,2016-03-22T19:24:00,2016-03-23T13:24:25.4,224.0,False,,,Budget Resolution Motion 56: Insurance Premium Tax,307.0,62.0,,,,,,,0.57,Whipped
21.0,2016-03-22T19:10:00,2016-03-22T19:36:57.303,223.0,False,,,Budget Motion 38: Capital Gains Tax,311.0,274.0,,,,,,,0.9,Whipped
20.0,2016-03-22T18:57:00,2016-03-22T19:23:35.577,222.0,False,,,Budget Resolutions: Motion 8,307.0,62.0,,,,,,,0.57,Whipped
19.0,2016-03-22T18:40:00,2016-03-22T19:18:08.48,221.0,False,,,Budget Resolutions: Amendment of the Law,310.0,275.0,,,,,,,0.9,Whipped
18.0,2016-03-15T18:59:00,2016-03-15T19:21:03.85,220.0,False,,,INVESTIGATORY POWERS BILL: SECOND READING,281.0,15.0,,,,,,,0.46,Whipped
17.0,2016-03-14T21:04:00,2016-03-15T18:20:22.443,219.0,False,,,Tax Credits SI,272.0,228.0,,,,,,,0.77,Whipped
16.0,2016-03-14T20:08:00,2016-03-15T12:53:51.677,218.0,False,,,Energy Bill (Lord) Report Stage: New Clause 10,229.0,275.0,,,,,,,0.78,Whipped
15.0,2016-03-14T19:56:00,2016-03-15T12:51:45.137,217.0,False,,,Energy Bill (Lords) Report Stage: New Clause 8,227.0,272.0,,,,,,,0.77,Whipped
14.0,2016-03-14T19:44:00,2016-03-15T12:43:45.51,216.0,False,,,Energy Bill (Lords) Report Stage: New Clause 3,229.0,268.0,,,,,,,0.76,Whipped
13.0,2016-03-14T17:49:00,2016-03-15T12:07:14.623,215.0,False,,,Energy Bill: amendment 8,229.0,271.0,,,,,,,0.77,Whipped
12.0,2016-03-14T17:35:00,2016-03-15T18:18:13.813,214.0,False,,,Energy Bill: amendment 24,183.0,270.0,,,,,,,0.7,Whipped
2.0,2016-03-09T18:50:00,2016-10-21T15:49:05,211.0,False,,,Immigration (Affirmative SI),307.0,57.0,,,,,,,0.56,Whipped
55.0,2016-04-27T16:35:00,2016-04-29T16:58:38.943,257.0,False,,,Trade Union Bill Lords Amdt 17: Motion to Disagree,307.0,268.0,,,,,,,0.88,Whipped
54.0,2016-04-27T16:21:00,2016-04-27T17:09:12.747,256.0,False,,,Trade Union Bill Lords Amendment 2: Govt Amdt (a),312.0,260.0,,,,,,,0.88,Whipped
53.0,2016-04-26T19:14:00,2016-04-27T11:26:08.783,255.0,False,,,Policing and Crime Bill Report Stage: Amdt 10,182.0,305.0,,,,,,,0.75,Whipped
52.0,2016-04-26T19:00:00,2016-04-27T11:26:41.28,254.0,False,,,Policing and Crime Bill Report Stage: Amdt 13,182.0,306.0,,,,,,,0.75,Whipped
51.0,2016-04-26T16:19:00,2016-04-26T16:39:58.513,253.0,False,,,Policing and Crime Bill Report Stage: Amdt 6,200.0,307.0,,,,,,,0.78,Whipped
50.0,2016-04-26T16:03:00,2016-04-26T16:56:34.04,252.0,False,,,Policing and Crime Bill Report Stage: Amdt 20,209.0,303.0,,,,,,,0.79,Whipped
49.0,2016-04-26T15:52:00,2016-04-26T16:09:58.763,251.0,False,,,Policing and Crime Blll Report Stage: Amdt. 3,200.0,308.0,,,,,,,0.78,Whipped
48.0,2016-04-25T22:24:00,2016-04-25T23:31:07.853,250.0,False,,,Immigration Bill Lords Amendment 59: Motion to disagree,303.0,60.0,,,,,,,0.56,Whipped
47.0,2016-04-25T22:10:00,2016-04-25T23:36:53.5,249.0,False,,,Immigration Bill Lords Amendment 85: Motion to disagree,302.0,266.0,,,,,,,0.87,Whipped
46.0,2016-04-25T21:57:00,2016-04-25T23:35:14.277,248.0,False,,,Immigration Bill Lords Amdt 84: Motion to disagree,302.0,266.0,,,,,,,0.87,Whipped
45.0,2016-04-25T21:42:00,2016-04-25T23:32:15.33,247.0,False,,,Immigration Bill Lords Amdt 60: Motion to disagree,304.0,268.0,,,,,,,0.88,Whipped
44.0,2016-04-25T21:26:00,2016-04-26T13:34:52.713,246.0,False,,,Immigration Bill Lords Amdt 87: Motion to disagree,294.0,276.0,,,,,,,0.88,Whipped
43.0,2016-04-20T18:59:00,2016-04-20T19:39:38.287,245.0,False,,,Record Copies of Act,117.0,38.0,,,,,,,0.24,Whipped
42.0,2016-04-20T17:11:00,2016-04-21T10:47:50.153,244.0,False,,,Daesh: Genocide of Minorities,278.0,0.0,,,,,,,0.43,Whipped
41.0,2016-04-20T14:20:00,2016-04-20T15:02:21.92,243.0,False,,,Energy Bill: Lords amendment 7T ,293.0,224.0,,,,,,,0.8,Whipped
40.0,2016-04-19T18:32:00,2016-04-19T18:50:44.93,242.0,False,,,Bank of England and Financial Services (Third Reading) Bill,298.0,237.0,,,,,,,0.82,Whipped
39.0,2016-04-19T17:49:00,2016-04-19T18:21:49.673,241.0,False,,,Bank of England Bill Report Stage: Amdt 4,239.0,301.0,,,,,,,0.83,Whipped
38.0,2016-04-19T17:18:00,2016-04-26T17:43:45.997,240.0,False,,,Bank of England Bill Report Stage: Amdt 8,246.0,300.0,,,,,,,0.84,Whipped
37.0,2016-04-19T17:05:00,2016-04-19T17:18:44.437,239.0,False,,,Bank of England Bill Report Stage: New Clause 14,245.0,299.0,,,,,,,0.84,Whipped
36.0,2016-04-19T15:48:00,2016-04-20T12:02:23.503,238.0,False,,,Bank of England Bill Report Stage: New Clause 2,246.0,303.0,,,,,,,0.84,Whipped
35.0,2016-04-13T19:13:00,2016-04-14T10:30:57.667,237.0,False,,,"Opposition Day - Schools White Paper Main question, as amended",297.0,201.0,,,,,,,0.77,Whipped
34.0,2016-04-13T19:00:00,2016-04-13T19:35:35.047,236.0,False,,,Opposition Day Motion - Schools White Paper: Prime Ministers Amendment,302.0,204.0,,,,,,,0.78,Whipped
33.0,2016-04-13T16:00:00,2016-04-14T10:23:25.437,235.0,False,,,Opposition Day: Tax avoidance and evasion,266.0,300.0,,,,,,,0.87,Whipped
32.0,2016-04-13T00:00:00,2016-04-27T17:43:06.443,234.0,True,,,"Employment Agencies, Etc.",308.0,241.0,,,,,,,0.84,Whipped
31.0,2016-04-11T23:02:00,2016-04-11T23:22:33.123,233.0,False,,,Finance (no. 2) Bill Second Reading,308.0,248.0,,,,,,,0.86,Whipped
71.0,2016-05-26T17:27:00,2016-05-26T17:47:32.627,4.0,False,,,"Queen's Speech, main question as amended",297.0,237.0,,,,,,,0.82,Whipped
70.0,2016-05-26T17:16:00,2016-05-26T17:45:42.403,3.0,False,,,"Queen's Speech, Economy and Work, Amendment d (A Robertson)",52.0,303.0,,,,,,,0.55,Whipped
69.0,2016-05-26T16:59:00,2016-05-26T17:44:08.627,2.0,False,,,"Queen's Speech, Economy and Work, Amendment e (J Corbyn)",189.0,300.0,,,,,,,0.75,Whipped
68.0,2016-05-25T19:01:00,2016-05-26T10:43:48.727,1.0,False,,,Queen's Speech - Jeremy Corbyn's amendment,263.0,300.0,,,,,,,0.87,Whipped
67.0,2016-05-11T13:41:00,2016-05-19T15:36:01.637,269.0,False,Double Majority,England,Housing and Planning Bill: Lords Amdt 47E - Motion to disagree,292.0,197.0,275.0,166.0,,,,,0.75,Whipped
66.0,2016-05-09T22:39:00,2016-05-09T23:41:35.837,268.0,False,,,Immigration Bill Lords Amendment 85: motion to agree with amendments,296.0,258.0,,,,,,,0.85,Whipped
65.0,2016-05-09T21:24:00,2016-05-09T22:35:28.257,267.0,False,Double Majority,England,Housing and Planning Bill: Lords Amdt 108: Govt (a) in Lieu,292.0,205.0,276.0,175.0,,,,,0.76,Whipped
64.0,2016-05-09T21:11:00,2016-05-10T11:00:12.5,266.0,False,Double Majority,England,Housing and Planning Bill Lords Amdt 47B & 47C: Motion to disagree,291.0,203.0,275.0,174.0,,,,,0.76,Whipped
63.0,2016-05-09T20:57:00,2021-03-26T08:57:35,265.0,False,Double Majority,England,Housing and Planning Bill Lords Amdt 10B: Motion to disagree,289.0,206.0,259.0,170.0,,,,,0.76,Whipped
62.0,2016-05-09T19:51:00,2016-05-09T20:24:25.263,264.0,False,,,Energy Bill - Lords Amendment 7TB - Government Motion to disagree,286.0,260.0,,,,,,,0.84,Whipped
61.0,2016-05-04T16:26:00,2016-05-04T16:43:05.21,263.0,False,,,Opposition Day: NHS Bursaries,158.0,277.0,,,,,,,0.67,Whipped
60.0,2016-05-03T22:15:00,2016-05-03T22:38:48.957,262.0,False,Double Majority,England and Wales,Housing and Planning Bill Lords Amdt 110: Motion to disagree,285.0,164.0,285.0,161.0,,,,,0.69,Whipped
59.0,2016-05-03T22:02:00,2016-05-03T22:34:13.017,261.0,False,Double Majority,England,Housing and Planning Bill Lords Amdt 108: Motion to disagree,286.0,163.0,277.0,149.0,,,,,0.69,Whipped
58.0,2016-05-03T20:57:00,2016-05-03T21:44:16.737,260.0,False,Double Majority,England,Housing and Planning Bill Lords Amendment 54: Motion to disagree,286.0,171.0,278.0,157.0,,,,,0.7,Whipped
57.0,2016-05-03T20:44:00,2016-05-03T21:16:11.09,259.0,False,Double Majority,England,Housing and Planning Bill Lords Amendment 47: Motion to disagree,288.0,172.0,279.0,158.0,,,,,0.71,Whipped
56.0,2016-05-03T20:29:00,2021-03-26T08:56:31,258.0,False,Double Majority,England,Housing and Planning Bill Lords Amendment 9: Motion to disagree,287.0,172.0,267.0,152.0,,,,,0.71,Whipped
96.0,2016-06-28T17:38:00,2016-06-28T17:56:46.98,29.0,False,,, Finance Bill: committee: New Clause 2,259.0,315.0,,,,,,,0.88,Whipped
95.0,2016-06-28T17:20:00,2016-06-28T17:42:51.167,28.0,False,,,Finance Bill: committee: Clause 72 stand part ,308.0,264.0,,,,,,,0.88,Whipped
94.0,2016-06-28T16:17:00,2016-06-28T17:18:20.41,27.0,False,,,Finance Bill: committee: Clause 42 stand part,308.0,255.0,,,,,,,0.87,Whipped
93.0,2016-06-28T14:54:00,2016-06-28T15:18:34.89,26.0,False,,,Finance Bill: committee: New Clause 9,268.0,305.0,,,,,,,0.88,Whipped
92.0,2016-06-28T14:39:00,2016-06-28T17:57:00.427,25.0,False,,,Finance Bill: committee: Amendment 1,273.0,295.0,,,,,,,0.87,Whipped
91.0,2016-06-27T20:30:00,2016-06-27T20:54:57.54,24.0,False,,,Finance Bill: committee: Amendment 183,237.0,303.0,,,,,,,0.83,Whipped
90.0,2016-06-27T19:38:00,2016-06-27T19:59:04.37,23.0,False,,,Finance Bill: New Clause 1,247.0,316.0,,,,,,,0.87,Whipped
89.0,2016-06-27T19:24:00,2016-06-27T19:47:35.943,22.0,False,,,Finance Bill: committee: Amendment 2,251.0,314.0,,,,,,,0.87,Whipped
88.0,2016-06-15T18:59:00,2016-06-15T19:25:53.757,21.0,False,,,Opposition Day: EU Membership,257.0,0.0,,,,,,,0.4,Whipped
87.0,2016-06-15T00:00:00,2016-06-15T15:00:30.643,20.0,True,Double Majority,England,Local Government Statutory Instrument,278.0,4.0,260.0,3.0,,,,,0.43,Whipped
86.0,2016-06-13T21:12:00,2016-06-13T21:30:45.01,19.0,False,,,Policing and Crime Bill Report Stage: New Clause 60,157.0,257.0,,,,,,,0.64,Whipped
85.0,2016-06-13T20:59:00,2016-06-13T21:13:23.493,18.0,False,,,Policing and Crime Bill Report Stage: New Clause 2,12.0,262.0,,,,,,,0.42,Whipped
84.0,2016-06-13T19:21:00,2016-06-13T20:18:05.247,17.0,False,,,Policing and Crime Bill Report Stage: New Clause 64,155.0,268.0,,,,,,,0.65,Whipped
83.0,2016-06-13T19:08:00,2016-06-13T19:26:17.153,16.0,False,,,Policing and Crime Bill Report Stage: New Clause 63,155.0,264.0,,,,,,,0.64,Whipped
82.0,2016-06-08T19:00:00,2016-06-09T13:11:57.997,15.0,False,,,Opposition Day: Disability Employment Gap,215.0,262.0,,,,,,,0.73,Whipped
81.0,2016-06-08T16:10:00,2016-06-08T16:56:28.167,14.0,False,,,Opposition Day: BBC White Paper,216.0,286.0,,,,,,,0.77,Whipped
80.0,2016-06-07T19:02:00,2016-06-07T19:27:08.977,13.0,False,,,Investigatory Powers Bill Third Reading,444.0,69.0,,,,,,,0.79,Whipped
79.0,2016-06-07T18:12:00,2016-06-07T18:39:24.23,12.0,False,,,Investigatory Powers Bill Report Stage: Amdt 3,69.0,282.0,,,,,,,0.54,Whipped
78.0,2016-06-07T17:59:00,2016-06-07T18:25:45.013,11.0,False,,,Investigatory Powers Bill Report Stage: Amdt. 320,68.0,285.0,,,,,,,0.54,Whipped
77.0,2016-06-07T16:13:00,2016-06-07T16:56:08.647,10.0,False,,,Investigatory Powers Bill Report Stage: Amdt 390,66.0,285.0,,,,,,,0.54,Whipped
76.0,2016-06-06T23:15:00,2016-06-06T23:30:20.443,9.0,False,,,Investigatory Powers Bill: Report: Amendment 312,66.0,272.0,,,,,,,0.52,Whipped
75.0,2016-06-06T23:02:00,2016-06-06T23:17:55.02,8.0,False,,,Investigatory Powers Bill: Report: Amendment 267,67.0,271.0,,,,,,,0.52,Whipped
74.0,2016-06-06T20:27:00,2016-06-07T10:28:06.147,7.0,False,,,Investigatory Powers Bill: Report: Amendment 482,67.0,281.0,,,,,,,0.54,Whipped
73.0,2016-06-06T20:26:00,2016-06-07T14:44:37.32,6.0,False,,,Invesigatory Powers Bill: Report: Amendment 465,64.0,281.0,,,,,,,0.53,Whipped
72.0,2016-06-06T20:01:00,2016-06-06T20:45:51.793,5.0,False,,,Investigatory Powers Bill: Report: NC1,64.0,278.0,,,,,,,0.53,Whipped
119.0,2016-07-20T18:27:00,2016-07-20T18:41:31.873,52.0,False,,,Opposition Motion: Charter for Budget Responsibility,213.0,283.0,,,,,,,0.76,Whipped
118.0,2016-07-20T16:28:00,2016-07-20T16:55:29.017,51.0,False,,,Opposition Motion: Supported Housing Benefit,256.0,290.0,,,,,,,0.84,Whipped
117.0,2016-07-20T13:14:00,2016-07-20T13:38:12.283,50.0,False,,,Ten Minute Rule Motion: Electoral Reform (Proportional Representation and Reduction of Voting Age),74.0,81.0,,,,,,,0.24,Whipped
116.0,2016-07-20T00:00:00,2016-12-08T19:08:28,49.0,True,,,Climate Change,309.0,207.0,,,,,,,0.79,Whipped
115.0,2016-07-20T00:00:00,2016-07-20T14:57:12.257,48.0,True,,,Atomic Energy and Radioactive Substances,312.0,56.0,,,,,,,0.57,Whipped
114.0,2016-07-19T19:00:00,2016-11-03T10:17:17,47.0,False,,,Higher Education and Research Bill: Second Reading,294.0,258.0,,,,,,,0.85,Whipped
113.0,2016-07-18T22:00:00,2016-11-03T15:09:08,46.0,False,,,UK's Nuclear Deterrent,472.0,117.0,,,A vote on whether to maintain the UK’s independent minimum credible nuclear deterrent and replace the current Vanguard Class submarines with four Successor submarines,Renewal of Trident nuclear weapons system,,,0.91,Whipped
112.0,2016-07-13T13:04:00,2016-07-13T13:40:04.55,45.0,False,,,Independent Parliamentary Standards Authority,312.0,45.0,,,,,,,0.55,Whipped
111.0,2016-07-12T17:58:00,2016-07-12T18:13:43.56,44.0,False,,,Senior Courts of England and Wales,278.0,218.0,,,,,,,0.76,Whipped
110.0,2016-07-12T17:45:00,2016-07-12T18:14:25.573,43.0,False,,,Opposition Day: SATs Results,178.0,278.0,,,,,,,0.7,Whipped
109.0,2016-07-12T15:54:00,2016-07-12T17:42:49.267,42.0,False,,,Opposition Day: EU Referendum: Energy and Environment,229.0,278.0,,,,,,,0.78,Whipped
108.0,2016-07-11T21:18:00,2016-07-11T21:29:46.2,41.0,False,,,Wales Bill (committee): NC 2,46.0,273.0,,,,,,,0.49,Whipped
107.0,2016-07-11T21:07:00,2016-07-11T21:17:43.57,40.0,False,,,Wales Bill (committee): Amendment 81,47.0,274.0,,,,,,,0.49,Whipped
106.0,2016-07-11T20:54:00,2016-07-11T21:07:02.547,39.0,False,,,Wales Bill (committee): Amendment 74,195.0,275.0,,,,,,,0.72,Whipped
105.0,2016-07-11T19:22:00,2016-07-11T20:27:44.777,38.0,False,,,Wales Bill (committee): Amendment 123,210.0,270.0,,,,,,,0.74,Whipped
104.0,2016-07-11T19:09:00,2016-07-11T19:26:01.633,37.0,False,,,Wales Bill (Committee): Amendment 83,47.0,270.0,,,,,,,0.49,Whipped
103.0,2016-07-06T17:48:00,2016-07-06T18:07:01.007,36.0,False,,,Opposition Motion: EU Nationals in the UK,245.0,2.0,,,,,,,0.38,Whipped
102.0,2016-07-05T17:58:00,2016-07-05T18:50:47.357,35.0,False,,,Wales Bill Committee Clause 16 Stand Part,285.0,7.0,,,,,,,0.45,Whipped
101.0,2016-07-05T17:44:00,2016-07-05T18:10:13.183,34.0,False,,,Wales Bill Committee Amdt 11,181.0,285.0,,,,,,,0.72,Whipped
100.0,2016-07-05T17:30:00,2016-07-05T17:57:39.573,33.0,False,,,Wales Bill Committee Clause 10 Stand Part,294.0,228.0,,,,,,,0.8,Whipped
99.0,2016-07-05T14:54:00,2016-07-05T15:46:11.923,32.0,False,,,Wales Bill Committee Amdt 7,217.0,274.0,,,,,,,0.76,Whipped
98.0,2016-07-05T14:41:00,2016-07-05T15:12:37.873,31.0,False,,,Wales Bill Committee Amdt 5,41.0,270.0,,,,,,,0.48,Whipped
97.0,2016-07-04T22:00:00,2016-07-04T22:23:58.18,30.0,False,,,Estimates (Ministry of Justice),262.0,127.0,,,,,,,0.6,Whipped
134.0,2016-09-14T18:37:00,2016-10-06T11:18:40.6,67.0,False,,,Opposition Motion: NHS sustainabiliy and transformation plans,195.0,280.0,,,,,,,0.73,Whipped
133.0,2016-09-14T15:22:00,2016-09-14T15:46:07.8,66.0,False,Double Majority,England,Draft West Midlands Combined Authority (Election of Mayor) Order 2016,290.0,3.0,271.0,3.0,,,,,0.45,Whipped
132.0,2016-09-14T13:55:00,2016-09-14T14:27:55.507,65.0,False,,,Ten Minute Rule Motion: European Union (UK Withdrawal From Membership),50.0,179.0,,,,,,,0.35,Whipped
131.0,2016-09-12T21:21:00,2016-09-12T22:03:15.217,64.0,False,,,Wales Bill: Report Stage New Clause 6,195.0,281.0,,,,,,,0.73,Whipped
130.0,2016-09-12T21:08:00,2016-09-12T21:59:44.233,63.0,False,,,Wales Bill: Report Stage New Clause 3,191.0,286.0,,,,,,,0.73,Whipped
129.0,2016-09-12T19:40:00,2016-09-12T20:07:06.643,62.0,False,,,Wales Bill: Report Stage Amdt 60,30.0,288.0,,,,,,,0.49,Whipped
128.0,2016-09-06T17:43:00,2016-09-06T18:20:20.77,61.0,False,,,Finance Bill: Third Reading,303.0,250.0,,,,,,,0.85,Whipped
127.0,2016-09-06T16:57:00,2016-09-09T12:34:13.94,60.0,False,,,Finance Bill: Report Stage New Clause 15,265.0,307.0,,,,,,,0.88,Whipped
126.0,2016-09-06T16:42:00,2016-09-06T17:04:38.693,59.0,False,,,Finance Bill: Report Stage New Clause 8,261.0,309.0,,,,,,,0.88,Whipped
125.0,2016-09-06T14:09:00,2016-09-06T14:39:10.573,58.0,False,,,Finance Bill: Report Stage Amdt 174,236.0,291.0,,,,,,,0.81,Whipped
124.0,2016-09-05T23:16:00,2016-09-05T23:31:50.54,57.0,False,,,Finance Bill Report Stage Amdt 144,235.0,291.0,,,,,,,0.81,Whipped
123.0,2016-09-05T22:22:00,2016-09-05T22:43:28.65,56.0,False,,,Finance Bill Report Stage New Clause 13,245.0,304.0,,,,,,,0.84,Whipped
122.0,2016-09-05T22:07:00,2016-09-05T22:48:24.05,55.0,False,,,Finance Bill Report Stage New Clause 7,248.0,304.0,,,,,,,0.85,Whipped
121.0,2016-09-05T20:36:00,2016-09-05T22:44:21.93,54.0,False,,,Finance Bill: Report Stage Amdt 162 ,252.0,309.0,,,,,,,0.86,Whipped
120.0,2016-09-05T20:21:00,2016-09-05T22:44:52.837,53.0,False,,,Finance Bill: Report Stage New Clause 5,249.0,304.0,,,,,,,0.85,Whipped
140.0,2016-10-31T21:18:00,2016-11-01T15:28:58,73.0,False,,,Justice Committee: Motion To Nominate,203.0,7.0,,,,,,,0.32,Whipped
139.0,2016-10-26T18:59:00,2016-10-26T19:22:00,72.0,False,,,Opposition Motion: Yemen,193.0,283.0,,,,,,,0.73,Whipped
138.0,2016-10-21T13:36:00,2016-10-21T13:49:23.47,71.0,False,,,Closure Motion: Sexual Offences (Pardons Etc.) Bill second reading,57.0,0.0,,,,,,,0.09,Whipped
137.0,2016-10-19T18:59:00,2016-10-19T19:25:25.013,70.0,False,,,Opposition Motion: House of Lords reform and the size of the House of Commons,245.0,278.0,,,,,,,0.8,Whipped
136.0,2016-10-19T16:18:00,2016-10-19T16:51:08.517,69.0,False,,,Opposition motion: Rights of EU nationals,250.0,293.0,,,,,,,0.84,Whipped
135.0,2016-10-18T18:27:00,2016-10-18T18:55:17.82,68.0,False,,,Broadcasting Amdt (a),53.0,270.0,,,,,,,0.5,Whipped
167.0,2016-11-30T19:00:00,2016-11-30T19:21:55,100.0,False,,,Opposition Motion: Effect of the increase in the state pension age on women born in the 1950s,234.0,293.0,,,A motion tabled by the Scottish National Party,,,,0.81,Whipped
166.0,2016-11-30T16:01:00,2016-11-30T16:31:33,99.0,False,,,Opposition Motion: Chilcot Inquiry and parliamentary accountability,70.0,439.0,,,A motion tabled by the Scottish National Party,,,,0.78,Whipped
165.0,2016-11-28T21:00:00,2016-11-30T13:50:01,98.0,False,,,Digital Economy Bill: Report Stage New Clause 8,220.0,267.0,,,The New Clause would specify that it should be the Government's responsibility to set entitlement for TV licence fee concessions and to cover the cost of them.,,,,0.75,Whipped
164.0,2016-11-28T19:02:00,2016-11-30T13:49:34,97.0,False,,,Digital Economy Bill: Report Stage New Clause 27,221.0,277.0,,,A New Clause tabled by the Scottish National Party to introduce a broadband connection voucher scheme.,,,,0.77,Whipped
163.0,2016-11-28T18:48:00,2016-11-30T13:48:36,96.0,False,,,Digital Economy Bill: Report Stage New Clause 10,181.0,278.0,,,"A New Clause tabled by the Opposition, to introduce a requirement that pupils learn as part of sex education the risks and dangers of internet pornography and the legal age requirement to access it.",,,,0.71,Whipped
162.0,2016-11-22T19:00:00,2016-11-22T20:01:56,95.0,False,,,Opposition Motion: National Health Service Funding,213.0,306.0,,,,,,,0.8,Whipped
161.0,2016-11-22T16:14:00,2016-11-22T16:36:18,94.0,False,,,Opposition Motion: Education and Social Mobility,263.0,310.0,,,,,,,0.88,Whipped
160.0,2016-11-21T21:48:00,2016-11-21T22:01:28,93.0,False,,,Higher Education and Research Bill: Third Reading,279.0,214.0,,,Decision on the Bill as amended during its passage through the Commons,,,,0.76,Whipped
159.0,2016-11-21T21:06:00,2016-11-21T21:20:16,92.0,False,,,Higher Education and Research Bill: Report Stage Amendment 56,217.0,275.0,,,This is an amendment to the Bill proposed by the Scottish National Party,,,,0.76,Whipped
158.0,2016-11-21T20:55:00,2016-11-21T21:09:06,91.0,False,,,Higher Education and Research Bill: Report Stage Amendment 40,212.0,281.0,,,An amendment to the Bill proposed by the Labour Party,,,,0.76,Whipped
157.0,2016-11-21T20:44:00,2016-11-21T21:36:15,90.0,False,,,Higher Education and Research Bill: Report Stage Amendment 47,216.0,277.0,,,An amendment to the Bill proposed by the Labour Party,,,,0.76,Whipped
156.0,2016-11-21T20:31:00,2016-11-21T20:46:16,89.0,False,,,Higher Education and Research Bill: Report Stage New Clause 14,211.0,280.0,,,A new clause proposed by the Scottish National Party,,,,0.76,Whipped
155.0,2016-11-21T19:14:00,2016-11-21T19:41:18,88.0,False,,,Higher Education and Research Bill: Report Stage New Clause 5,181.0,278.0,,,A new clause proposed by the Labour Party,,,,0.71,Whipped
154.0,2016-11-21T19:01:00,2016-11-21T19:16:23,87.0,False,,,Higher Education and Research Bill: Report Stage New Clause 2,180.0,278.0,,,A new clause proposed by Wes Streeting MP,,,,0.7,Whipped
153.0,2016-11-18T13:46:00,2016-11-18T14:00:06,86.0,False,,,Parliamentary Constituencies (Amendment) Bill: Second Reading,253.0,37.0,,,Decision on Pat Glass MP's Private Member's Bill ,,,,0.45,Whipped
152.0,2016-11-18T13:33:00,2016-11-18T13:48:11,85.0,False,,,Closure Motion: Parliamentary Constituencies (Amendment) Bill second reading ,257.0,35.0,,,"Closure, if secured, ends debate and House moves to decision.",,,,0.45,Whipped
151.0,2016-11-17T15:25:00,2016-11-17T15:56:36,84.0,False,,,Reductions to Employment and Support Allowance and universal credit,127.0,0.0,,,A motion in the name of Neil Gray MP selected by the Backbench Business Committee for debate.,,,,0.2,Whipped
150.0,2016-11-16T18:59:00,2016-11-17T15:33:55,83.0,False,,,Opposition Motion: Social care,200.0,279.0,,,A Labour Party motion on social care,,,,0.74,Whipped
149.0,2016-11-16T16:02:00,2016-11-16T16:53:57,82.0,False,,,"Opposition Motion: Autumn Statement distributional analysis, universal credit and ESA",265.0,284.0,,,"A Labour Party motion on the Autumn Statement distributional analysis, universal credit and employment and support allowance","Opposition Motion: Autumn Statement distributional analysis, universal credit and employment and support allowance",,,0.84,Whipped
148.0,2016-11-15T16:45:00,2016-11-15T18:00:12,81.0,False,,,Small Charitable Donations Etc Bill: Report Stage Amdt 1,248.0,279.0,,,,,,,0.81,Whipped
147.0,2016-11-15T16:25:00,2016-11-15T16:54:28,80.0,False,,,Small Charitable Donations etc Bill Report Stage New Clause 4,256.0,287.0,,,,,,,0.84,Whipped
146.0,2016-11-15T16:11:00,2016-11-15T16:48:42,79.0,False,,,Small Charitable Donations etc Bill Report Stage New Clause 3,254.0,287.0,,,,,,,0.83,Whipped
145.0,2016-11-15T15:17:00,2016-11-15T16:00:07,78.0,False,,,"Investigatory Powers Bill  Lords Amendments 15B, 15C, 338B, 339B and 339C, motion to disagree",295.0,245.0,,,,,,,0.83,Whipped
144.0,2016-11-04T09:34:00,2016-11-04T09:59:03,77.0,False,,,Motion to sit in private,1.0,45.0,,,Can only be moved once at any day's sitting. Commonly moved and disagreed to before proceedings start on Fridays when Private Members' Bills are being debated.,,,,0.07,Whipped
143.0,2016-11-02T18:58:00,2016-11-02T19:24:29,76.0,False,,,Opposition Motion: Police Officer Safety,207.0,288.0,,,,,,,0.76,Whipped
142.0,2016-11-02T16:02:00,2016-11-02T16:25:39,75.0,False,,,Opposition Motion: Community Pharmacies,211.0,305.0,,,,,,,0.79,Whipped
141.0,2016-11-01T15:52:00,2016-11-01T16:18:45,74.0,False,,,Investigatory Powers Bill: Lords Amendment 15 Motion to disagree,298.0,261.0,,,,,,,0.86,Whipped
181.0,2016-12-16T13:29:00,2016-12-16T13:58:33,114.0,False,,,Preventing and Combating Violence against Women and Domestic Violence (Ratification of Convention) Bill: Second Reading,135.0,2.0,,,,,,,0.21,Whipped
180.0,2016-12-16T13:16:00,2016-12-16T13:50:20,113.0,False,,,Preventing and Combating Violence against Women and Domestic Violence (Ratification of Convention) Bill: Second Reading Closure Motion,133.0,2.0,,,"Closure, if secured, ends debate and the House moves to decision.",,,,0.21,Whipped
179.0,2016-12-14T19:00:00,2016-12-14T19:34:35,112.0,False,,,Opposition Motion: Homelessness,230.0,289.0,,,Motion proposed by the Labour Party ,,,,0.8,Whipped
178.0,2016-12-14T15:59:00,2016-12-14T16:54:35,111.0,False,,,Opposition Motion: Effect on equality of the Autumn Statement 2016,234.0,307.0,,,A motion proposed by the Labour Party,,,,0.83,Whipped
177.0,2016-12-14T00:00:00,2016-12-14T15:09:14,110.0,True,,,Deferred division: Financial Services and Markets,297.0,151.0,,,This is a deferred division,,,,0.69,Whipped
176.0,2016-12-13T19:53:00,2016-12-13T20:07:30,109.0,False,,,Neighbourhood Planning Bill Report Stage Amendment 14,157.0,279.0,,,,,,,0.67,Whipped
175.0,2016-12-13T19:40:00,2016-12-13T20:10:31,108.0,False,,,Neighbourhood Planning Bill Report Stage New Clause 9,161.0,274.0,,,,,,,0.67,Whipped
174.0,2016-12-12T20:08:00,2016-12-12T20:51:43,107.0,False,Double Majority,England,Draft Coasting Schools (England) Regulations,252.0,103.0,239.0,86.0,,,,,0.55,Whipped
173.0,2016-12-12T19:00:00,2016-12-12T19:32:11,106.0,False,,,Savings (Government Contributions) Bill Report Stage Amendment 2,227.0,279.0,,,,,,,0.78,Whipped
172.0,2016-12-12T18:47:00,2016-12-12T19:23:25,105.0,False,,,Savings (Government Contributions) Bill Report Stage Amendment 15,45.0,285.0,,,,,,,0.51,Whipped
171.0,2016-12-12T18:34:00,2016-12-12T19:21:25,104.0,False,,,Savings (Government Contributions) Bill: Report Stage New Clause 2,230.0,277.0,,,,,,,0.78,Whipped
170.0,2016-12-07T19:18:00,2016-12-07T19:46:24,103.0,False,,,Opposition motion: The Government's plan for Brexit motion as amended,448.0,75.0,,,Labour Party motion on the Government's plan for Brexit as now amended,,,,0.8,Whipped
169.0,2016-12-07T18:59:00,2016-12-07T19:20:16,102.0,False,,,Opposition Motion: The Government's plan for Brexit (Prime Minister's Amdt),461.0,89.0,,,Government amendment to the Labour Party's motion on the Government's plan for Brexit,,,,0.85,Whipped
168.0,2016-12-01T11:51:00,2016-12-01T12:22:10,101.0,False,,,Acceleration of the state pension age for women born in the 1950s,2.0,106.0,,,"A backbench business motion in the name of Ian Blackford MP, a member of the Scottish National Party. ",,,,0.17,Whipped
200.0,2017-01-25T19:00:00,2017-01-25T19:23:23,133.0,False,,,Opposition Motion: School Funding,178.0,285.0,,,,,,,0.71,Whipped
199.0,2017-01-25T16:00:00,2017-01-25T16:16:45,132.0,False,,,Opposition Motion: Prisons,196.0,289.0,,,A motion tabled by the Labour Party,,,,0.75,Whipped
198.0,2017-01-25T00:00:00,2017-01-25T16:22:22,131.0,True,,,Draft Bank of England and Financial Services (Consequential Amendments) Regulations 2017,292.0,191.0,,,,,,,0.74,Whipped
197.0,2017-01-24T18:04:00,2017-01-24T18:25:21,130.0,False,,,Charter for Budget Responsibility,292.0,193.0,,,"To approve the Charter for Budget Responsibility: autumn 2016 update, laid before the House on 17 January",,,,0.75,Whipped
196.0,2017-01-24T16:37:00,2017-01-24T17:01:17,129.0,False,,,Wales Bill: Lords Amendment 36 - Amdt (a),170.0,281.0,,,An amendment tabled by the Labour Party to a Lords Amendment on gaming machines on licensed betting premises,,,,0.69,Whipped
195.0,2017-01-24T14:37:00,2017-01-24T14:59:19,128.0,False,,,Ten Minute Rule Motion: Industrial Action (Protection of Critical National Services),127.0,206.0,,,A motion for leave to bring in a bill by Conservative backbencher Chris Philp MP,,,,0.51,Whipped
194.0,2017-01-20T09:34:00,2017-01-20T09:55:58,127.0,False,,,Motion to sit in private,1.0,40.0,,,Can only be moved once at any day's sitting. Commonly moved and disagreed to before proceedings start on Fridays when Private Members' Bills are being debated.,,,,0.06,Whipped
193.0,2017-01-18T00:00:00,2017-01-18T14:20:51,126.0,True,Double Majority,England,Draft Combined Authorities (Mayoral Elections) Order 2017,299.0,6.0,280.0,6.0,,,,,0.47,Whipped
192.0,2017-01-17T20:12:00,2017-01-17T20:24:16,125.0,False,,,Opposition Motion: DWP policies and low-income households--Prime Minister Amendment,268.0,81.0,,,A Government amendment to a motion by the Scottish National Party,,,,0.54,Whipped
191.0,2017-01-17T20:00:00,2017-01-17T20:13:35,124.0,False,,,Opposition Motion: DWP policies and low-income households,172.0,276.0,,,A motion tabled by the Scottish National Party,,,,0.69,Whipped
190.0,2017-01-17T18:08:00,2017-01-17T18:23:52,123.0,False,,,Opposition Motion: Effect of the UK leaving the EU on the rural economy,212.0,287.0,,,A motion tabled by the Scottish National Party,,,,0.77,Whipped
189.0,2017-01-11T19:00:00,2017-01-11T19:19:15,122.0,False,,,Opposition Motion: NHS and social care funding,209.0,295.0,,,A motion tabled by the Labour Party,,,,0.78,Whipped
188.0,2017-01-10T19:13:00,2017-01-10T21:59:57,121.0,False,Double Majority,England and Wales,Policing and Crime Bill: Lords Amendment 136 Motion to disagree,298.0,198.0,289.0,193.0,,,,,0.76,Whipped
187.0,2017-01-10T18:55:00,2017-01-10T21:41:29,120.0,False,Double Majority,England and Wales,Policing and Crime Bill: Lords Amendment 96 Motion to disagree,297.0,202.0,290.0,195.0,,,,,0.77,Whipped
186.0,2017-01-10T18:38:00,2017-01-10T19:20:33,119.0,False,Double Majority,England and Wales,Policing and Crime Bill: Lords Amendment 24 Motion to disagree,299.0,196.0,296.0,190.0,A vote on a Government motion to disagree with a Lords Amendment relating to an inquiry into complaints alleging corrupt relationships between police and newspaper organisations.,,,,0.76,Whipped
185.0,2017-01-10T16:35:00,2017-01-10T17:06:16,118.0,False,,,Commonwealth Development Corporation Bill: Report Stage Amdt 3,244.0,299.0,,,Amendment tabled by the Scottish National Party.,,,,0.84,Whipped
184.0,2017-01-10T16:21:00,2017-01-10T16:58:43,117.0,False,,,Commonwealth Development Corporation Bill: Report Stage New Clause 1,246.0,293.0,,,A New Clause tabled by the Labour Party.,,,,0.83,Whipped
183.0,2017-01-09T20:59:00,2017-01-10T16:26:11,116.0,False,,,Technical and Further Education Bill: Report Stage Amendment 22,183.0,278.0,,,,,,,0.71,Whipped
182.0,2017-01-09T20:10:00,2017-01-09T20:39:55,115.0,False,,,Technical and Further Education Bill: Report Stage New Clause 4,186.0,274.0,,,,,,,0.71,Whipped
238.0,2017-02-24T13:27:00,2017-02-24T13:41:03,171.0,False,,,Preventing and Combating Violence Against Women and Domestic Violence (Ratification of Convention) Bill: Third Reading,138.0,1.0,,,,,,,0.21,Whipped
237.0,2017-02-24T13:15:00,2017-02-24T13:28:20,170.0,False,,,Preventing and Combating Violence Against Women and Domestic Violence (Ratification of Convention) Bill: Third Reading: Closure motion,135.0,3.0,,,Motion on whether to curtail debate on Third Reading and move straight to a decision,,,,0.21,Whipped
236.0,2017-02-24T12:31:00,2017-02-24T14:54:40,169.0,False,,,Preventing and Combating Violence Against Women and Domestic Violence (Ratification of Convention) Bill: Report Stage Amendment 16,132.0,2.0,,,,,,,0.21,Whipped
235.0,2017-02-24T12:18:00,2017-02-24T14:54:15,168.0,False,,,Preventing and Combating Violence Against Women and Domestic Violence (Ratification of Convention) Bill: Report Stage Amendment 14,135.0,3.0,,,,,,,0.21,Whipped
234.0,2017-02-24T12:04:00,2017-02-24T14:53:11,167.0,False,,,Preventing and Combating Violence Against Women and Domestic Violence (Ratification of Convention) Bill: Report Stage Amendment 1,137.0,3.0,,,,,,,0.22,Whipped
233.0,2017-02-22T18:18:00,2017-02-22T18:35:03,166.0,False,Double Majority,England,Local Government Finance (England),269.0,158.0,253.0,141.0,The House is voting on whether or not to approve the Report on Local Government Finance (England) 2017-18.,,,,0.66,Whipped
232.0,2017-02-22T15:12:00,2017-02-22T15:43:12,165.0,False,Double Majority,England and Wales,Police Grant Report (England and Wales) 2017-18,275.0,179.0,269.0,173.0,,,,,0.7,Whipped
231.0,2017-02-21T18:31:00,2017-02-22T15:22:41,164.0,False,Double Majority,England,Draft Housing and Planning Act 2016 (Permission in Principle etc) (Miscellaneous Amendments) (England) Regulations 2017,273.0,107.0,260.0,84.0,,,,,0.58,Whipped
230.0,2017-02-21T17:32:00,2017-02-21T18:12:12,163.0,False,,,Criminal Finances Bill: Report Stage New Clause 19,241.0,300.0,,,,,,,0.83,Whipped
229.0,2017-02-21T17:18:00,2017-02-21T18:24:55,162.0,False,,,Criminal Finances Bill: Report Stage New Clause 17,188.0,301.0,,,,,,,0.75,Whipped
228.0,2017-02-08T20:01:00,2017-02-08T20:22:42,161.0,False,,,European Union (Notification of Withdrawal) Bill: Third Reading,494.0,122.0,,,,,,,0.95,Whipped
227.0,2017-02-08T19:45:00,2017-02-08T20:06:34,160.0,False,,,European Union (Notification of Withdrawal) Bill: Committee of the whole House New Clause 192,287.0,336.0,,,A new clause tabled by the Labour Party relating to the UK's membership of the European Atomic Energy Community (Euratom).,,,,0.96,Whipped
226.0,2017-02-08T19:33:00,2017-02-08T19:54:36,159.0,False,,,European Union (Notification of Withdrawal) Bill: Committee of the whole House New Clause 57,290.0,332.0,,,A new clause tabled by Harriet Harman MP with the intention of protecting the residence rights of those EU citizens who were lawfully resident in the UK on the date of the EU referendum.,,,,0.96,Whipped
225.0,2017-02-08T19:14:00,2017-02-08T19:34:43,158.0,False,,,European Union (Notification of Withdrawal) Bill: Committee of the whole House Clauses 1 and 2 stand part,496.0,111.0,,,A vote to decide whether the two clauses of the Bill should remain in the Bill.,,,,0.93,Whipped
224.0,2017-02-08T18:56:00,2017-02-09T12:33:51,157.0,False,,,European Union (Notification of Withdrawal) Bill: Committee of the whole House Amdt 86,288.0,337.0,,,"An amendment tabled by the SDLP that requires the power for the Prime Minister to notify withdrawal from the EU to be exercised with regard to the constitutional, institutional and rights provisions of the Belfast Agreement.",,,,0.96,Whipped
223.0,2017-02-08T18:44:00,2017-02-08T19:04:24,156.0,False,,,European Union (Notification of Withdrawal) Bill: Committee of the whole House Amdt 43,33.0,340.0,,,"An amendment tabled by the Liberal Democrats that states that the Prime Minister, prior to notifying the UK's intention to withdraw from the EU, should publish a report on the process for ratifying the UK's new relationship with the EU through a public referendum.",,,,0.57,Whipped
222.0,2017-02-08T18:32:00,2017-02-08T18:52:34,155.0,False,,,European Union (Notification of Withdrawal) Bill: Committee of the whole House Amdt 11,288.0,337.0,,,"An amendment tabled by Chuka Umunna MP that calls for the Government to publish a report on the effect of EU withdrawal on the national finances, including the impact on health spending.",,,,0.96,Whipped
221.0,2017-02-08T18:19:00,2017-02-08T18:41:26,154.0,False,,,European Union (Notification of Withdrawal) Bill: Committee of the whole House Amdt 29,288.0,338.0,,,An amendment tabled by Mike Gapes MP which states that the Prime Minister may only notify the UK's intention to withdraw from the EU following consultation with the Government of Gibraltar.,,,,0.96,Whipped
220.0,2017-02-08T18:06:00,2017-02-08T18:38:43,153.0,False,,,European Union (Notification of Withdrawal) Bill: Committee of the whole House New Clause 7,289.0,336.0,,,A new clause tabled by the Labour Party that lays out the statutory objectives that the Government must have regard to on EU tax avoidance and evasion while carrying out negotiations.,,,,0.96,Whipped
219.0,2017-02-08T17:52:00,2017-02-09T09:54:45,152.0,False,,,European Union (Notification of Withdrawal) Bill: Committee of the whole House New Clause 2,291.0,336.0,,,A new clause tabled by the Labour Party that sets out statutory objectives that the Government must have regard to whilst carrying out negotiations.,,,,0.96,Whipped
218.0,2017-02-08T00:00:00,2017-02-08T17:57:16,151.0,True,,,Comprehensive Economic Trade Agreement (CETA) between the EU and Canada,410.0,126.0,,,,,,,0.82,Whipped
217.0,2017-02-08T00:00:00,2017-02-08T18:02:46,150.0,True,,,Draft Trade Union Act 2016 (Political Funds) (Transition Period) Regulations 2017,322.0,255.0,,,,,,,0.89,Whipped
216.0,2017-02-08T00:00:00,2017-02-08T17:56:50,149.0,True,,,Draft Important Public Services (Fire) Regulations 2017,323.0,263.0,,,,,,,0.9,Whipped
215.0,2017-02-08T00:00:00,2017-02-08T17:56:14,148.0,True,,,Draft Important Public Sevices (Border Security) Regulations 2017,323.0,264.0,,,,,,,0.9,Whipped
214.0,2017-02-08T00:00:00,2017-02-08T17:55:07,147.0,True,,,Draft Important Public Services (Health) Regulations 2017,323.0,264.0,,,,,,,0.9,Whipped
213.0,2017-02-08T00:00:00,2017-02-08T17:54:03,146.0,True,,,Draft Important Public Sevices (Transport) Regulations 2017,328.0,264.0,,,,,,,0.91,Whipped
212.0,2017-02-08T00:00:00,2017-02-08T17:47:58,145.0,True,,,Draft Important Public Services (Education) Regulations 2017,327.0,265.0,,,,,,,0.91,Whipped
211.0,2017-02-07T21:27:00,2017-02-07T21:41:39,144.0,False,,,EU (Notification of Withdrawal) Bill Committee of the whole House: New Clause 143,79.0,333.0,,,"New clause, proposed by the SNP, would require the Government, before initiating withdrawal from the EU, to publish an assessment of the financial liability of the UK towards the EU following withdrawal and make a statement to the Commons on the economic impact of leaving the single market.",,,,0.63,Whipped
210.0,2017-02-07T21:13:00,2017-02-07T21:28:53,143.0,False,,,EU (Notification of Withdrawal) Bill Committee of the whole House: New Clause 5,281.0,337.0,,,"New clause, proposed by the Opposition, would require the Government to publish recent Treasury impact assessments of different trading models with the European Union.",,,,0.95,Whipped
209.0,2017-02-07T18:29:00,2017-02-07T18:46:13,142.0,False,,,EU (Notification of Withdrawal) Bill Committee of the whole House: New Clause 180,88.0,336.0,,,"This new Clause, proposed by the SNP, would require the Government to obtain an undertaking from the European Council that failure by the UK Parliament to approve the terms of exit will result in the maintenance of UK membership on existing terms.",,,,0.65,Whipped
204.0,2017-02-07T18:14:00,2017-02-07T18:38:29,141.0,False,,,EU (Notification of Withdrawal) Bill Committee of the whole House: New Clause 110,293.0,326.0,,,"This new Clause, proposed by Chris Leslie, would seek to ensure Parliament gives approval to any new Treaty or relationship with the EU and also of the terms in advance of final agreement.",,,,0.95,Whipped
208.0,2017-02-06T00:21:00,2017-02-07T09:58:12,140.0,False,,,EU (Notification of Withdrawal) Bill Committee of the whole House: New Clause 158,267.0,330.0,,,,,,,0.92,Whipped
207.0,2017-02-06T00:07:00,2017-02-07T09:56:10,139.0,False,,,EU (Notification of Withdrawal) Bill: Committee of the whole House New Clause 26,62.0,333.0,,,,,,,0.61,Whipped
205.0,2017-02-06T23:54:00,2017-02-07T09:52:24,138.0,False,,,EU (Notification of Withdrawal) Bill Committee: New Clause 4,276.0,333.0,,,,,,,0.94,Whipped
206.0,2017-02-06T20:48:00,2017-02-07T09:47:11,137.0,False,,,EU (Notification of Withdrawal) Bill: Committee of the whole House New Clause 3,284.0,333.0,,,,,,,0.95,Whipped
203.0,2017-02-01T19:32:00,2017-02-01T19:48:02,136.0,False,,,European Union (Notification of Withdrawal) Bill: Programme,329.0,112.0,,,A programme motion sets the timetable for the Commons to consider the bill requiring the Government to notify by 31 March 2017 the UK’s intention to withdraw from the European Union.,,,,0.68,Whipped
202.0,2017-02-01T19:12:00,2017-02-01T19:34:28,135.0,False,,,European Union (Notification of Withdrawal) Bill: Second Reading,498.0,114.0,,,Second reading is the in-principle decision whether or not to proceed with the bill requiring the Government to notify by 31 March 2017 the UK’s intention to withdraw from the European Union.,,,,0.94,Whipped
201.0,2017-02-01T18:58:00,2017-02-01T19:14:55,134.0,False,,,European Union (Notification Etc.) Bill: Second Reading - Mr Robertson's Amendment,100.0,336.0,,,An amendment tabled by the SNP arguing the bill—requiring the Government to notify by 31 March 2017 the UK’s intention to withdraw from the European Union—should not be given a second reading.,,,,0.67,Whipped
261.0,2017-03-29T17:43:00,2017-03-29T18:03:05,193.0,False,,,Pension Schemes Bill [Lords]: Report Stage Amendment 1,188.0,286.0,,,,,,,0.73,Whipped
260.0,2017-03-29T17:31:00,2017-03-29T17:46:20,192.0,False,,,Pension Schemes Bill [Lords]: Report Stage New Clause 2,187.0,289.0,,,,,,,0.73,Whipped
259.0,2017-03-29T17:18:00,2017-03-29T17:48:27,191.0,False,,,Pension Schemes Bill [Lords]: Report Stage New Clause 1,230.0,289.0,,,An Opposition new clause to require the Secretary of State to make provision for a funder of last resort in certain circumstances,,,,0.8,Whipped
257.0,2017-03-27T18:58:00,2017-03-27T19:20:05,190.0,False,,,Bus Services Bill [Lords]: Report Stage Amendment 1,188.0,276.0,,,Vote on an amendment to remove the ban on local authorities forming bus companies,,,,0.71,Whipped
256.0,2017-03-27T17:14:00,2017-03-27T17:27:25,189.0,False,,,Bus Services Bill [Lords]: Report Stage New Clause 2,193.0,277.0,,,Vote on a report on the provision of concessionary bus travel to apprentices aged 16 to 18.,,,,0.72,Whipped
255.0,2017-03-27T17:01:00,2017-03-27T17:16:34,188.0,False,,,Bus Services Bill [Lords]: Report Stage New Clause 1,193.0,278.0,,,Vote on a national strategy for local bus services.,,,,0.72,Whipped
254.0,2017-03-24T12:36:00,2017-03-24T12:58:46,187.0,False,,,Local Audit (Public Access to Documents) Bill: Report stage Amendment 2,15.0,41.0,,,,,,,0.09,Whipped
253.0,2017-03-20T21:56:00,2017-03-20T22:07:16,186.0,False,,,Draft Individual Savings Account (Amendment No.2) Regulations 2017,180.0,13.0,,,These regulations will allow Individual Savings Accounts (ISAs) to retain their tax advantaged status after the death of the account holder. It also modifies the additional ISA allowance available to surviving spouses or civil partners of deceased ISA savers.,,,,0.3,Whipped
252.0,2017-03-15T17:06:00,2018-11-20T14:48:19,185.0,False,,,Health Service Medical Supplies (Costs) Bill: Lords Amendment 3 Motion to disagree,288.0,241.0,,,Motion to disagree with the Lords Amendment to add a new clause on a duty to have regard to the life sciences sector and access to new medicines and treatments,,,,0.81,Whipped
251.0,2017-03-15T00:00:00,2017-03-15T16:11:36,184.0,True,,,Draft Sovereign Grant 2011 (Change of Percentage) Order 2017,464.0,56.0,,,Secondary legislation to increase the percentage of the income account net surplus of the Crown Estate which is used to calculate the Sovereign Grant from 15% to 25%.,,,,0.8,Whipped
250.0,2017-03-15T00:00:00,2018-11-20T14:47:09,183.0,True,,,Draft Bereavement Support Payment Regulations 2017,292.0,236.0,,,Secondary legislation to provide details for a new social security benefit called Bereavement Support Payment for surviving spouses and civil partners who are widowed on or after 6 April 2017.,,,,0.81,Whipped
249.0,2017-03-14T19:29:00,2018-11-20T14:48:11,182.0,False,,,Budget Resolution Motion 40: Alcoholic liquor duties (rates),313.0,276.0,,,Provides for changes to the rates of excise duty contained in the Alcoholic Liquor Duties Act 1979. Provides for an increase in the rates of excise duty charged on all alcohol and alcoholic beverages.,,,,0.91,Whipped
248.0,2017-03-14T19:14:00,2017-03-14T20:11:00,181.0,False,,,Budget Resolution Motion 34: Insurance premium tax (standard rate),309.0,286.0,,,Provides for an increase in the standard rate of Insurance Premium Tax (IPT) from 10% to 12% with effect from 1 June 2017 using new implementation arrangements,,,,0.92,Whipped
247.0,2017-03-14T18:59:00,2017-03-14T20:05:19,180.0,False,,,Budget Resolution Motion 19: Business investment relief,319.0,275.0,,,To authorise the Finance Bill to make provision about business investment relief in Chapter A1 of Part 14 of the Income Act Tax 2007,,,,0.91,Whipped
246.0,2017-03-13T18:40:00,2017-03-15T17:37:56,179.0,False,,,EU (Notification of Withdrawal) Bill: Lords Amendment 2 Motion to disagree,331.0,286.0,,,Motion to disagree with the Lords Amendment on parliamentary approval for the outcome of negotiations with the EU,,,,0.95,Whipped
245.0,2017-03-13T18:25:00,2017-03-15T17:38:14,178.0,False,,,EU (Notification of Withdrawal) Bill: Lords Amendment 1 Motion to disagree,335.0,287.0,,,Motion to disagree with the Lords Amendment on the rights of EU and EEA citizens legally resident in UK,,,,0.96,Whipped
244.0,2017-03-13T16:11:00,2017-03-13T16:35:56,177.0,False,,,European Union (Notification of Withdrawal) Bill: Programme (No. 2) Motion,331.0,102.0,,,A division on the programme motion which sets a timetable for consideration of Lords Amendments to the Bill,,,,0.67,Whipped
243.0,2017-03-13T15:58:00,2017-03-13T16:34:17,176.0,False,,,Reproductive Health (Access to Terminations),172.0,142.0,,,A division on Diana Johnson's request for leave to bring in a Ten Minute Rule Bill on this subject. ,,,,0.48,Whipped
242.0,2017-03-07T17:36:00,2017-03-07T17:55:45,175.0,False,,,Standing Orders (Public Business),287.0,239.0,,,A vote to make a technical change to the House's rules regarding the application of the English votes for English laws procedure,,,,0.81,Whipped
241.0,2017-03-07T15:15:00,2017-03-07T15:31:56,174.0,False,,,Children and Social Work Bill (Lords): Report Stage Amendment 12,271.0,299.0,,,An Opposition Amendment to require that at least one member of the Child Safeguarding Practice Panel has specialist expertise in tackling domestic abuse.,,,,0.88,Whipped
240.0,2017-03-07T14:59:00,2017-03-07T15:18:55,173.0,False,,,Children and Social Work Bill (Lords): Report Stage New Clause 14,267.0,287.0,,,A new clause proposed by Heidi Allen on local arrangements for reporting on capacity to provide children's safeguarding and welfare,,,,0.85,Whipped
239.0,2017-03-01T00:00:00,2017-03-01T14:25:28,172.0,True,,,Unaccompanied Children in Greece and Italy,254.0,1.0,,,A cross-party motion in the name of Alison McGovern MP,,,,0.39,Whipped
266.0,2017-04-19T16:32:00,2017-06-23T16:14:16,198.0,False,,,Section 5 of the European Communities (Amendment) Act 1993,298.0,191.0,,,A vote to approve the Government’s assessment which forms the basis of the United Kingdom’s Convergence Programme (this contains details of the annual UK’s economic and fiscal situation and forecasts as required by the EU)..,,,,0.75,Whipped
265.0,2017-04-19T15:43:00,2017-04-19T15:57:25,197.0,False,,,Technical and Further Education Bill: Lords Amendment 1 Motion to disagree,298.0,182.0,,,Motion to disagree with the Lords Amendment on financial support for students undertaking apprenticeships.,,,,0.74,Whipped
264.0,2017-04-19T14:27:00,2017-06-22T14:18:56,196.0,False,,,Early Parliamentary General Election,522.0,13.0,,,Vote on whether there should be an early General Election. Under the Fixed-term Parliaments Act 2011 the number of members who vote in favour of the motion must be at least two thirds of the number of seats in the House (434),,,,0.82,Whipped
263.0,2017-04-18T21:47:00,2017-04-18T22:04:45,195.0,False,,,Finance (No.2) Bill: Second Reading,313.0,236.0,,,,,,,0.84,Whipped
262.0,2017-04-18T21:32:00,2017-04-18T22:02:48,194.0,False,,,Finance (No.2) Bill: Second Reading: reasoned amendment,54.0,314.0,,,,,,,0.57,Whipped
271.0,2017-06-29T17:32:00,2017-06-29T17:52:17,4.0,False,,,Queen's Speech: Main Question,323.0,309.0,,,A vote on the Government's proposed legislative programme for the current session of Parliament ,,,,0.97,Whipped
270.0,2017-06-29T17:16:00,2017-06-29T17:32:56,3.0,False,,,Queen's Speech: Economy and Jobs Amdt (g),101.0,322.0,,,An amendment in the name of Chuka Umunna MP relating to the process of exiting the European Union. ,,,,0.65,Whipped
269.0,2017-06-29T16:59:00,2017-06-29T17:23:07,2.0,False,,,Queen's Speech: Economy and Jobs Amdt (l),297.0,323.0,,,An amendment by the Labour Party in the name of Jeremy Corbyn MP,,,,0.95,Whipped
268.0,2017-06-28T18:59:00,2017-06-29T12:06:46,1.0,False,,,"Queen's Speech: Health, Social Care and Security Amendment (i)",309.0,323.0,,,,,,,0.97,Whipped
276.0,2017-07-17T21:53:00,2017-07-17T22:14:46,9.0,False,,,Business of the House (Private Members' Bills): Amendment (b),287.0,316.0,,,A vote on an amendment tabled by Chris Bryant providing dates for an additional 13 sitting Fridays for Private Members' Bills in the current Parliamentary Session.,Business of the House (Private Members' Bills): Amendment (b),,,0.93,Whipped
275.0,2017-07-17T21:35:00,2017-07-17T21:57:59,8.0,False,,,Business of the House (Private Members' Bills): Amendment (a),285.0,315.0,,,A vote on an amendment tabled by Jeremy Corbyn seeking a Motion in the House to provide for an additional 13 sitting Fridays for Private Members' Bills in the current Parliamentary Session.,Business of the House (Private Members' Bills): Amendment (a),,,0.92,Whipped
274.0,2017-07-11T18:01:00,2017-07-11T18:26:07,7.0,False,,,Air Travel Organisers' Licensing Bill: Committee of the whole House New Clause 1,273.0,308.0,,,A New Clause tabled by the SNP's Patricia Gibson MP calling on the Secretary of State to carry out an assessment of the impact of Brexit on consumer protection under the ATOL scheme and the Air Travel Trust within 12 months,,,,0.89,Whipped
273.0,2017-07-11T17:44:00,2017-07-12T14:53:24,6.0,False,,,Air Travel Organisers' Bill: Committee of the whole House Amdt 3,274.0,307.0,,,,,,,0.89,Whipped
272.0,2017-07-11T17:24:00,2017-07-11T17:42:37,5.0,False,,,Air Travel Organisers' Licensing Bill: Committee of the whole House Amdt 2,271.0,305.0,,,,,,,0.89,Whipped
285.0,2017-09-12T22:27:00,2017-09-12T22:41:57,18.0,False,,,Nomination of Members to Committees,320.0,301.0,,,,,,,0.96,Whipped
284.0,2017-09-12T22:11:00,2017-09-12T22:37:18,17.0,False,,,Nomination of Members to Committees: Mr Carmichael's amendment,300.0,320.0,,,An amendment to leave out the part of the motion regarding nomination of Members to committees that deals with general committees.,,,,0.95,Whipped
283.0,2017-09-12T19:56:00,2017-09-12T20:15:19,16.0,False,,,Finance Bill: Second Reading,320.0,299.0,,,,,,,0.95,Whipped
282.0,2017-09-11T00:31:00,2017-09-12T00:52:34,15.0,False,,,EU (Withdrawal) Bill: Programme Motion,318.0,301.0,,,,,,,0.95,Whipped
281.0,2017-09-11T00:14:00,2017-09-12T00:41:32,14.0,False,,,EU (Withdrawal) Bill: Second Reading,326.0,290.0,,,,,,,0.95,Whipped
280.0,2017-09-11T23:59:00,2017-09-12T00:20:00,13.0,False,,,EU (Withdrawal) Bill Second Reading: Mr Corbyn's amendment,296.0,318.0,,,,,,,0.94,Whipped
279.0,2017-09-06T19:29:00,2017-09-06T20:49:18,12.0,False,,,Ways and Means motion 22: Trading profits taxable at the Northern Ireland rate,320.0,249.0,,,,,,,0.88,Whipped
278.0,2017-09-06T19:15:00,2017-09-06T20:47:42,11.0,False,,,Ways and Means motion 13: Business investment relief,320.0,287.0,,,,,,,0.93,Whipped
277.0,2017-09-06T18:58:00,2017-09-06T20:48:37,10.0,False,,,Ways and Means Motion 4: Termination payments etc.,317.0,276.0,,,,,,,0.91,Whipped
298.0,2017-10-31T17:15:00,2017-11-01T08:49:35,31.0,False,,,Finance Bill: Third Reading,302.0,276.0,,,,,,,0.89,Whipped
297.0,2017-10-31T16:45:00,2017-10-31T17:15:25,30.0,False,,,Finance Bill: Report New Clause 2,279.0,309.0,,,A vote on adding New Clause 2 to the Bill which would require a review of the treatment of capital gains on commercial property disposed of by UK tax payers with a foreign domicile. ,,,,0.9,Whipped
296.0,2017-10-31T16:33:00,2017-10-31T17:09:08,29.0,False,,,Finance Bill: Report Stage Amdt 11,243.0,309.0,,,A vote on Amendment 11 to the Finance Bill to ensure that any system for quarterly updates to be generated by businesses must not be mandatory. ,,,,0.85,Whipped
295.0,2017-10-31T15:41:00,2017-10-31T16:09:16,28.0,False,,,Finance Bill: Report Stage Amdt 1,274.0,308.0,,,"A vote on Amendment 1 to remove the power for the Treasury to reduce the £30,000 threshold in connection with the taxation of termination payments by regulations.",,,,0.9,Whipped
294.0,2017-10-31T14:59:00,2017-10-31T16:09:24,27.0,False,,,Finance Bill: Report Stage New Clause 1,279.0,309.0,,,A vote on adding a new clause to the Finance Bill which would require a review to be undertaken of the effects of the provisions for protecting overseas trusts from the new provisions in relation to deemed domicile.  ,,,,0.9,Whipped
293.0,2017-10-24T18:48:00,2017-10-24T19:16:30,26.0,False,,,Smart Meters  Bill (Programme),314.0,228.0,,,A vote on the programme motion for the Smart Meters Bill,,,,0.83,Whipped
292.0,2017-10-23T21:40:00,2017-10-23T22:00:30,25.0,False,,,Automated and Electric Vehicles Bill (Programme motion),285.0,130.0,,,,,,,0.64,Whipped
291.0,2017-10-18T18:59:00,2017-10-18T19:39:00,24.0,False,,,Opposition Motion: Pause of Universal Credit full service roll-out,299.0,0.0,,,A vote on a motion tabled by the Opposition asking the Government to pause the roll-out of Universal Credit full service.,,,,0.46,Whipped
290.0,2017-10-11T16:51:00,2017-10-12T10:57:59,23.0,False,,,Finance Bill: Committee of the whole House New Clause 2,231.0,308.0,,,A vote on whether to add a new clause to the Finance Bill,,,,0.83,Whipped
289.0,2017-10-11T16:16:00,2017-10-11T17:41:33,22.0,False,,,Finance Bill: Committee of the whole House New Clause 1,274.0,309.0,,,A vote on adding a new clause to the Finance Bill requiring a review of the conditions under which business investment relief is available.,,,,0.9,Whipped
288.0,2017-10-11T15:36:00,2017-10-11T16:14:09,21.0,False,,,Finance Bill: Committee of the whole House Amdt 4,281.0,312.0,,,A vote on an amendment to Clause 5 of the Finance Bill,,,,0.91,Whipped
287.0,2017-10-11T15:20:00,2017-10-12T09:17:02,20.0,False,,,Finance Bill: Committee of the whole House Amdt 2,272.0,312.0,,,A vote on an amendment to Clause 5 of the Finance Bill,,,,0.9,Whipped
286.0,2017-10-11T15:00:00,2017-10-11T16:00:35,19.0,False,,,Finance Bill: Committee of the whole House Amdt 1,269.0,311.0,,,A vote on an amendment to Clause 5 of the Finance Bill. ,,,,0.89,Whipped
317.0,2017-11-29T17:20:00,2017-11-29T18:02:26,50.0,False,,,Opposition Motion: Women affected by state pension age increases,288.0,0.0,,,A vote on an SNP opposition day motion calling for the Government to improve transitional pension arrangements for women born on or after 6 April 1951,,,,0.44,Whipped
316.0,2017-11-28T19:01:00,2017-11-28T19:23:06,49.0,False,,,Budget resolutions motion 28: Bank levy,316.0,293.0,,,,,,,0.94,Whipped
315.0,2017-11-21T21:41:00,2017-11-21T22:04:00,48.0,False,,,European Union (Withdrawal) Bill: Committee of the whole House Schedule 1,313.0,295.0,,,A vote on Schedule 1.,European Union (Withdrawal) Bill: Committee of the whole House Schedule 1,,,0.94,Whipped
314.0,2017-11-21T21:28:00,2017-11-21T22:02:53,47.0,False,,,European Union (Withdrawal) Bill: Committee of the whole House Amdt 139,295.0,315.0,,,A vote on amendment 139.,European Union (Withdrawal) Bill: Committee of the whole House Amdt 139,,,0.94,Whipped
313.0,2017-11-21T21:14:00,2017-11-21T21:33:44,46.0,False,,,European Union (Withdrawal) Bill: Committee of the whole House Amdt 336,296.0,315.0,,,A vote on amendment 336.,European Union (Withdrawal) Bill: Committee of the whole House Amdt 336,,,0.94,Whipped
312.0,2017-11-21T21:00:00,2017-11-21T21:19:18,45.0,False,,,European Union (Withdrawal) Bill: Committee of the whole House Amdt 46,301.0,311.0,,,A vote on amendment 46.,European Union (Withdrawal) Bill: Committee of the whole House Amdt 46,,,0.94,Whipped
311.0,2017-11-21T20:47:00,2017-11-21T21:07:55,44.0,False,,,European Union (Withdrawal) Bill: Committee of the whole House New Clause 79,295.0,314.0,,,A vote on New Clause 79.,European Union (Withdrawal) Bill: Committee of the whole House New Clause 79,,,0.94,Whipped
310.0,2017-11-20T21:07:00,2017-11-20T21:38:23,43.0,False,,,Cross-Border Trade Resolution: Amendment (e),76.0,311.0,,,A vote on an amendment in the name of Ian Murray to amend the founding resolutions for the Taxation (Cross-Border Trade) Bill ,,,,0.6,Whipped
309.0,2017-11-15T22:30:00,2017-11-15T23:00:27,42.0,False,,,European Union (Withdrawal) Bill: Committee of the whole House Amdt 70,48.0,313.0,,,,,,,0.56,Whipped
308.0,2017-11-15T22:16:00,2017-11-15T22:58:11,41.0,False,,,European Union (Withdrawal) Bill: Committee of the whole House New Clause 67,297.0,313.0,,,,,,,0.94,Whipped
307.0,2017-11-15T21:59:00,2017-11-15T22:55:07,40.0,False,,,European Union (Withdrawal) Bill: Committee of the whole House New Clause 30,295.0,313.0,,,,,,,0.94,Whipped
306.0,2017-11-15T18:48:00,2017-11-15T19:34:37,39.0,False,,,European Union (Withdrawal) Bill: Committee of the whole House New Clause 58,299.0,311.0,,,"A vote on adding a new clause to the Bill so that after exit day, EU-derived employment rights, environmental protection, standards of equalities, health and safety standards and consumer standards can only be amended by primary legislation or subordinate legislation made under this Act. ",,,,0.94,Whipped
305.0,2017-11-15T18:27:00,2017-11-15T19:32:06,38.0,False,,,European Union (Withdrawal) Bill: Committee of the whole House New Clause 25,295.0,311.0,,,A vote on adding a new clause to the bill to provide a mechanism for Ministers to establish a list of technical provisions of retained EU law that may be amended by subordinate legislation outside the time restrictions of the Bill.,,,,0.93,Whipped
304.0,2017-11-14T23:18:00,2017-11-15T12:21:15,37.0,False,,,EU (Withdrawal) Bill: Committee of the whole House Amdt 278,295.0,316.0,,,A vote on amendment 278 to the EU (Withdrawal) Bill.,EU (Withdrawal) Bill: Committee of the whole House Amdt 278,,,0.94,Whipped
303.0,2017-11-14T23:03:00,2017-11-14T23:27:23,36.0,False,,,EU (Withdrawal) Bill: Committee of the whole House Amdt 137,296.0,316.0,,,A vote on amendment 137 to the EU (Withdrawal) Bill.,EU (Withdrawal) Bill: Committee of the whole House Amdt 137,,,0.94,Whipped
302.0,2017-11-14T22:48:00,2017-11-15T12:09:47,35.0,False,,,EU (Withdrawal) Bill: Committee of the whole House New Clause 14,296.0,316.0,,,A vote on New Clause 14 which would would ensure that Ministers must set out in detail how the provisions in Clause 6 (Interpretation of retained EU law) would apply during a transitional period. ,EU (Withdrawal) Bill: Committee of the whole House New Clause 14,,,0.94,Whipped
301.0,2017-11-14T19:06:00,2017-11-14T19:56:13,34.0,False,,,EU (Withdrawal) Bill: Committee of the whole House Clause 1,318.0,68.0,,,A vote on Clause 1 of the EU (Withdrawal) Bill. ,EU (Withdrawal) Bill: Committee of the whole House Clause 1,,,0.59,Whipped
300.0,2017-11-14T18:51:00,2017-11-14T19:55:09,33.0,False,,,EU (Withdrawal) Bill: Committee of the whole House Amdt 79,52.0,318.0,,,"A vote on amendment 79 to the EU (Withdrawal) Bill, which would make the repeal of the European Communities Act 1972 on exit day conditional on the Prime Minister gaining consent from the devolved legislatures.",EU (Withdrawal) Bill: Committee of the whole House Amdt 79,,,0.57,Whipped
299.0,2017-11-03T09:34:00,2017-11-03T09:55:37,32.0,False,,,Motion to sit in private,0.0,120.0,,,,,,,0.18,Whipped
353.0,2017-12-20T22:19:00,2017-12-21T10:56:24,86.0,False,,,European Union (Withdrawal) Bill: Committee of the whole House Amdt 120,23.0,319.0,,,A vote on an amendment to ensure that a referendum on the terms of the exit deal has to be held before March 2019.,,,,0.53,Whipped
352.0,2017-12-20T22:05:00,2017-12-20T22:35:49,85.0,False,,,European Union (Withdrawal) Bill: Committee of the whole House New Clause 54,296.0,316.0,,,A vote on a new clause ,,,,0.94,Whipped
351.0,2017-12-20T21:51:00,2017-12-20T22:34:18,84.0,False,,,European Union (Withdrawal) Bill: Committee of the whole House New Clause 44,294.0,318.0,,,"A vote on a new clause which would require an independent evaluation of the impact of the Act upon the health and social care sector to be made after consulting the Scottish Ministers, the Welsh ministers and the relevant Northern Ireland department, service providers, those requiring health and social care services and others. ",,,,0.94,Whipped
350.0,2017-12-20T21:36:00,2017-12-20T22:34:45,83.0,False,,,European Union (Withdrawal) Bill: Committee of the whole House Amdt 349,295.0,318.0,,,An amendment to prevent Ministers using delegated powers to create criminal offences which carry custodial sentences.,,,,0.94,Whipped
349.0,2017-12-20T21:24:00,2017-12-20T21:53:18,82.0,False,,,European Union (Withdrawal) Bill: Committee of the whole House Amdts 381 and 399,319.0,294.0,,,A vote on Government amendments 381 and 399 relating to the date and definition of exit day,,,,0.94,Whipped
348.0,2017-12-20T21:09:00,2017-12-20T21:50:47,81.0,False,,,European Union (Withdrawal) Bill: Committee of the whole House New Clause 13,114.0,320.0,,,"A vote on a new clause which would ensure that provisions allowing the UK to remain a member of the Customs Union, set out in section 5 of the European Communities Act 1972 but set to be repealed by section 1 of  will be enacted ahead of exit day.",,,,0.67,Whipped
347.0,2017-12-20T00:00:00,2017-12-20T22:47:40,80.0,True,Double Majority,England,Draft Combined Authorities (Mayoral Elections) (Amendment) Order 2017,318.0,231.0,286.0,195.0,,,,,0.84,Whipped
346.0,2017-12-20T00:00:00,2017-12-20T22:47:26,79.0,True,Double Majority,England and Wales,Draft Local Authorities (Mayoral Elections) (England and Wales) (Amendment) Regulations 2017,318.0,231.0,294.0,221.0,,,,,0.84,Whipped
345.0,2017-12-19T17:36:00,2017-12-19T17:53:04,78.0,False,,,Finance (No 2) Bill Committee of the whole House New Clause 8,271.0,311.0,,,,,,,0.9,Whipped
344.0,2017-12-19T16:40:00,2017-12-19T17:13:56,77.0,False,,,Finance (No 2) Bill: Committee of the whole House: New Clause 6,273.0,309.0,,,,,,,0.9,Whipped
343.0,2017-12-18T23:04:00,2017-12-18T23:23:54,76.0,False,,,Finance (No. 2) Bill: Committee of the whole House New Clause 4,226.0,312.0,,,"A vote on New Clause 4 which would require a review to be published prior to the Autumn 2018 Budget on the impact of the relief for first-time buyers, including its effects on house prices and on the supply of housing.",Finance (No. 2) Bill: Committee of the whole House New Clause 4,,,0.83,Whipped
342.0,2017-12-18T21:28:00,2017-12-18T21:44:30,75.0,False,,,Finance (No. 2) Bill: Committee of the whole House New Clause 1,260.0,313.0,,,"A vote on New Clause 1 which would require the Government to carry out a review of the bank levy, including its effectiveness in relation to its stated aims, the revenue effects of the changes made in 2015 and the comparable effectiveness of the bank payroll tax.",Finance (No. 2) Bill: Committee of the whole House New Clause 1,,,0.88,Whipped
341.0,2017-12-18T21:11:00,2017-12-18T21:29:31,74.0,False,,,Finance (No. 2) Bill: Committee of the whole House Schedule 9,313.0,258.0,,,A vote on Schedule 9 to the Bill which makes changes to the bank levy.,Finance (No. 2) Bill: Committee of the whole House Schedule 9,,,0.88,Whipped
340.0,2017-12-13T21:14:00,2017-12-13T21:40:10,73.0,False,,,European Union (Withdrawal) Bill: Committee of the whole House Amdt 26,291.0,315.0,,,A vote on amendment 26 to Clause 8 which would prevent the Government using delegated powers under Clause 8 to reduce rights or protections. ,,,,0.93,Whipped
339.0,2017-12-13T21:00:00,2017-12-13T21:36:51,72.0,False,,,European Union (Withdrawal) Bill: Committee of the whole House New Clause 22,292.0,314.0,,,A vote on new clause 22 ,,,,0.93,Whipped
338.0,2017-12-13T19:42:00,2017-12-14T11:39:02,71.0,False,,,European Union (Withdrawal) Bill: Committee of the whole House New Clause 1,292.0,311.0,,,A vote on a new clause to require  a Commons committee to work alongside the Lords Secondary Legislation Scrutiny Committee to determine the level of scrutiny each statutory instrument shall receive.   ,,,,0.93,Whipped
337.0,2017-12-13T19:30:00,2017-12-13T20:08:49,70.0,False,,,European Union (Withdrawal) Bill: Committee of the whole House Amdt 241,294.0,315.0,,,A vote on an amendment to Clause 9 that would require the Secretary of State to publish a strategy for seeking to ensure that reciprocal healthcare arrangements continue after the UK leaves the EU.,,,,0.94,Whipped
336.0,2017-12-13T19:17:00,2017-12-13T19:59:44,69.0,False,,,European Union (Withdrawal) Bill: Committee of the whole House Amdt 30 ,297.0,316.0,,,,,,,0.94,Whipped
335.0,2017-12-13T19:00:00,2017-12-13T19:48:26,68.0,False,,,European Union (Withdrawal) Bill: Committee of the whole House Amdt 7,309.0,305.0,,,A vote on amendment 7 to Clause 9 of the Bill which would require the final deal with the EU to be approved by statute passed by Parliament. ,,,,0.94,Whipped
334.0,2017-12-12T22:04:00,2017-12-12T22:36:00,67.0,False,,,European Union (Withdrawal) Bill: Committee of the whole House Amendment 25,292.0,314.0,,,A vote on Amendment 25 which would prevent the Government’s using delegated powers under Clause 7 to reduce rights or protections.,European Union (Withdrawal) Bill: Committee of the whole House Amendment 25,,,0.93,Whipped
333.0,2017-12-12T21:50:00,2017-12-12T22:29:42,66.0,False,,,European Union (Withdrawal) Bill: Committee of the whole House Amendment 158,291.0,315.0,,,A vote on amendment 158 which would prevent the powers of a Minister of the Crown under Clause 7 of the Bill to fix problems in retained EU law from being exercised to amend the Scotland Act 1998 or the Government of Wales Act 2006.,European Union (Withdrawal) Bill: Committee of the whole House Amendment 158,,,0.93,Whipped
332.0,2017-12-12T21:38:00,2017-12-12T22:18:01,65.0,False,,,European Union (Withdrawal) Bill: Committee of the whole House Amendment 124,93.0,315.0,,,A vote on Amendment 124 which is intended to prevent the regulation-making powers being used to create barriers to the UK’s continued membership of the single market.,European Union (Withdrawal) Bill: Committee of the whole House Amendment 124,,,0.63,Whipped
331.0,2017-12-12T21:25:00,2017-12-12T21:59:28,64.0,False,,,European Union (Withdrawal) Bill: Committee of the whole House Amendment 49,295.0,312.0,,,A vote on Amendment 49 which would place a general provision on the face of the Bill to the effect that the delegated powers granted by the Bill should be used only so far as necessary.,European Union (Withdrawal) Bill: Committee of the whole House Amendment 49,,,0.93,Whipped
330.0,2017-12-12T21:11:00,2017-12-12T21:47:59,63.0,False,,,European Union (Withdrawal) Bill: Committee of the whole House New Clause 63,293.0,315.0,,,"A vote on New Clause 63 which would require the Government to establish new domestic governance arrangements following the UK’s exit from the EU for environmental standards and protections, following consultation.",European Union (Withdrawal) Bill: Committee of the whole House New Clause 63,,,0.94,Whipped
329.0,2017-12-11T22:31:00,2017-12-11T22:54:36,62.0,False,,,Finance (No 2) Bill: Second Reading,313.0,269.0,,,,,,,0.9,Whipped
328.0,2017-12-11T22:17:00,2017-12-11T22:50:05,61.0,False,,,Finance (No.2) Bill Second Reading: Jeremy Corbyn's amendment,271.0,312.0,,,,,,,0.9,Whipped
327.0,2017-12-06T20:29:00,2017-12-06T20:49:50,60.0,False,,,European Union (Withdrawal) Bill: Committee of the whole House Amdt 339,286.0,311.0,,,A vote on amendment 339 in the name of the Leader of the Opposition to remove the power of public authorities to levy fees or charges via tertiary legislation. ,,,,0.92,Whipped
326.0,2017-12-06T20:11:00,2017-12-06T20:34:10,59.0,False,,,European Union (Withdrawal) Bill: Committee of the whole House New Clause 80,287.0,312.0,,,"A vote on New Clause 80 in the name of the Leader of the Opposition to ensure that any financial settlement as part of leaving the EU must reflect obligations incurred by the UK during its membership of the EU, must be transparent and must be approved by Parliament",,,,0.92,Whipped
325.0,2017-12-06T19:56:00,2017-12-06T20:16:53,58.0,False,,,European Union (Withdrawal) Bill: Committee of the whole House New Clause 17,288.0,316.0,,,A vote on New Clause 17 in the name of Mr Chris Leslie to prevent the Government from making a payment in settlement of the UK's withdrawal from the European Union as part of a withdrawal agreement or new Treaty unless it has been approved by the House of Commons,,,,0.93,Whipped
324.0,2017-12-06T17:14:00,2017-12-06T17:37:31,57.0,False,,,European Union (Withdrawal) Bill Committee of the whole House Amendment 167,296.0,316.0,,,,,,,0.94,Whipped
323.0,2017-12-04T00:45:00,2017-12-05T02:04:32,56.0,False,,,European Union (Withdrawal) Bill Committee of the whole House Clause 11 and Schedule 3 stand part,315.0,290.0,,,,,,,0.93,Whipped
322.0,2017-12-04T00:30:00,2017-12-05T01:14:43,55.0,False,,,European Union (Withdrawal) Bill Committee of the whole House Amendment 72,290.0,316.0,,,,,,,0.93,Whipped
321.0,2017-12-04T00:13:00,2017-12-05T01:14:00,54.0,False,,,European Union (Withdrawal) Bill Committee of the whole House Amendment 42,292.0,316.0,,,,,,,0.94,Whipped
320.0,2017-12-04T23:59:00,2017-12-05T01:05:48,53.0,False,,,European Union (Withdrawal) Bill Committee of the whole House New Clause 64,256.0,313.0,,,,,,,0.88,Whipped
319.0,2017-12-01T12:56:00,2017-12-01T13:28:11,52.0,False,,,Closure Motion: Parliamentary Constituencies (Amendment Bill),229.0,44.0,,,A vote 'That the question be now put' in order to bring an end to the current debate and allow a decision to be reached on the matter being debated.,,,,0.42,Whipped
318.0,2017-12-01T09:34:00,2017-12-01T09:52:18,51.0,False,,,Motion to sit in private,0.0,169.0,,,,,,,0.26,Whipped
380.0,2018-01-31T19:24:00,2018-01-31T19:43:50,113.0,False,,,Restoration and Renewal (No. 1) (as amended),234.0,185.0,,,,,,,0.64,Whipped
379.0,2018-01-31T19:11:00,2018-01-31T20:20:08,112.0,False,,,Restoration and Renewal (No. 1) amdt (b),236.0,220.0,,,A vote on an amendment to  Restoration and Renewal (No. 1) motion,,,,0.7,Whipped
378.0,2018-01-31T18:56:00,2018-01-31T19:11:46,111.0,False,,,Restoration and Renewal (No. 1) amdt (c),47.0,410.0,,,A vote on amendment (c) to the Restoration and Renewal (No. 1) motion which would add the requirement to carry out an assessment of the cost-effectiveness of relocating Parliament away from the Palace of Westminster in any future review. ,,,,0.7,Whipped
377.0,2018-01-31T00:00:00,2018-01-31T15:53:58,110.0,True,,,Draft Double Taxation Relief and International Tax Enforcement (Lesotho) Order 2017,306.0,240.0,,,,,,,0.84,Whipped
376.0,2018-01-30T18:59:00,2018-01-30T19:27:02,109.0,False,,,High Speed Rail (West Midlands - Crewe) Bill: Second Reading,295.0,12.0,,,,,,,0.47,Whipped
375.0,2018-01-23T18:35:00,2018-01-23T18:49:33,108.0,False,,,Electoral Commission,46.0,77.0,,,"A vote on a motion that an Humble Address be presented to Her Majesty, praying that Her Majesty will appoint Professor Sir Ian Kennedy as an Electoral Commissioner with effect from 1 February 2018 for the period ending 31 January 2022.",Electoral Commission,,,0.19,Whipped
374.0,2018-01-23T16:59:00,2018-01-23T17:19:39,107.0,False,,,Nuclear Safeguards Bill: Report Stage Amdt 5,254.0,295.0,,,A vote on an amendment to limit the circumstances in which the Secretary of State may use some of the powers in this section and require a report to be laid before Parliament,,,,0.84,Whipped
373.0,2018-01-23T15:52:00,2018-01-23T18:43:34,106.0,False,,,Nuclear Safeguards Bill: Report Stage New Clause 1,255.0,294.0,,,,,,,0.84,Whipped
372.0,2018-01-17T19:13:00,2018-01-17T19:59:00,105.0,False,,,European Union (Withdrawal) Bill: Third Reading,324.0,295.0,,,,,,,0.95,Whipped
371.0,2018-01-17T19:00:00,2018-01-17T19:29:46,104.0,False,,,European Union (Withdrawal) Bill: Third Reading: Mr Blackford's amendment,295.0,322.0,,,,,,,0.95,Whipped
370.0,2018-01-17T18:12:00,2018-01-17T18:35:27,103.0,False,,,European Union (Withdrawal) Bill: Report Stage: Amdt 1,302.0,321.0,,,,,,,0.96,Whipped
369.0,2018-01-17T17:59:00,2018-01-17T18:24:44,102.0,False,,,European Union (Withdrawal) Bill: Report Stage: Amdt 59,99.0,322.0,,,,,,,0.65,Whipped
368.0,2018-01-17T17:45:00,2018-01-17T18:31:53,101.0,False,,,European Union (Withdrawal) Bill: Report Stage: Amendment 2,302.0,318.0,,,,,,,0.95,Whipped
367.0,2018-01-17T17:32:00,2018-01-17T18:20:14,100.0,False,,,European Union (Withdrawal) Bill: Report Stage: New Clause 17,301.0,320.0,,,,,,,0.96,Whipped
366.0,2018-01-17T17:18:00,2018-01-17T18:18:42,99.0,False,,,European Union (Withdrawal) Bill: Report Stage: New Clause 12,301.0,318.0,,,,,,,0.95,Whipped
365.0,2018-01-17T17:02:00,2018-01-17T17:37:40,98.0,False,,,European Union (Withdrawal) Bill: Report Stage: New Clause 11,301.0,320.0,,,,,,,0.96,Whipped
364.0,2018-01-17T16:47:00,2018-01-17T17:23:35,97.0,False,,,European Union Withdrawal Bill: Report Stage New Clause 6 ,298.0,322.0,,,A vote on adding a new clause which would give the Government the objective of making sure that the withdrawal agreement should include proposals setting out the full details expected of a comprehensive trade agreement.,,,,0.95,Whipped
363.0,2018-01-17T16:30:00,2018-01-17T17:04:37,96.0,False,,,European Union (Withdrawal) Bill: Report Stage New Clause 1,305.0,318.0,,,A vote on adding a new clause to the Bill to about by what means EU-derived employment and other rights can be amended. ,,,,0.96,Whipped
362.0,2018-01-16T19:16:00,2018-01-16T19:46:22,95.0,False,,,EU (Withdrawal) Bill: Report Stage Amdt 3,297.0,321.0,,,,,,,0.95,Whipped
361.0,2018-01-16T19:01:00,2018-01-16T19:44:01,94.0,False,,,European (Withdrawal) Bill: Report Stage Amdts 21-29,317.0,297.0,,,A vote on making Government amendments 21-29 to the Bill,,,,0.94,Whipped
360.0,2018-01-16T16:33:00,2018-01-29T21:05:08,93.0,False,,,European Union (Withdrawal) Bill: Report Stage: New Clause 7,297.0,320.0,,,A vote on adding a new clause to the Bill to transfer the EU Protocol on animal sentience. ,,,,0.95,Whipped
359.0,2018-01-16T16:16:00,2018-01-16T16:54:45,92.0,False,,,European Union (Withdrawal) Bill: Report Stage: Amdt 4,299.0,317.0,,,An Opposition amendment to retain the rights in the Charter of Fundamental Rights in UK law.,,,,0.95,Whipped
358.0,2018-01-16T16:00:00,2018-01-16T16:49:25,91.0,False,,,European Union (Withdrawal) Bill: Report Stage: Amendment 57,296.0,319.0,,,"A vote on making and amendment about preserving existing rights, powers, liabilities, obligations, restrictions, remedies and procedures derived from EU law. ",,,,0.95,Whipped
357.0,2018-01-09T19:16:00,2018-01-09T19:40:50,90.0,False,,,Trade Bill: Second Reading,313.0,280.0,,,,,,,0.91,Whipped
356.0,2018-01-09T18:59:00,2018-01-09T19:40:04,89.0,False,,,Trade Bill: Second Reading: Mr Corbyn's amendment,281.0,313.0,,,,,,,0.91,Whipped
355.0,2018-01-08T22:30:00,2018-01-08T23:01:10,88.0,False,,,Taxation (Cross-Border Trade): Second Reading,309.0,265.0,,,,,,,0.88,Whipped
354.0,2018-01-08T22:16:00,2018-01-08T22:51:30,87.0,False,,,Taxation (Cross-Border Trade) Bill Second Reading: Jeremy Corbyn's amendment ,265.0,309.0,,,A vote on a reasoned amendment in the name of Jeremy Corbyn declining to give a Second Reading to the Bill ,,,,0.88,Whipped
392.0,2018-02-28T18:33:00,2018-02-28T18:48:43,125.0,False,,,Middle Level Bill: Report Stage Amdt 14,5.0,177.0,,,This amendment would ensure that no charge would be payable in respect of the use of a waterway by a vessel being used by a person who is registered disabled.,Middle Level Bill: Report Stage Amdt 14,,,0.28,Whipped
391.0,2018-02-21T19:54:00,2018-02-21T20:16:28,124.0,False,,,Finance (No 2) Bill: Third Reading,301.0,218.0,,,,,,,0.8,Whipped
390.0,2018-02-21T19:31:00,2018-02-21T19:57:30,123.0,False,,,Finance (No 2) Bill: Report Stage Amdt 10,225.0,304.0,,,,,,,0.81,Whipped
389.0,2018-02-21T19:17:00,2018-02-21T19:54:17,122.0,False,,,Finance (No 2) Bill: Report Stage New Clause 10 ,252.0,305.0,,,A vote on a new clause that would require a review to be commissioned into the consequences of allowing the Scottish Fire and Rescue Service and the Scottish Police Authority to make retrospective claims for VAT refunds. ,,,,0.86,Whipped
388.0,2018-02-21T19:02:00,2018-02-21T19:19:07,121.0,False,,,Finance (No 2) Bill: Report Stage New Clause 7 ,228.0,305.0,,,"A vote on a new clause to require a review of the relief for first-time buyers, in particular its impact on house prices and the supply of housing. ",,,,0.82,Whipped
387.0,2018-02-21T17:49:00,2018-02-21T19:31:45,120.0,False,,,Finance (No.2) Bill: Report Stage Amendment 3,265.0,305.0,,,,,,,0.88,Whipped
386.0,2018-02-21T17:32:00,2018-02-21T18:05:23,119.0,False,,,Finance (No. 2) Bill Report Stage: New Clause 3,267.0,306.0,,,,,,,0.88,Whipped
385.0,2018-02-21T15:27:00,2018-02-21T16:23:43,118.0,False,,,Finance (No. 2) Bill: Report Stage New Clause 9,265.0,304.0,,,"A vote on a new clause that would require the Chancellor of the Exchequer to carry out a review of the effect of some parts of the Bill on equality in relation to households with different income levels, people with protected characteristics, the Treasury's public sector equality duty and on a regional basis. ",,,,0.88,Whipped
384.0,2018-02-07T19:28:00,2018-02-07T19:57:41,117.0,False,Double Majority,England,Report on Local Government Finance (England) 2018-19,287.0,223.0,263.0,188.0,A vote on whether or not to approve the Report on Local Government Finance (England) 2018-19.,Report on Local Government Finance (England) 2018-19,,,0.78,Whipped
383.0,2018-02-07T16:21:00,2018-02-07T19:05:55,116.0,False,Double Majority,England and Wales,Police Grant Report (England and Wales) 2018-19,295.0,239.0,275.0,229.0,A vote on whether or not to approve the Police Grant Report (England and Wales) for 2018-19.,,,,0.82,Whipped
382.0,2018-02-06T15:47:00,2018-02-06T16:15:48,115.0,False,,,Space Industry Bill: Report Stage Amdt 1,33.0,282.0,,,A vote on an amendment that would make regulations made under section 68(1) subject to affirmative procedure.  ,,,,0.48,Whipped
381.0,2018-02-06T15:33:00,2018-02-06T16:15:19,114.0,False,,,Space Industry Bill: Report Stage New Clause 4,33.0,277.0,,,A vote on adding a new clause that would require the Government to set a mandatory cap on licensees' liability for each individual launch.,,,,0.48,Whipped
402.0,2018-03-28T20:41:00,2018-03-28T20:55:19,135.0,False,,,Opposition Motion:Police funding,203.0,0.0,,,A vote on an opposition motion on police funding. ,,,,0.31,Whipped
401.0,2018-03-28T17:39:00,2018-03-28T17:59:08,134.0,False,,,Opposition Motion: Local government funding,238.0,0.0,,,A vote on an opposition motion on local government funding. ,,,,0.37,Whipped
400.0,2018-03-16T13:05:00,2018-03-16T13:28:31,133.0,False,,,Refugees (Family Reunion) (No.2) Bill: Second Reading: Closure motion,129.0,42.0,,,A motion that the Question that the Bill be read a second time be put.,Refugees (Family Reunion) (No.2) Bill: Second Reading: Closure motion,,,0.26,Whipped
399.0,2018-03-16T09:34:00,2018-03-16T10:00:01,132.0,False,,,Motion to sit in private (Standing Order No. 163),1.0,114.0,,,Vote on a motion that the House sits in private.,Motion to sit in private (Standing Order No. 163),,,0.18,Whipped
398.0,2018-03-13T18:40:00,2018-03-14T11:44:11,131.0,False,,,"Social Security (S.I., 2018, No. 120)",285.0,314.0,,,A vote on whether the Social Security (Contributions) (Amendment) Regulations 2018 should be annulled.,"Social Security (S.I., 2018, No. 120)",,,0.92,Whipped
397.0,2018-03-13T18:26:00,2018-03-14T11:40:15,130.0,False,Double Majority,England,Children and Young Persons: Early Years Provision,253.0,315.0,215.0,283.0,A vote on whether the Local Authority (Duty to Secure Early Years Provision Free of Charge) (Amendment) Regulations 2018 should be annulled.,Children and Young Persons: Early Years Provision,,,0.87,Whipped
396.0,2018-03-13T18:10:00,2018-03-13T19:10:19,129.0,False,Double Majority,England,Children and Young Persons: Free School Lunches,254.0,312.0,214.0,282.0,"A vote on whether the Free School Lunches and Milk, and School and Early Years Finance (Amendments Relating to Universal Credit) (England) Regulations 2018 should be annulled.",Children and Young Persons: Free School Lunches,,,0.87,Whipped
395.0,2018-03-13T17:55:00,2018-03-13T18:12:38,128.0,False,,,"Universal Credit (S.I., 2018, No. 65)",288.0,315.0,,,A vote on whether the Universal Credit (Miscellaneous Amendments Saving and Transitional Provision) Regulations 2018 should be annulled. ,"Universal Credit (S.I., 2018, No. 65)",,,0.93,Whipped
394.0,2018-03-07T00:00:00,2018-03-07T16:12:30,127.0,True,,,Draft Passport (Fees) Regulations 2018,317.0,258.0,,,,Draft Passport (Fees) Regulations 2018,,,0.88,Whipped
393.0,2018-03-07T00:00:00,2018-03-07T16:12:11,126.0,True,,,Draft Transparency of Donations and Loans etc. (Northern Ireland Political Parties) Order 2018,308.0,261.0,,,,Draft Transparency of Donations and Loans etc. (Northern Ireland Political Parties) Order 2018,,,0.88,Whipped
409.0,2018-04-30T20:20:00,2018-04-30T21:06:32,142.0,False,,,Domestic Gas and Electricity (Tariff Cap) Bill: Report stage New Clause 1,125.0,288.0,,,,,,,0.64,Whipped
408.0,2018-04-27T09:34:00,2018-04-27T10:06:44,141.0,False,,,Motion to sit in private,2.0,69.0,,,,,,,0.11,Whipped
407.0,2018-04-24T17:20:00,2018-04-24T17:51:26,140.0,False,,,Financial Guidance and Claims Bill [Lords]: Report Stage Amendment 1,255.0,293.0,,,,,,,0.84,Whipped
406.0,2018-04-24T17:05:00,2018-04-24T17:45:37,139.0,False,,,Financial Guidance and Claims Bill [Lords]: Report stage amendment 39,255.0,293.0,,,,,,,0.84,Whipped
405.0,2018-04-23T21:24:00,2018-04-23T21:48:22,138.0,False,,,"Higher Education and Research Act 2017 (Consequential, Transitional, Transitory and Saving Provisions) Regulations 2018: motion to annul  ",211.0,291.0,,,,,,,0.77,Whipped
404.0,2018-04-17T15:55:00,2018-04-17T16:21:45,137.0,False,,,Emergency debate: Parliamentary approval of military action overseas,317.0,256.0,,,,,,,0.88,Whipped
403.0,2018-04-16T23:03:00,2018-04-16T23:23:24,136.0,False,,,Emergency Debate: Syria,314.0,36.0,,,,,,,0.54,Whipped
431.0,2018-05-23T18:59:00,2018-05-23T19:27:10,164.0,False,,,Opposition Motion: National Health Service,230.0,295.0,,,,,,,0.81,Whipped
430.0,2018-05-23T16:00:00,2018-05-23T16:48:29,163.0,False,,,Opposition motion: Transport Secretary: East Coast Franchise,271.0,304.0,,,,,,,0.88,Whipped
429.0,2018-05-23T00:00:00,2018-05-23T16:18:45,162.0,True,Double Majority,England,Draft Dorset (Structural Changes) (Modification of the Local Government and Public Involvement in Health Act 2007) Regulations 2018,294.0,19.0,266.0,16.0,,,,,0.48,Whipped
428.0,2018-05-23T00:00:00,2018-05-23T16:18:16,161.0,True,Double Majority,England,"Draft Bournemouth, Dorset and Poole (Structural Changes) Order 2018",293.0,19.0,265.0,16.0,,,,,0.48,Whipped
427.0,2018-05-23T00:00:00,2018-05-23T16:19:15,160.0,True,Double Majority,England,Draft Somerset West and Taunton (Local Government Changes) Order 2018,298.0,17.0,270.0,14.0,,,,,0.48,Whipped
426.0,2018-05-23T00:00:00,2018-05-23T16:17:55,159.0,True,Double Majority,England,Draft Somerset West and Taunton (Modification of Boundary Change Enactments) Regulations 2018,298.0,17.0,270.0,14.0,,,,,0.48,Whipped
425.0,2018-05-16T18:59:00,2018-05-16T19:29:17,158.0,False,,,Opposition motion: Customs arrangements after the UK leaves the EU,269.0,301.0,,,,,,,0.88,Whipped
424.0,2018-05-15T15:21:00,2018-05-15T16:08:01,157.0,False,,,Data Protection Bill: motion to disagree with Lords Amendment 62B and agree amendments in lieu,301.0,289.0,,,,,,,0.91,Whipped
423.0,2018-05-09T20:14:00,2018-05-09T20:35:19,156.0,False,Double Majority,England,Education (Student Support) (Amendment) (No.2) Regulations 2018,234.0,295.0,199.0,273.0,,,,,0.81,Whipped
422.0,2018-05-09T18:27:00,2018-05-09T19:03:00,155.0,False,,,Data Protection Bill [Lords]: Report Stage Amdt 15,288.0,310.0,,,,,,,0.92,Whipped
421.0,2018-05-09T18:13:00,2018-05-09T19:08:34,154.0,False,,,Data Protection Bill [Lords]: Report Stage Amdt 5,282.0,310.0,,,,,,,0.91,Whipped
420.0,2018-05-09T18:01:00,2018-05-09T18:23:54,153.0,False,,,Data Protection Bill [Lords]: Report Stage New Clause 4,283.0,309.0,,,,,,,0.91,Whipped
419.0,2018-05-09T16:01:00,2018-05-09T16:52:31,152.0,False,,,Data Protection Bill [Lords]: Report stage New Clause 18,295.0,304.0,,,,,,,0.92,Whipped
418.0,2018-05-08T21:41:00,2018-05-08T22:01:02,151.0,False,,,Criminal Legal Aid Regulations SI 2018 No 220: motion to revoke,252.0,300.0,,,,,,,0.85,Whipped
417.0,2018-05-08T20:10:00,2018-05-08T21:10:16,150.0,False,,,Nuclear Safeguards Bill: Lords Amendment 3 motion to disagree,306.0,278.0,,,,,,,0.9,Whipped
416.0,2018-05-08T18:26:00,2018-05-08T18:41:43,149.0,False,,,Secure Tenancies (Victims of Domestic Abuse) Bill [Lords]: Report stage: Amendment 2,246.0,302.0,,,,,,,0.84,Whipped
415.0,2018-05-02T19:00:00,2018-05-02T19:24:19,148.0,False,,,Opposition Motion: Windrush,221.0,316.0,,,,,,,0.83,Whipped
414.0,2018-05-02T00:00:00,2018-05-02T15:12:39,147.0,True,,,Draft First-tier Tribunal and Upper Tribunal (Composition of Tribunal) (Amendment) Order 2018,315.0,202.0,,,,,,,0.8,Whipped
413.0,2018-05-01T18:28:00,2018-05-01T19:02:42,146.0,False,,,Sanctions and Anti-Money Laundering Bill: Report Stage New Clause 21,295.0,313.0,,,,,,,0.94,Whipped
412.0,2018-05-01T18:14:00,2018-05-01T18:54:03,145.0,False,,,Sanctions and Anti-Money Laundering Bill: Report Stage New Clause 13,298.0,313.0,,,,,,,0.94,Whipped
411.0,2018-05-01T17:59:00,2018-05-01T18:15:48,144.0,False,,,Sanctions and Anti-Money Laundering Bill [Lords]: Report Stage New Clause 8,296.0,314.0,,,A vote on a new clause that would create a public register of beneficial ownership information for companies and other legal entities outside the UK that own or buy UK property or bid for UK Government contracts. ,,,,0.94,Whipped
410.0,2018-05-01T16:31:00,2018-05-01T17:19:18,143.0,False,,,Sanctions and Anti-Money Laundering Bill: Report stage: New Clause 19,301.0,314.0,,,,,,,0.95,Whipped
464.0,2018-06-27T00:00:00,2018-06-27T17:36:24,197.0,True,,,Draft Nursing and Midwifery (Amendment) Order 2018,465.0,2.0,,,,,,,0.72,Whipped
463.0,2018-06-26T17:05:00,2018-06-26T17:17:37,196.0,False,,,Haulage Permits and Trailer Registration Bill [Lords]: Programme (No 2) ,273.0,168.0,,,,,,,0.68,Whipped
462.0,2018-06-26T16:24:00,2018-06-26T16:42:01,195.0,False,,,Automated and Electric Vehicles Bill (Programme No. 3),288.0,182.0,,,,,,,0.72,Whipped
461.0,2018-06-26T16:10:00,2018-06-26T17:20:53,194.0,False,,,EU-Japan Economic Partnership Agreement,317.0,1.0,,,,,,,0.49,Whipped
460.0,2018-06-26T14:26:00,2018-06-26T15:49:42,193.0,False,,,Draft European Union (Definition of Treaties) (Canada Trade Agreement) Order 2018,315.0,36.0,,,,,,,0.54,Whipped
459.0,2018-06-25T21:59:00,2018-06-25T22:46:04,192.0,False,,,Motion on National Policy Statement and New Runway Capacity,415.0,119.0,,,,,,,0.82,Whipped
458.0,2018-06-20T15:45:00,2018-06-20T18:03:03,191.0,False,,,European Union (Withdrawal) Bill: Lords Amendment 19P amendment (b),303.0,319.0,,,,,,,0.96,Whipped
457.0,2018-06-19T18:59:00,2018-06-19T19:17:39,190.0,False,,,Opposition Day: Parliamentary Constituencies (Amendment Bill) Committee Stage,284.0,299.0,,,,,,,0.9,Whipped
456.0,2018-06-19T16:05:00,2018-06-19T16:25:20,189.0,False,,,Opposition Day: Secretary of State for Transport,285.0,305.0,,,,,,,0.91,Whipped
455.0,2018-06-18T21:33:00,2018-06-18T21:47:49,188.0,False,,,Emergency Debate: Sewel Convention,88.0,51.0,,,,,,,0.21,Whipped
454.0,2018-06-15T14:04:00,2018-06-15T14:25:56,187.0,False,,,Mental Health Units (Use of Force) Bill report stage: Amendment 12,3.0,49.0,,,,,,,0.08,Whipped
453.0,2018-06-15T13:52:00,2018-06-15T14:23:34,186.0,False,,,Mental Health Units (Use of Force) Bill report stage: Amendment 11,8.0,47.0,,,,,,,0.08,Whipped
452.0,2018-06-13T21:16:00,2018-06-13T21:35:56,185.0,False,,,EU (Withdrawal) Bill Lords Amendments: motion to disagree with Lords Amendment 3,320.0,296.0,,,,,,,0.95,Whipped
451.0,2018-06-13T21:02:00,2018-06-13T21:17:23,184.0,False,,,EU (Withdrawal) Bill Lords Amendments: motion to disagree with Lords Amendment 4,318.0,301.0,,,,,,,0.95,Whipped
450.0,2018-06-13T20:48:00,2018-06-13T21:04:53,183.0,False,,,EU (Withdrawal) Bill Lords Amendments: motion to disagree with Lords Amendment 53,320.0,297.0,,,,,,,0.95,Whipped
449.0,2018-06-13T20:33:00,2018-06-13T20:51:15,182.0,False,,,EU (Withdrawal) Bill Lords Amendments: motion to disagree with Lords Amendment 5,321.0,301.0,,,,,,,0.96,Whipped
448.0,2018-06-13T20:20:00,2018-06-13T20:36:43,181.0,False,,,EU (Withdrawal) Bill Lords Amendments: Motion to disagree with Lords Amendment 2,326.0,296.0,,,,,,,0.96,Whipped
447.0,2018-06-13T20:02:00,2018-06-13T20:24:34,180.0,False,,,EU (Withdrawal) Bill Lords Amendments: motion to disagree with Lords Amendment 1,325.0,298.0,,,,,,,0.96,Whipped
446.0,2018-06-13T19:43:00,2018-06-13T21:13:59,179.0,False,,,EU (Withdrawal) Bill Lords Amendments: Motion to disagree with Lords Amendment 51,327.0,126.0,,,,,,,0.7,Whipped
445.0,2018-06-13T19:28:00,2018-06-13T21:13:16,178.0,False,,,EU (Withdrawal) Bill Lords Amendments: Amendment (a) to Lords Amendment 51,240.0,322.0,,,,,,,0.86,Whipped
444.0,2018-06-12T19:17:00,2018-06-12T19:40:46,177.0,False,,,European Union (Withdrawal) Bill: Remaining Lords amendments,321.0,40.0,,,,,,,0.56,Whipped
443.0,2018-06-12T18:38:00,2018-06-12T19:05:47,176.0,False,,,European Union (Withdrawal) Bill: Lords amendment 20 motion to disagree,321.0,305.0,,,,,,,0.96,Whipped
442.0,2018-06-12T18:25:00,2018-06-12T19:04:47,175.0,False,,,European Union (Withdrawal) Bill: Lords amendment 45 motion to disagree,317.0,306.0,,,,,,,0.96,Whipped
441.0,2018-06-12T18:12:00,2018-06-12T18:34:40,174.0,False,,,European Union (Withdrawal) Bill: Lords amendment 43 motion to disagree,322.0,306.0,,,,,,,0.97,Whipped
440.0,2018-06-12T17:58:00,2018-06-12T18:31:23,173.0,False,,,European Union (Withdrawal) Bill: Lords amendment 10 motion to disagree,320.0,305.0,,,,,,,0.96,Whipped
439.0,2018-06-12T17:45:00,2018-06-12T18:30:27,172.0,False,,,European Union (Withdrawal) Bill: Lords amendment 52 motion to disagree,326.0,301.0,,,,,,,0.96,Whipped
438.0,2018-06-12T17:30:00,2018-06-12T17:52:53,171.0,False,,,European Union (Withdrawal) Bill: Lords amendment 19 motion to disagree,324.0,298.0,,,,,,,0.96,Whipped
437.0,2018-06-12T17:13:00,2018-06-12T17:52:00,170.0,False,,,European Union (Withdrawal) Bill: Lords amendment 125 motion to disagree,328.0,297.0,,,,,,,0.96,Whipped
436.0,2018-06-12T16:58:00,2018-06-12T17:51:01,169.0,False,,,European Union (Withdrawal) Bill: Lords amendment 39 motion to disagree,324.0,302.0,,,,,,,0.96,Whipped
435.0,2018-06-12T16:45:00,2018-06-12T17:10:11,168.0,False,,,European Union (Withdrawal) Bill: Lords amendment 37 motion to disagree,326.0,301.0,,,,,,,0.96,Whipped
434.0,2018-06-12T16:31:00,2018-06-12T17:08:58,167.0,False,,,European Union Withdrawal Bill: Lords Amendment 128 motion to disagree,325.0,304.0,,,,,,,0.97,Whipped
433.0,2018-06-12T16:15:00,2018-06-12T17:08:06,166.0,False,,,European Union (Withdrawal) Bill: Lords Amendment 110 motion to disagree,324.0,302.0,,,,,,,0.96,Whipped
432.0,2018-06-12T12:56:00,2018-06-12T13:17:09,165.0,False,,,European Union (Withdrawal) Bill: Programme (No.3),321.0,304.0,,,,European Union (Withdrawal) Bill: Programme (No.3),,,0.96,Whipped
500.0,2018-07-19T14:45:00,2018-07-19T14:58:35,232.0,False,,,Motion on Independent Complaints and Grievance Policy: Sir Kevin Barron's amendment,22.0,79.0,,,,,,,0.16,Whipped
499.0,2018-07-18T00:00:00,2018-07-18T15:32:47,231.0,True,,,Draft Immigration (Provision of Physical Data)(Amendment)(EU Exit) Regulations 2018,311.0,262.0,,,,,,,0.88,Whipped
498.0,2018-07-18T00:00:00,2018-07-18T15:32:29,230.0,True,,,Draft European Union (Definition of Treaties)(Partnership Agreement on Relations and Cooperation)(New Zealand) Order 2018,536.0,3.0,,,,,,,0.83,Whipped
497.0,2018-07-18T00:00:00,2018-07-18T15:32:12,229.0,True,,,Draft European Union (Definition of Treaties)(Framework Agreement)(Australia) Order 2018,534.0,3.0,,,,,,,0.83,Whipped
496.0,2018-07-18T00:00:00,2018-07-18T15:31:55,228.0,True,,,Draft European Union (Definition of Treaties)(Strategic Partnership Agreement)(Canada) Order 2018,534.0,3.0,,,,,,,0.83,Whipped
495.0,2018-07-18T00:00:00,2018-07-18T15:30:46,227.0,True,,,Draft European Union (Definition of Treaties)(Political Dialogue and Cooperation Agreement)(Cuba) Order 2018,534.0,3.0,,,,,,,0.83,Whipped
494.0,2018-07-18T00:00:00,2018-07-18T15:30:22,226.0,True,,,Draft European Union (Definition of Treaties)(Association Agreement)(Central America) Order 2018,534.0,3.0,,,,,,,0.83,Whipped
493.0,2018-07-18T00:00:00,2018-07-18T15:30:06,225.0,True,,,Draft European Union (Definition of Treaties)(Comprehensive and Enhanced Partnership Agreement (Armenia) Order 2018,535.0,3.0,,,,,,,0.83,Whipped
492.0,2018-07-17T19:06:00,2018-07-17T19:21:04,224.0,False,,,Trade Bill Third Reading,317.0,286.0,,,,,,,0.93,Whipped
491.0,2018-07-17T18:30:00,2018-07-17T18:57:11,223.0,False,,,Trade Bill report stage New Clause 18,301.0,307.0,,,,,,,0.94,Whipped
490.0,2018-07-17T18:15:00,2018-07-17T18:50:12,222.0,False,,,Trade Bill report stage New Clause 17,305.0,301.0,,,,,,,0.93,Whipped
489.0,2018-07-17T18:01:00,2018-07-18T14:43:46,221.0,False,,,Trade Bill report stage amendment 80,295.0,314.0,,,,,,,0.94,Whipped
488.0,2018-07-17T17:08:00,2018-07-17T17:43:52,220.0,False,,,Trade Bill report stage amendment 25,37.0,318.0,,,,,,,0.55,Whipped
487.0,2018-07-17T16:54:00,2018-07-17T17:48:10,219.0,False,,,Trade Bill report stage new clause 4,248.0,316.0,,,,,,,0.87,Whipped
486.0,2018-07-17T15:59:00,2018-07-17T17:33:03,218.0,False,,,Trade Bill report stage Amendment 19,285.0,315.0,,,,,,,0.92,Whipped
485.0,2018-07-17T15:44:00,2018-07-17T16:38:22,217.0,False,,,Trade Bill report stage New Clause 20,37.0,316.0,,,,,,,0.54,Whipped
484.0,2018-07-17T15:29:00,2018-07-17T16:21:04,216.0,False,,,Trade Bill report stage New Clause 3,284.0,314.0,,,,,,,0.92,Whipped
483.0,2018-07-16T23:07:00,2018-07-16T23:52:56,215.0,False,,,European Statutory Instruments Committee (Temporary SO) Amdt (a),57.0,53.0,,,,,,,0.17,Whipped
482.0,2018-07-16T22:34:00,2018-07-16T22:52:21,214.0,False,,,Taxation (Cross-border Trade) Bill: Third Reading,318.0,285.0,,,,,,,0.93,Whipped
481.0,2018-07-16T20:20:00,2018-07-16T22:51:07,213.0,False,,,Taxation (Cross-border Trade) Bill: Report Stage Amdt 73,303.0,300.0,,,,,,,0.93,Whipped
480.0,2018-07-16T22:00:00,2018-07-16T22:25:07,212.0,False,,,Taxation (Cross-border Trade) Bill: Report Stage Amdt 21,283.0,317.0,,,,,,,0.92,Whipped
479.0,2018-07-16T21:44:00,2018-07-16T22:24:41,211.0,False,,,Taxation (Cross-border Trade) Bill: Report Stage New Clause 36,305.0,302.0,,,,,,,0.93,Whipped
478.0,2018-07-16T21:29:00,2018-07-16T21:47:40,210.0,False,,,Taxation (Cross-border Trade) Bill: Report Stage New Clause 16,36.0,316.0,,,,,,,0.54,Whipped
477.0,2018-07-16T21:16:00,2018-07-16T21:35:11,209.0,False,,,Taxation (Cross-border Trade) Bill: Report Stage New Clause 13,291.0,316.0,,,,,,,0.93,Whipped
476.0,2018-07-16T21:01:00,2018-07-16T21:17:10,208.0,False,,,Taxation (Cross-border Trade) Bill: Report Stage New Clause 11,289.0,316.0,,,,,,,0.93,Whipped
474.0,2018-07-11T16:01:00,2018-07-11T16:23:46,207.0,False,,,Opposition Day: Universal Credit,268.0,305.0,,,,,,,0.88,Whipped
473.0,2018-07-11T00:00:00,2018-07-11T18:07:46,206.0,True,Double Majority,England and Wales,Draft Renewables Obligation (Amendment) Order 2018,301.0,211.0,284.0,201.0,,,,,0.79,Whipped
472.0,2018-07-10T16:59:00,2018-07-10T17:24:50,205.0,False,,,Opposition Motion: The Government's handling of negotiations to leave the EU,13.0,299.0,,,,,,,0.48,Whipped
471.0,2018-07-04T17:12:00,2018-07-04T17:46:48,204.0,False,,,Ivory Bill: New Clause 2,262.0,306.0,,,,,,,0.87,Whipped
470.0,2018-07-04T16:53:00,2018-11-25T16:03:53,203.0,False,,,Ivory Bill:- New Clause 1,256.0,305.0,,,,,,,0.86,Whipped
469.0,2018-07-03T19:56:00,2018-07-03T20:14:54,202.0,False,,,Estimate (Main Estimate 2018-19),175.0,33.0,,,,,,,0.32,Whipped
468.0,2018-07-03T19:45:00,2018-07-03T19:59:40,201.0,False,,,Estimate (Treasury) ,239.0,33.0,,,,,,,0.42,Whipped
467.0,2018-07-03T19:33:00,2018-07-06T11:23:23,200.0,False,,,Estimate (Education),297.0,33.0,,,,,,,0.51,Whipped
466.0,2018-07-03T19:18:00,2018-07-03T20:19:56,199.0,False,,,"Estimates (Health and Social Care and Housing, Communities and Local Government",307.0,33.0,,,,,,,0.52,Whipped
465.0,2018-07-03T19:00:00,2018-07-03T20:17:17,198.0,False,,,Estimates (Ministry of Justice),312.0,32.0,,,,,,,0.53,Whipped
507.0,2018-09-12T00:00:00,2018-09-12T16:58:58,239.0,True,,,EU - Singapore Free Trade Agreement (FTA) and Investment Protection Agreement (IPA),331.0,145.0,,,,,,,0.73,Whipped
506.0,2018-09-11T19:44:00,2018-09-11T20:00:40,238.0,False,,,Counter-Terrorism and Border Security Bill: Third Reading,376.0,10.0,,,,,,,0.59,Whipped
505.0,2018-09-11T19:08:00,2018-09-11T19:33:31,237.0,False,,,Counter-Terrorism and Border Security Bill: Report Stage: New Clause 1,255.0,293.0,,,,,,,0.84,Whipped
504.0,2018-09-11T17:57:00,2018-09-11T18:14:31,236.0,False,,,Counter-Terrorism and Border Security Bill Report Stage: Amendment 13,265.0,296.0,,,,,,,0.86,Whipped
503.0,2018-09-11T17:38:00,2018-09-11T18:02:14,235.0,False,,,Counter-Terrorism and Border Security Bill Report Stage: New Clause 2,292.0,47.0,,,,,,,0.52,Whipped
502.0,2018-09-05T17:09:00,2018-09-05T17:34:39,234.0,False,,,Tenant Fees Bill Report Stage: Amendment 3,241.0,302.0,,,,,,,0.84,Whipped
501.0,2018-09-05T16:49:00,2018-11-19T12:08:43,233.0,False,,,Tenant Fees Bill report stage: Amendment 1,240.0,299.0,,,,,,,0.83,Whipped
519.0,2018-10-24T17:18:00,2018-10-24T21:11:36,251.0,False,,,Northern Ireland (Executive Formation and Exercise of Functions) Bill: Third Reading,344.0,26.0,,,,,,,0.57,Whipped
518.0,2018-10-24T19:03:00,2018-10-24T21:53:52,250.0,False,,,Northern Ireland (Executive Formation and Exercise of Functions) Bill: report stage: New Clause 7,207.0,117.0,,,,,,,0.5,Whipped
517.0,2018-10-24T00:00:00,2018-10-24T19:45:29,249.0,True,,,Draft Electricity and Gas (Energy Company Obligation) Order 2018,305.0,203.0,,,,,,,0.78,Whipped
516.0,2018-10-23T19:00:00,2018-10-23T19:24:52,248.0,False,,,Civil Liability Bill [Lords]: Third Reading,294.0,238.0,,,,,,,0.82,Whipped
515.0,2018-10-23T17:31:00,2018-10-23T18:47:42,247.0,False,,,Civil Liability Bill [Lords]: report stage: amendment 2,243.0,298.0,,,,,,,0.83,Whipped
514.0,2018-10-23T15:15:00,2018-10-23T15:53:00,246.0,False,,,Civil Liability Bill [Lords]: report stage: New Clause 2,243.0,288.0,,,,,,,0.82,Whipped
513.0,2018-10-23T15:00:00,2018-10-23T16:14:16,245.0,False,,,Civil Liability Bill [Lords]: report stage: New Clause 1,240.0,287.0,,,,,,,0.81,Whipped
512.0,2018-10-23T12:59:00,2018-10-23T19:28:51,244.0,False,,,Ten Minute Rule Motion: Abortion,208.0,123.0,,,,,,,0.51,Possible Free Vote - needs verification
511.0,2018-10-17T16:50:00,2018-10-22T18:29:35,243.0,False,,,Opposition motion: Universal Credit,279.0,299.0,,,,,,,0.89,Whipped
510.0,2018-10-16T17:15:00,2018-10-23T15:14:18,242.0,False,,,Overseas Electors Bill: Money Resolution,308.0,260.0,,,,,,,0.87,Whipped
509.0,2018-10-16T16:59:00,2018-10-16T18:05:45,241.0,False,,,Overseas Electors Bill: amendment to Money Resolution,259.0,296.0,,,,,,,0.85,Whipped
508.0,2018-10-10T18:57:00,2018-10-10T19:33:48,240.0,False,,,Agriculture Bill: Second Reading Jeremy Corbyn's Amdt,227.0,286.0,,,,,,,0.79,Whipped
540.0,2018-11-28T18:16:00,2018-11-28T18:34:22,271.0,False,,,Offensive Weapons - Report - NC26,235.0,300.0,,,,,,,0.82,Whipped
539.0,2018-11-28T18:01:00,2018-11-28T18:18:10,270.0,False,,,Offensive Weapons Bill - report NC6,272.0,303.0,,,,,,,0.88,Whipped
538.0,2018-11-28T15:31:00,2018-11-28T16:34:27,269.0,False,,,Offensive Weapons Bill - Report Govt Amdts 26 to 55,309.0,274.0,,,,,,,0.9,Whipped
537.0,2018-11-28T00:00:00,2018-11-28T16:00:03,268.0,True,,,Draft Child Support (Miscellaneous Amendments) Regulations 2018,310.0,230.0,,,,,,,0.83,Whipped
536.0,2018-11-21T00:00:00,2018-11-21T15:17:01,267.0,True,,,draft Immigration (Health Charge) (Amendment) Order 2018,300.0,232.0,,,,,,,0.82,Whipped
535.0,2018-11-21T00:00:00,2018-11-21T15:16:38,266.0,True,,,draft Double Taxation Relief and International Tax Enforcement (Guernsey) Order 2018,302.0,238.0,,,,,,,0.83,Whipped
534.0,2018-11-21T00:00:00,2018-11-21T15:16:15,265.0,True,,,draft Double Taxation Releif and International Tax Enforcement (Isle of Man) Order 2018,302.0,238.0,,,,,,,0.83,Whipped
533.0,2018-11-21T00:00:00,2018-11-21T15:15:55,264.0,True,,,draft Double Taxation Relief and International Tax Enforcement (Jersey) Order 2018,302.0,238.0,,,,,,,0.83,Whipped
532.0,2018-11-19T22:34:00,2018-11-19T22:47:30,263.0,False,,,Finance (No.3) Bill: Amendment 7,41.0,296.0,,,,,,,0.52,Whipped
531.0,2018-11-19T22:20:00,2018-11-19T22:51:58,262.0,False,,,Finance (No.3) Bill: Amendment 22,271.0,295.0,,,,,,,0.87,Whipped
530.0,2018-11-19T20:27:00,2018-11-19T20:42:38,261.0,False,,,Finance (No.3) Bill: New Clause 19,34.0,290.0,,,,,,,0.5,Whipped
529.0,2018-11-19T20:12:00,2018-11-19T20:28:36,260.0,False,,,Finance (No.3) Bill: New Clause 2,287.0,292.0,,,,,,,0.89,Whipped
528.0,2018-11-19T19:57:00,2018-11-19T20:14:00,259.0,False,,,Finance (No.3) Bill: New Clause 1,262.0,293.0,,,,,,,0.85,Whipped
527.0,2018-11-19T19:40:00,2018-11-19T19:56:16,258.0,False,,,Finance (No. 3) Bill: Clause 5 stand part,292.0,10.0,,,,,,,0.46,Whipped
526.0,2018-11-14T00:00:00,2018-11-14T15:42:17,257.0,True,,,Draft electricity and gas (powers to make subordinate legislation) (amendment) (EU Exit) regulations 2018,285.0,223.0,,,,,,,0.78,Whipped
525.0,2018-11-12T22:42:00,2018-11-12T23:08:56,256.0,False,,,Finance No. 3 Bill: second reading,304.0,279.0,,,,,,,0.9,Whipped
524.0,2018-11-12T22:25:00,2018-11-12T23:22:39,255.0,False,,,Finance No. 3 Bill: second reading: Jeremy Corbyn's amendment,279.0,302.0,,,,,,,0.89,Whipped
523.0,2018-11-01T17:29:00,2018-11-01T18:24:16,254.0,False,,,Budget Resolution Motion 79: Minor amendments in consequence of EU withdrawal,312.0,295.0,,,,,,,0.93,Whipped
522.0,2018-11-01T17:15:00,2018-11-01T18:29:16,253.0,False,,,Motion No. 5 Basic rate limit and personal allowance,314.0,31.0,,,,,,,0.53,Whipped
521.0,2018-11-01T16:59:00,2018-11-01T19:03:57,252.0,False,,,Income Tax (Charge) Mr Corbyn's Amendment,246.0,313.0,,,,,,,0.86,Whipped
553.0,2018-12-19T00:00:00,2018-12-19T17:09:29,284.0,True,,,draft Accounts and Reports (Amendment) (EU Exit) Regulations 2018,305.0,216.0,,,,,,,0.8,Whipped
552.0,2018-12-19T00:00:00,2018-12-19T17:08:56,283.0,True,,,draft Markets in Financial Instruments (Amendment) (EU Exit) Regulations 2018,307.0,215.0,,,,,,,0.8,Whipped
551.0,2018-12-18T18:59:00,2018-12-18T19:19:37,282.0,False,,,Mental Capacity (Amendment) Bill: Second Reading: Mr Corbyn's amendment,229.0,304.0,,,,,,,0.82,Whipped
550.0,2018-12-12T16:19:00,2018-12-12T17:17:41,281.0,False,,,Courts and Tribunals (Judiciary and Functions of Staff) Bill Third Reading,302.0,233.0,,,,,,,0.82,Whipped
549.0,2018-12-12T15:30:00,2018-12-12T16:20:22,280.0,False,,,Courts and Tribunals (Judiciary and Functions of Staff) Bill Report Amdt 5,243.0,312.0,,,,,,,0.85,Whipped
548.0,2018-12-12T15:15:00,2018-12-12T16:04:28,279.0,False,,,Courts and Tribunals (Judiciary and Functions of Staff) Bill Report Amdt 2,246.0,308.0,,,,,,,0.85,Whipped
547.0,2018-12-12T13:41:00,2018-12-12T14:16:01,278.0,False,,,International Trade and Development Agency Bill ,42.0,243.0,,,,,,,0.44,Whipped
546.0,2018-12-12T00:00:00,2018-12-12T15:15:16,277.0,True,,,IPSA - Richard Lloyd appointment,513.0,13.0,,,,,,,0.81,Whipped
545.0,2018-12-11T17:04:00,2018-12-11T17:30:29,276.0,False,,,Government's managmenet of the meaningful vote debate,0.0,299.0,,,,,,,0.46,Whipped
544.0,2018-12-11T13:55:00,2018-12-11T14:51:29,275.0,False,,,Cannabis (Legalisation and Regulation) Bill ,52.0,66.0,,,,,,,0.18,Whipped
543.0,2018-12-04T17:28:00,2018-12-05T14:39:30,274.0,False,,,Business of the House (European Union (Withdrawal) Act) Amendment d,321.0,299.0,,,,,,,0.95,Whipped
542.0,2018-12-04T16:41:00,2018-12-04T17:53:18,273.0,False,,,Privilege (Withdrawal Agreement legal advice),311.0,293.0,,,,,,,0.93,Whipped
541.0,2018-12-04T16:23:00,2018-12-05T12:14:06,272.0,False,,,Amendment (a): Privilege (Withdrawal Agreement legal advice),307.0,311.0,,,,,,,0.95,Whipped
589.0,2019-01-30T16:33:00,2019-01-30T17:13:53,320.0,False,,,Draft Maritime Transport Access to Trade and Cabotage (Revocation) (EU Exit) Regulations 2019,289.0,245.0,,,,,,,0.82,Whipped
588.0,2019-01-30T16:04:00,2019-01-30T17:28:02,319.0,False,,,"Crime (Overseas Production Orders) Bill: Report Stage, Amendment 18",276.0,297.0,,,,,,,0.88,Whipped
587.0,2019-01-30T15:45:00,2019-09-03T11:02:39,318.0,False,,,Crime (Overseas Production Orders) Bill: New Clause 1 to be read a second time,310.0,257.0,,,,,,,0.87,Whipped
586.0,2019-01-30T00:00:00,2019-01-30T17:30:18,317.0,True,,,draft Carriage of Dangerous Goods (Amendment) Regulations 2019,310.0,265.0,,,,,,,0.88,Whipped
585.0,2019-01-30T00:00:00,2019-01-30T17:29:52,316.0,True,,,draft Floods and Water (Amendment etc) (EU Exit) Regulations 2019,311.0,267.0,,,,,,,0.89,Whipped
584.0,2019-01-30T00:00:00,2019-09-03T11:02:47,315.0,True,,,"draft Credit Rating Agencies (Amendment, etc) (EU Exit) Regulations 2019",310.0,261.0,,,,,,,0.88,Whipped
583.0,2019-01-30T00:00:00,2019-01-30T17:28:57,314.0,True,,,draft Consumer Protection (Enforcement) (Amendment etc.) (EU Exit) Regulations 2018,310.0,268.0,,,,,,,0.89,Whipped
582.0,2019-01-29T20:26:00,2019-01-29T21:09:03,313.0,False,,,EU (Withdrawal) Act Section 13 Amdt (n) - Brady,317.0,301.0,,,,,,,0.95,Whipped
581.0,2019-01-29T20:11:00,2019-01-29T21:18:08,312.0,False,,,EU (Withdrawal) Act Section 13 Amdt (i) - Spelman,318.0,310.0,,,,,,,0.97,Whipped
580.0,2019-01-29T19:56:00,2019-01-29T21:18:33,311.0,False,,,EU (Withdrawal) Act Section 13 Amdt (j) - Reeves,290.0,322.0,,,,,,,0.94,Whipped
579.0,2019-01-29T19:41:00,2019-01-30T09:02:48,310.0,False,,,EU (Withdrawal) Act Section 13 Amdt (b) - Cooper,298.0,321.0,,,,,,,0.95,Whipped
578.0,2019-01-29T19:27:00,2019-01-29T21:22:57,309.0,False,,,EU (Withdrawal) Act Section 13 Amdt (g) - Grieve,301.0,321.0,,,,,,,0.96,Whipped
577.0,2019-01-29T19:14:00,2019-01-29T20:14:43,308.0,False,,, EU (Withdrawal) Act Section 13 Amdt (o) - Blackford,39.0,327.0,,,,,,,0.56,Whipped
576.0,2019-01-29T19:00:00,2019-01-29T21:23:22,307.0,False,,,EU (Withdrawal) Act Section 13 Amdt (a) - Corbyn,296.0,327.0,,,,,,,0.96,Whipped
575.0,2019-01-28T21:59:00,2019-01-28T22:35:42,306.0,False,,,Immigration and Social Security Co-ordination (EU Withdrawal) Bill: Second Reading,297.0,234.0,,,,,,,0.82,Whipped
574.0,2019-01-23T15:09:00,2019-01-24T10:12:08,305.0,False,,,draft Civil Legal Aid (Amendment) (EU Exit) Regulations 2019,293.0,235.0,,,,,,,0.81,Whipped
573.0,2019-01-23T14:37:00,2019-01-23T16:52:18,304.0,False,Double Majority,England,Lords Amendment 36 to the Tenant Fees Bill ,293.0,220.0,263.0,194.0,,,,,0.79,Whipped
572.0,2019-01-22T17:23:00,2019-01-22T18:19:28,303.0,False,,,Draft Crown Dependencies Customs Union (Jersey) (EU Exit) Order 2018,303.0,266.0,,,,,,,0.88,Whipped
571.0,2019-01-22T17:06:00,2019-01-22T18:26:50,302.0,False,Double Majority,England,Draft Higher Education (Fee Limits for Accelerated Courses) (England) Regulations 2018,301.0,223.0,269.0,194.0,,,,,0.81,Whipped
570.0,2019-01-22T16:53:00,2019-01-22T18:34:35,301.0,False,,,Draft Crown Dependencies (Customs Union) (Jersey) (EU Exit) Order 2018,304.0,262.0,,,,,,,0.87,Whipped
569.0,2019-01-22T16:38:00,2019-01-22T17:49:32,300.0,False,,,Draft Crown Dependencies Customs Union (Isle of Man) (EU Exit) Order 2018,304.0,263.0,,,,,,,0.87,Whipped
568.0,2019-01-22T16:22:00,2019-01-22T18:16:07,299.0,False,,,Draft Crown Dependencies Customs Union (Guernsey) (EU Exit) Order 2018,302.0,263.0,,,,,,,0.87,Whipped
567.0,2019-01-21T19:31:00,2019-01-21T19:52:51,298.0,False,,,Healthcare (International Arrangements) Bill Report Stage Amendment 1,261.0,298.0,,,,,,,0.86,Whipped
566.0,2019-01-21T19:16:00,2019-01-21T19:31:51,297.0,False,,,Healthcare (International Arrangements) Bill Report Stage New Clause 1,260.0,295.0,,,,,,,0.85,Whipped
565.0,2019-01-16T19:00:00,2019-01-16T19:21:43,296.0,False,,,No confidence in Her Majesty's Government,306.0,325.0,,,,,,,0.97,Whipped
564.0,2019-01-16T00:00:00,2019-01-16T17:39:05,295.0,True,,,UK participation in the EU Agency for Criminal Justice Cooperation (Eurojust): Post-adoption opt-in decision ,577.0,20.0,,,,,,,0.92,Whipped
563.0,2019-01-16T00:00:00,2019-01-16T17:37:51,294.0,True,Double Majority,England and Wales,draft Energy Efficiency (Private Rented Property) (England and Wales) (Amendment) Regulations 2018,330.0,240.0,302.0,233.0,,,,,0.88,Whipped
562.0,2019-01-15T19:23:00,2019-01-15T19:44:23,293.0,False,,,European Union (Withdrawal) Act main Motion (Prime Minister),202.0,432.0,,,,,,,0.98,Whipped
561.0,2019-01-15T19:01:00,2019-01-15T19:26:11,292.0,False,,,European Union (Withdrawal) Act Amdt (f) - Baron,24.0,600.0,,,,,,,0.96,Whipped
560.0,2019-01-09T14:07:00,2019-01-09T17:14:47,291.0,False,,,Grieve amendment to Business of the House (Section 13(1)(b) of the European Union (Withdrawal) Act 2018) (No. 2),308.0,297.0,,,,,,,0.93,Whipped
559.0,2019-01-08T20:08:00,2019-01-08T22:04:38,290.0,False,,,Finance (No.3) Bill report stage: New Clause 18 ,288.0,311.0,,,,,,,0.92,Whipped
558.0,2019-01-08T19:53:00,2019-01-08T20:33:53,289.0,False,,,Finance (No.3) Bill report stage: New Clause 2,289.0,312.0,,,,,,,0.92,Whipped
557.0,2019-01-08T18:57:00,2019-01-08T19:14:28,288.0,False,,,Finance (No.3) Bill report stage: Amendment 8,292.0,303.0,,,,,,,0.92,Whipped
556.0,2019-01-08T18:40:00,2019-01-08T19:00:23,287.0,False,,,Finance (No.3) Bill report stage: Amendment 7,303.0,296.0,,,,,,,0.92,Whipped
555.0,2019-01-08T18:23:00,2019-01-08T19:17:49,286.0,False,,,Finance (No.3) Bill report stage: New Clause 3,292.0,314.0,,,,,,,0.93,Whipped
554.0,2019-01-08T16:52:00,2019-01-08T17:16:30,285.0,False,,,Finance (No.3) Bill report stage: New Clause 1,294.0,312.0,,,,,,,0.93,Whipped
616.0,2019-02-27T19:29:00,2019-02-27T19:55:36,347.0,False,,,UK's withdrawal from the EU: Yvette Cooper's amendment (f),502.0,20.0,,,,,,,0.8,Whipped
615.0,2019-02-27T19:15:00,2019-02-27T19:35:26,346.0,False,,,UK's withdrawal from the EU: Mr Blackford's amendment (k),288.0,324.0,,,,,,,0.94,Whipped
614.0,2019-02-27T18:59:00,2019-02-27T19:16:38,345.0,False,,,UK's withdrawal from the EU: Mr Corbyn's amendment (a),240.0,323.0,,,,,,,0.87,Whipped
613.0,2019-02-27T00:00:00,2019-02-27T16:07:08,344.0,True,,,draft Financial Services Contracts (Transitional and Saving Provision) (EU Exit) Regulations 2019,318.0,281.0,,,,,,,0.92,Whipped
612.0,2019-02-27T00:00:00,2019-02-27T16:04:47,343.0,True,,,draft Employment Rights (Amendment) (Northern Ireland) (EU Exit) (No. 2) Regulations 2018,317.0,260.0,,,,,,,0.89,Whipped
611.0,2019-02-27T00:00:00,2019-02-27T16:04:29,342.0,True,,,draft Employment Rights (Amendment) (EU Exit) (No. 2) Regulations 2018,317.0,288.0,,,,,,,0.93,Whipped
610.0,2019-02-27T00:00:00,2019-02-27T16:04:12,341.0,True,,,draft Employment Rights (Amendment) (EU Exit) Regulations 2019,318.0,288.0,,,,,,,0.93,Whipped
609.0,2019-02-27T00:00:00,2019-02-27T16:03:54,340.0,True,,,draft Employment Rights (Amendment) (Northern Ireland) (EU Exit) Regulations 2019,317.0,260.0,,,,,,,0.89,Whipped
608.0,2019-02-27T00:00:00,2019-02-27T16:03:37,339.0,True,,,draft Official Listing of Securities Prospectus and Transparency (Amendment etc.) (EU Exit) Regulations 2019,317.0,280.0,,,,,,,0.92,Whipped
607.0,2019-02-26T19:00:00,2019-02-26T19:24:04,338.0,False,,,Estimates: Department for Work and Pensions,294.0,52.0,,,,,,,0.53,Whipped
606.0,2019-02-25T19:50:00,2019-02-25T21:18:10,337.0,False,,,draft REACH etc. (Amendment etc.) (EU Exit) Regulations 2019,297.0,240.0,,,,,,,0.83,Whipped
605.0,2019-02-18T20:27:00,2019-02-18T20:39:57,336.0,False,,,The draft Cross-Border Mediation (EU Directive) (EU Exit) Regulations 2019,198.0,137.0,,,,,,,0.52,Whipped
604.0,2019-02-18T19:53:00,2019-02-18T20:17:51,335.0,False,,,The draft Money Market Funds (Amendment) (EU Exit) Regulations 2019,203.0,150.0,,,,,,,0.54,Whipped
603.0,2019-02-18T19:39:00,2019-02-18T20:12:26,334.0,False,,,"The draft Public Record, Disclosure of Information and Co-operation (Financial Services) (Amendment) (EU Exit) Regulations 2019",201.0,150.0,,,,,,,0.54,Whipped
602.0,2019-02-14T17:29:00,2019-02-14T18:23:36,333.0,False,,,UK's withdrawal from the EU: main motion,258.0,303.0,,,,,,,0.86,Whipped
601.0,2019-02-14T17:15:00,2019-02-14T18:09:35,332.0,False,,,UK's withdrawal from the EU: Mr Blackford's amendment,93.0,315.0,,,,,,,0.63,Whipped
600.0,2019-02-14T17:00:00,2019-02-14T18:04:44,331.0,False,,,UK's withdrawal from the EU: Mr Corbyn's amendment (a),306.0,322.0,,,,,,,0.97,Whipped
599.0,2019-02-13T16:14:00,2019-02-13T16:57:20,330.0,False,,,Securitisation Regulations 2018 - motion to revoke,263.0,306.0,,,,,,,0.88,Whipped
598.0,2019-02-13T00:00:00,2019-02-13T15:31:23,329.0,True,,,draft Intellectural Property (Copyright and Related Rights) (Amendment) (EU Exit) Regulations 2018,308.0,267.0,,,,,,,0.88,Whipped
597.0,2019-02-12T19:00:00,2019-02-12T19:13:38,328.0,False,,,Mental Capacity (Amendment) Bill [Lords] Third Reading,299.0,241.0,,,,,,,0.83,Whipped
596.0,2019-02-12T18:30:00,2019-02-12T19:00:59,327.0,False,,,Mental Capacity (Amendment) Bill [Lords] Report Amdt 51,249.0,300.0,,,,,,,0.84,Whipped
595.0,2019-02-12T18:16:00,2019-02-12T18:32:06,326.0,False,,,Mental Capacity (Amendment) Bill [Lords] Report Amdt 50,249.0,301.0,,,,,,,0.85,Whipped
594.0,2019-02-12T17:59:00,2019-02-12T18:24:12,325.0,False,,,Mental Capacity (Amendment) Bill [Lords] Report Amdt 49,252.0,303.0,,,,,,,0.85,Whipped
593.0,2019-02-11T19:19:00,2019-02-11T19:43:35,324.0,False,,,Financial Services (Implementation of Legislation) Bill [Lords]: Second Reading ,293.0,248.0,,,,,,,0.83,Whipped
592.0,2019-02-06T00:00:00,2019-02-06T14:48:16,323.0,True,,,draft Long-term Investment Funds (Amendment) (EU Exit) Regulations 2019,302.0,262.0,,,,,,,0.87,Whipped
591.0,2019-02-05T19:54:00,2019-02-05T20:33:06,322.0,False,Double Majority,England,Local Government Finance Report (England) 2019-20,298.0,240.0,270.0,208.0,,,,,0.83,Whipped
590.0,2019-02-05T16:40:00,2019-02-05T18:10:57,321.0,False,Double Majority,England and Wales,Police Grant Report (England and Wales) for 2019/20,310.0,254.0,289.0,242.0,,,,,0.87,Whipped
664.0,2019-03-29T14:26:00,2019-03-29T14:48:03,395.0,False,,,United Kingdom's withdrawal from the European Union,286.0,344.0,,,,,,,0.97,Whipped
663.0,2019-03-27T20:59:00,2019-04-02T14:54:45,394.0,False,,,Draft European Union (Withdrawal) Act 2018 (Exit Day) (Amendment) Regulations 2019,441.0,105.0,,,,,,,0.84,Whipped
662.0,2019-03-27T00:00:00,2019-04-02T14:53:43,393.0,True,,,Mr Fysh's motion O (Contingent preferential arrangements),139.0,422.0,,,,,,,0.86,Whipped
661.0,2019-03-27T00:00:00,2019-04-02T14:53:04,392.0,True,,,Margaret Beckett's motion M (Confirmatory public vote),268.0,295.0,,,,,,,0.87,Whipped
660.0,2019-03-27T00:00:00,2019-04-02T14:51:03,391.0,True,,,Joanna Cherry's motion L (Revocation to avoid no deal),184.0,293.0,,,,,,,0.73,Whipped
659.0,2019-03-27T00:00:00,2019-04-02T14:50:12,390.0,True,,,Jeremy Corbyn's motion K (Labour's alternative plan),237.0,307.0,,,,,,,0.84,Whipped
658.0,2019-03-27T00:00:00,2019-04-02T14:49:29,389.0,True,,,Mr Clarke's motion J (Customs union),265.0,271.0,,,,,,,0.82,Whipped
657.0,2019-03-27T00:00:00,2019-04-02T14:48:44,388.0,True,,,George Eustice's motion H (EFTA and EEA),64.0,377.0,,,,,,,0.68,Whipped
656.0,2019-03-27T00:00:00,2019-04-02T14:47:59,387.0,True,,,Nick Boles's motion D (Common market 2.0),189.0,283.0,,,,,,,0.73,Whipped
655.0,2019-03-27T00:00:00,2019-04-02T14:33:02,386.0,True,,,Mr Baron's motion B (No deal),160.0,400.0,,,,,,,0.86,Whipped
654.0,2019-03-27T15:00:00,2019-04-02T14:31:53,385.0,False,,,Business of the House motion,331.0,287.0,,,,,,,0.95,Whipped
653.0,2019-03-27T00:00:00,2019-03-27T22:40:51,384.0,True,,,Draft Rural Development (Rules and Decisions) (Amendment) (EU Exit) Regulations 2019,316.0,240.0,,,,,,,0.86,Whipped
652.0,2019-03-27T00:00:00,2019-03-27T22:40:26,383.0,True,,,Draft Rural Development (Amendment) (EU Exit) Regulations 2019,316.0,239.0,,,,,,,0.85,Whipped
651.0,2019-03-27T00:00:00,2019-03-27T22:40:02,382.0,True,,,Draft Animal Welfare (Amendment) (EU Exit) Regulations 2019,322.0,15.0,,,,,,,0.52,Whipped
650.0,2019-03-27T00:00:00,2019-03-27T22:38:58,381.0,True,Double Majority,England,"Draft Relationships Education, Relationships and Sex Education and Health Education (England) Regulations 2019",538.0,21.0,482.0,14.0,,,,,0.86,Whipped
649.0,2019-03-26T18:49:00,2019-03-26T19:09:30,380.0,False,,,Draft Customs Safety and Security Procedures (EU Exit) Regulations 2019,302.0,283.0,,,,,,,0.9,Whipped
648.0,2019-03-26T18:36:00,2019-03-26T19:13:21,379.0,False,,,Draft Common Fisheries Policy and Aquaculture (Amendment etc.) (EU Exit) Regulations 2019,304.0,275.0,,,,,,,0.89,Whipped
647.0,2019-03-26T18:20:00,2019-03-26T18:38:14,378.0,False,,,Section 5 of the European Communities (Amendment) Act 1993,309.0,292.0,,,,,,,0.92,Whipped
646.0,2019-03-26T18:02:00,2019-03-26T18:24:42,377.0,False,,,Section 5 of the European Communities (Amendment) Act 1993: Alison Thewliss's amendment,288.0,309.0,,,,,,,0.92,Whipped
645.0,2019-03-26T16:35:00,2019-03-26T17:23:40,376.0,False,Double Majority,England and Wales,Offensive Weapons Bill: Louise Haigh's amendment (a) to Lords Amendment 23,249.0,308.0,237.0,286.0,,,,,0.86,Whipped
644.0,2019-03-25T22:33:00,2019-03-25T22:55:18,375.0,False,,,European Union Withdrawal Act main Motion as amended,327.0,300.0,,,,,,,0.96,Whipped
643.0,2019-03-25T22:14:00,2019-03-26T15:16:40,374.0,False,,,European Union Withdrawal Act Amendment (f) - Beckett,311.0,314.0,,,,,,,0.96,Whipped
642.0,2019-03-25T21:57:00,2019-03-25T22:22:46,373.0,False,,,European Union Withdrawal Act Amendment (a) - Letwin,329.0,302.0,,,,,,,0.97,Whipped
641.0,2019-03-22T09:34:00,2019-03-22T09:55:27,372.0,False,,,Motion to sit in private,0.0,84.0,,,,,,,0.13,Whipped
640.0,2019-03-20T18:19:00,2019-03-20T18:39:47,371.0,False,Double Majority,England,Draft Non-Domestic Rating (Rates Retention and Levy and Safety Net) (Amendment) and (Levy Account: Basis of Distribution) Regulations 2019,297.0,196.0,268.0,168.0,,,,,0.76,Whipped
639.0,2019-03-20T00:00:00,2019-03-20T18:21:12,370.0,True,,,draft Organic Production and Control (Amendment) (EU Exit) Regulations 2019,315.0,38.0,,,,,,,0.54,Whipped
638.0,2019-03-20T00:00:00,2019-03-20T18:23:18,369.0,True,,,draft Organic Production (Control of Imports) (Amendment) (EU Exit) Regulations 2019,315.0,39.0,,,,,,,0.54,Whipped
637.0,2019-03-20T00:00:00,2019-03-21T10:21:30,368.0,True,,,"Humble address to annul Amendments Relating to the Provision of Integrated Care Regulations 2019 (S.I., 2019, No. 248)",216.0,317.0,,,,,,,0.82,Whipped
636.0,2019-03-20T00:00:00,2019-03-20T18:21:49,367.0,True,,,draft Product Safety and Metrology etc. (Amendment etc.) (EU Exit) Regulations 2019,313.0,267.0,,,,,,,0.89,Whipped
635.0,2019-03-19T17:33:00,2019-03-19T18:01:48,366.0,False,,,Foreign Affairs Committee: membership change,199.0,134.0,,,,,,,0.51,Whipped
634.0,2019-03-18T20:50:00,2019-03-19T10:17:56,365.0,False,,,Human Medicines (Amendment) Regulations (S.I. 2019 No. 62),240.0,292.0,,,,,,,0.82,Whipped
633.0,2019-03-14T18:08:00,2019-03-15T13:40:39,364.0,False,,,UK's withdrawal from the EU: Prime Minister's motion,412.0,202.0,,,,,,,0.94,Whipped
632.0,2019-03-14T17:52:00,2019-03-14T18:09:56,363.0,False,,,UK's withdrawal from the EU: Mr Corbyn's amendment (e),302.0,318.0,,,,,,,0.95,Whipped
631.0,2019-03-14T17:32:00,2019-03-14T17:57:56,362.0,False,,,UK's withdrawal from the European Union: Hilary Benn's amendment (i),312.0,314.0,,,,,,,0.96,Whipped
630.0,2019-03-14T17:16:00,2019-03-14T17:40:57,361.0,False,,,UK's withdrawal from the European Union: Lucy Powell's amendment to Hilary Benn's amendment (i),311.0,314.0,,,,,,,0.96,Whipped
629.0,2019-03-14T17:00:00,2019-03-14T17:21:30,360.0,False,,,UK's withdrawal from the European Union: Sarah Wollaston's amendment (h),85.0,334.0,,,,,,,0.64,Whipped
628.0,2019-03-13T19:33:00,2019-03-13T20:07:13,359.0,False,,,"Main motion, as amended by amendment (a), on UK's withdrawal from the European Union",321.0,278.0,,,,,,,0.92,Whipped
627.0,2019-03-13T19:17:00,2019-03-13T20:06:55,358.0,False,,,Amendment (f) to the motion on the UK's withdrawal from the European Union,164.0,374.0,,,,,,,0.83,Whipped
626.0,2019-03-13T19:00:00,2019-03-14T09:59:12,357.0,False,,,Amendment (a) to the motion on the UK's withdrawal from the European Union,312.0,308.0,,,,,,,0.95,Whipped
625.0,2019-03-13T00:00:00,2019-03-13T20:09:24,356.0,True,,,draft Immigration (European Economic Area Nationals) (EU Exit) Order 2019,314.0,276.0,,,,,,,0.91,Whipped
624.0,2019-03-13T00:00:00,2019-03-13T20:10:16,355.0,True,,,draft Waste (Miscellaneous Amendments) (EU Exit) Regulations 2019,315.0,235.0,,,,,,,0.85,Whipped
623.0,2019-03-12T19:00:00,2019-03-12T19:30:53,354.0,False,,,Section 13(1)(b) of the European Union (Withdrawal) Act main motion,242.0,391.0,,,,,,,0.97,Whipped
622.0,2019-03-06T00:00:00,2019-03-07T15:57:18,353.0,True,,,Draft Motor Vehicles (Compulsory Insurance) (Amendment etc.) (EU Exit) Regulations 2019,300.0,251.0,,,,,,,0.85,Whipped
621.0,2019-03-06T00:00:00,2019-03-07T15:56:59,352.0,True,,,Draft Mobile Roaming (EU Exit) Regulations 2019,300.0,257.0,,,,,,,0.86,Whipped
620.0,2019-03-06T00:00:00,2019-03-07T15:56:37,351.0,True,,,Draft Nutrition (Amendment etc.) (EU Exit) Regulations 2019,302.0,44.0,,,,,,,0.53,Whipped
619.0,2019-03-06T00:00:00,2019-03-07T15:56:13,350.0,True,,,Draft Gas (Security of Supply and Network Codes) (Amendment) (EU Exit) Regulations 2019,299.0,44.0,,,,,,,0.53,Whipped
618.0,2019-03-06T00:00:00,2019-03-07T15:55:48,349.0,True,,,Draft Electricity and Gas (Market Integrity and Transparency) (Amendment) (EU Exit) Regulations 2019,301.0,44.0,,,,,,,0.53,Whipped
617.0,2019-03-06T00:00:00,2019-03-06T16:48:16,348.0,True,,,Draft Transparency of Securities Financing Transactions and of Reuse (Amendment) (EU Exit) Regulations 2019,303.0,250.0,,,,,,,0.85,Whipped
683.0,2019-04-10T18:59:00,2019-04-10T19:17:31,414.0,False,,,Motion on 50th anniversary of the continuous at sea deterrent,241.0,33.0,,,,,,,0.42,Whipped
682.0,2019-04-09T17:12:00,2019-04-09T17:34:39,413.0,False,,,Motion under section 1 of the European Union (Withdrawal) Act 2019,420.0,110.0,,,,,,,0.82,Whipped
681.0,2019-04-08T22:35:00,2019-04-08T23:19:41,412.0,False,,,Motion to agree to Lords Amendment 5 to the EU (Withdrawal) (No. 5) Bill,390.0,81.0,,,,,,,0.72,Whipped
680.0,2019-04-08T22:18:00,2019-04-08T23:19:03,411.0,False,,,Amendment (a) to Lords Amendment 5 to the EU (Withdrawal) (No. 5) Bill,85.0,392.0,,,,,,,0.73,Whipped
679.0,2019-04-08T22:01:00,2019-04-08T23:17:53,410.0,False,,,Motion to agree to Lords Amendments 2 and 3 to the EU (Withdrawal) (No. 5) Bill,396.0,83.0,,,,,,,0.74,Whipped
678.0,2019-04-03T23:09:00,2019-04-03T23:31:26,409.0,False,,,European Union (Withdrawal) (No.5) Bill Third Reading,313.0,312.0,,,,,,,0.96,Whipped
677.0,2019-04-03T10:46:00,2019-04-03T23:31:57,408.0,False,,,European Union (Withdrawal) (No.5) Bill Committee NC4 - Cash,105.0,509.0,,,,,,,0.94,Whipped
676.0,2019-04-03T22:26:00,2019-04-03T23:11:23,407.0,False,,,European Union (Withdrawal) (No.5) Bill Committee Amdt 1 - Main,123.0,488.0,,,,,,,0.94,Whipped
675.0,2019-04-03T22:10:00,2019-04-03T22:39:21,406.0,False,,,European Union (Withdrawal) (No.5) Bill Committee Gov Amdt 22,220.0,400.0,,,,,,,0.95,Whipped
674.0,2019-04-03T21:54:00,2019-04-03T22:51:15,405.0,False,,,European Union (Withdrawal) (No.5) Bill Committee Amdt 21 - Eustice,304.0,313.0,,,,,,,0.95,Whipped
673.0,2019-04-03T19:00:00,2019-04-08T23:20:52,404.0,False,,,Second Reading of European Union (Withdrawal) (No. 5) Bill,315.0,310.0,,,,,,,0.96,Whipped
672.0,2019-04-03T17:37:00,2019-04-08T23:21:28,403.0,False,,,Business of the House motion ,312.0,311.0,,,,,,,0.96,Whipped
671.0,2019-04-03T17:00:00,2019-04-08T23:22:00,402.0,False,,,Amendment (a) to the Business of the House motion,310.0,310.0,,,,,,,0.95,Whipped
670.0,2019-04-02T16:26:00,2019-04-02T18:21:37,401.0,False,,,draft Geo-Blocking Regulation (Revocation) (EU Exit) Regulations 2019,277.0,41.0,,,,,,,0.49,Whipped
669.0,2019-04-01T00:00:00,2019-04-02T14:58:37,400.0,True,,,Joanna Cherry's motion G (Parliamentary Supremacy),191.0,292.0,,,,,,,0.74,Whipped
668.0,2019-04-01T00:00:00,2019-04-02T14:57:49,399.0,True,,,Peter Kyle's motion E (Confirmatory public vote),280.0,292.0,,,,,,,0.88,Whipped
667.0,2019-04-01T00:00:00,2019-04-02T14:57:08,398.0,True,,,Nick Boles's motion D (Common Market 2.0),261.0,282.0,,,,,,,0.84,Whipped
666.0,2019-04-01T00:00:00,2019-04-02T14:55:56,397.0,True,,,Mr Clarke's motion C (Customs Union),273.0,276.0,,,,,,,0.84,Whipped
665.0,2019-04-01T16:36:00,2019-04-01T17:00:13,396.0,False,,,Business of the House motion,322.0,277.0,,,,,,,0.92,Whipped
685.0,2019-05-15T00:00:00,2019-05-15T15:57:20,416.0,True,,,"Russia (Sanctions) (EU Exit) Regulations 2019 (S.I. 2019, No. 855) ",294.0,184.0,,,,,,,0.74,Whipped
684.0,2019-05-14T18:56:00,2019-05-14T19:16:53,415.0,False,,,Health - Opposition day motion ,230.0,286.0,,,,,,,0.79,Whipped
693.0,2019-06-25T14:48:00,2019-06-25T16:07:30,424.0,False,,,Value Added Tax (Reduced Rate) (Energy-Saving Materials) Order 2019 (SI 2019 No. 958),247.0,209.0,,,,,,,0.7,Whipped
692.0,2019-06-24T19:13:00,2019-06-25T14:01:32,423.0,False,,,Adjournment (Summer),223.0,25.0,,,,,,,0.38,Whipped
691.0,2019-06-19T16:25:00,2019-06-19T16:47:05,422.0,False,,,Parliamentary Buildings (Restoration and Renewal) Bill: Report Stage: Amendment 4,203.0,117.0,,,,,,,0.49,Whipped
690.0,2019-06-19T16:11:00,2019-06-19T16:43:21,421.0,False,,,Parliamentary Buildings (Restoration and Renewal) Bill: Report Stage: Amendment 1,211.0,132.0,,,,,,,0.53,Whipped
689.0,2019-06-12T16:27:00,2019-06-14T13:19:29,420.0,False,,,Business of the House (United Kingdom's withdrawal from the European Union),298.0,309.0,,,,,,,0.93,Whipped
688.0,2019-06-10T19:37:00,2019-06-10T19:52:49,419.0,False,,,National Insurance Contributions (Termination Awards etc.) Bill: Third Reading,270.0,207.0,,,,,,,0.73,Whipped
687.0,2019-06-10T19:19:00,2019-06-10T19:34:30,418.0,False,,,National Insurance Contributions (Termination Awards etc.) Bill: Report Stage New Clause 5,214.0,273.0,,,,,,,0.75,Whipped
686.0,2019-06-05T15:07:00,2019-06-14T13:26:06,417.0,False,Double Majority,England and Wales,draft Rehabilitation of Offenders Act 1974 (Exceptions) Order 1975 (Amendment) (England and Wales) Order 2019,266.0,192.0,250.0,185.0,,,,,0.7,Whipped
710.0,2019-07-18T13:56:00,2019-07-18T14:25:52,438.0,False,,,That this House agrees with Lords Amendments 2 to 18 to the Northern Ireland (Executive Formation) Bill ,328.0,65.0,,,,,,,0.6,Whipped
709.0,2019-07-18T13:40:00,2019-07-18T15:27:49,437.0,False,,,"That this House disagrees with Lords Amendment 1, as amended, to the Northern Ireland (Executive Formation) Bill ",273.0,315.0,,,,,,,0.9,Whipped
708.0,2019-07-18T13:22:00,2019-07-18T13:48:04,436.0,False,,,Amendment (a) to Lords Amendment 1 to the Northern Ireland (Executive Formation) Bill,315.0,274.0,,,,,,,0.91,Whipped
707.0,2019-07-15T20:29:00,2019-07-15T20:44:06,435.0,False,,,High Speed Rail (West Midlands - Crewe) Bill: Third Reading,263.0,17.0,,,,,,,0.43,Whipped
706.0,2019-07-15T19:49:00,2019-07-15T20:15:27,434.0,False,,,High Speed Rail (West Midlands - Crewe) Bill: Report Stage New Clause 5,217.0,246.0,,,,,,,0.71,Whipped
705.0,2019-07-15T19:36:00,2019-07-15T20:07:53,433.0,False,,,High Speed Rail (West Midlands - Crewe) Bill: Report Stage New Clause 4,213.0,253.0,,,,,,,0.72,Whipped
704.0,2019-07-09T19:54:00,2019-07-09T20:32:18,432.0,False,,,Northern Ireland (Executive Formation) Bill: Committee of the whole House Amdt 17 (Grieve) ,289.0,293.0,,,,,,,0.9,Whipped
703.0,2019-07-09T19:39:00,2019-07-09T20:30:43,431.0,False,,,Northern Ireland (Executive Formation) Bill: Committee of the whole House Amdt 16 (Grieve) ,289.0,292.0,,,,,,,0.89,Whipped
702.0,2019-07-09T19:14:00,2019-07-11T16:55:02,430.0,False,,,Northern Ireland (Executive Formation) Bill: Committee of the whole House Amdt 15 (Grieve) ,294.0,293.0,,,,,,,0.9,Whipped
701.0,2019-07-09T18:58:00,2019-07-09T20:23:11,429.0,False,,,Northern Ireland (Executive Formation) Bill: Committee of the whole House Amdt 6 (J Lewis) ,308.0,228.0,,,,,,,0.82,Whipped
700.0,2019-07-09T17:16:00,2019-07-09T17:37:59,428.0,False,,,Northern Ireland (Executive Formation) Bill: Committee of the whole House New Clause 10 (Creasy) ,332.0,99.0,,,,,,,0.66,Whipped
699.0,2019-07-09T16:57:00,2019-07-09T17:19:53,427.0,False,,,Northern Ireland (Executive Formation) Bill: Committee of the whole House New Clause 1 (McGinn) ,383.0,73.0,,,,,,,0.7,Whipped
695.0,2019-07-02T19:16:00,2019-07-02T19:40:07,426.0,False,,,Main Estimates 2019-20: roll-up motion ,275.0,43.0,,,,,,,0.49,Whipped
694.0,2019-07-02T19:01:00,2019-07-02T19:38:09,425.0,False,,,Department for Work and Pensions: Main Estimate 2019-20,276.0,45.0,,,,,,,0.49,Whipped
718.0,2019-09-26T13:49:00,2019-09-26T14:19:05,446.0,False,,,Motion on Conference Adjournment,289.0,306.0,,,,,,,0.92,Whipped
717.0,2019-09-09T00:18:00,2019-10-07T17:02:32,445.0,False,,,That there shall be an early parliamentary general election (No. 2 motion),293.0,46.0,,,,,,,0.52,Whipped
716.0,2019-09-09T19:13:00,2019-09-09T19:40:36,444.0,False,,,Standing Order No. 24 motion: Prorogation and disclosure of communication ,311.0,302.0,,,,,,,0.94,Whipped
715.0,2019-09-04T21:21:00,2019-09-04T21:41:39,443.0,False,,,That there shall be an early parliamentary general election ,298.0,56.0,,,,,,,0.54,Whipped
714.0,2019-09-04T19:30:00,2019-09-04T19:59:30,442.0,False,,,European Union (Withdrawal) (No. 6) Bill: Third Reading,327.0,299.0,,,,,,,0.96,Whipped
713.0,2019-09-04T19:00:00,2019-09-04T19:56:15,441.0,False,,,Amendment 19 to the European Union (Withdrawal) (No. 6) Bill,65.0,495.0,,,,,,,0.86,Whipped
712.0,2019-09-04T17:00:00,2019-09-04T17:29:43,440.0,False,,,European Union (Withdrawal) (No. 6) Bill: Second Reading ,329.0,300.0,,,,,,,0.97,Whipped
711.0,2019-09-03T21:49:00,2019-09-03T22:18:15,439.0,False,,,European Union (Withdrawal): Sir Oliver Letwin's motion submitted under Standing Order No. 24,328.0,301.0,,,,,,,0.97,Whipped
735.0,2019-10-31T16:37:00,2019-10-31T16:55:47,17.0,False,,,Motion to approve the draft Representation of the People (Annual Canvass) (Amendment) Regulations 2019,206.0,33.0,,,,,,,0.37,Whipped
734.0,2019-10-29T20:05:00,2019-10-29T20:34:52,16.0,False,,,Early Parliamentary General Election Bill: Third Reading,438.0,20.0,,,,,,,0.7,Whipped
733.0,2019-10-29T19:45:00,2019-10-29T20:30:46,15.0,False,,,Early Parliamentary General Election Bill: Committee: Clause 1 Amdt 2,295.0,315.0,,,,,,,0.94,Whipped
732.0,2019-10-29T14:03:00,2019-10-29T20:45:45,14.0,False,,,Early Parliamentary General Election Bill (Business of the House): Stella Creasy's Amdt,312.0,295.0,,,,,,,0.93,Whipped
731.0,2019-10-28T18:44:00,2019-10-28T19:04:13,13.0,False,,,That there shall be an early parliamentary general election ,299.0,70.0,,,,,,,0.57,Whipped
730.0,2019-10-24T17:30:00,2019-10-25T10:36:13,12.0,False,,,The Queen's Speech: motion for an humble Address ,310.0,294.0,,,,,,,0.93,Whipped
729.0,2019-10-24T17:15:00,2019-10-24T17:40:56,11.0,False,,,The Queen's Speech: the economy - Ian Blackford's amendment (h),64.0,310.0,,,,,,,0.58,Whipped
728.0,2019-10-24T16:59:00,2019-10-24T18:08:59,10.0,False,,,The Queen's Speech: the economy - Jeremy Corbyn's amendment (g),293.0,311.0,,,,,,,0.93,Whipped
727.0,2019-10-23T18:59:00,2019-10-23T19:21:56,9.0,False,,,The Queen's Speech: the NHS - Jeremy Corbyn's Amdt (f),282.0,310.0,,,,,,,0.91,Whipped
726.0,2019-10-23T00:00:00,2019-10-23T15:32:07,8.0,True,,,Exiting the European Union (Financial Services) (Miscellaneous) (Amendment) (EU Exit) (No. 3) Regulations 2019,315.0,284.0,,,,,,,0.92,Whipped
725.0,2019-10-23T00:00:00,2019-10-23T15:31:42,7.0,True,,,"Draft Statutory Auditors, Third Country Auditors and International Accounting Standards (Amendment) (EU Exit) Regulations 2019",315.0,287.0,,,,,,,0.93,Whipped
724.0,2019-10-23T00:00:00,2019-10-23T15:31:25,6.0,True,,,Draft Freedom of Establishment and Free Movement of Services (EU Exit) Regulations 2019,315.0,286.0,,,,,,,0.92,Whipped
723.0,2019-10-22T19:15:00,2019-10-22T19:47:51,5.0,False,,,Programme: European Union (Withdrawal Agreement) Bill,308.0,322.0,,,,,,,0.97,Whipped
722.0,2019-10-22T18:59:00,2019-10-22T19:41:33,4.0,False,,,Second Reading: European Union (Withdrawal Agreement) Bill,329.0,299.0,,,,,,,0.97,Whipped
721.0,2019-10-19T14:30:00,2019-10-19T15:00:49,3.0,False,,,Mr Letwin's Amendment (a) to the Government's motion on section 1(1)(a) of the European Union (Withdrawal) (No.2) Act 2019 and section 13(1)(b) of the European Union (Withdrawal) Act 2018,322.0,306.0,,,,,,,0.97,Whipped
720.0,2019-10-17T13:23:00,2019-10-17T13:54:18,2.0,False,,,Business of the House (Saturday 19 October) Amendment (a),287.0,275.0,,,,,,,0.86,Whipped
719.0,2019-10-15T14:26:00,2019-10-15T14:48:47,1.0,False,,,Exiting the European Union (Air Quality),280.0,204.0,,,,,,,0.74,Whipped
737.0,2019-12-20T14:32:00,2019-12-20T14:56:56,2.0,False,,,European Union (Withdrawal Agreement) Bill: Programme Motion,353.0,243.0,,,,,,,0.92,Whipped
736.0,2019-12-20T14:14:00,2019-12-20T14:54:41,1.0,False,,,European Union (Withdrawal Agreement) Bill: Second Reading,358.0,234.0,,,,,,,0.91,Whipped
761.0,2020-01-29T18:59:00,2020-01-29T19:25:33,26.0,False,,,Opposition Day debate on homelessness: Mr Corbyn's motion,215.0,311.0,,,,,,,0.81,Whipped
760.0,2020-01-29T16:00:00,2020-01-29T16:22:18,25.0,False,,,Opposition Day debate on policing and crime: Mr Corbyn's motion,224.0,330.0,,,,,,,0.85,Whipped
759.0,2020-01-22T15:15:00,2020-01-23T11:28:08,24.0,False,,,European Union (Withdrawal Agreement) Bill: Government motion to disagree to Lords Amendment 5,349.0,246.0,,,,,,,0.92,Whipped
758.0,2020-01-22T14:59:00,2020-01-22T15:20:47,23.0,False,,,European Union (Withdrawal Agreement) Bill: Government motion to disagree to Lords Amendment 4,342.0,254.0,,,,,,,0.92,Whipped
757.0,2020-01-22T14:43:00,2020-01-22T15:29:28,22.0,False,,,European Union (Withdrawal Agreement)Bill: Government motion to disagree with Lords Amendment 3,350.0,247.0,,,,,,,0.92,Whipped
756.0,2020-01-22T14:27:00,2020-01-22T14:55:26,21.0,False,,,European Union (Withdrawal Agreement) Bill: Government motion to disagree with Lords Amendment 2,348.0,246.0,,,,,,,0.91,Whipped
755.0,2020-01-22T14:05:00,2020-01-22T14:48:06,20.0,False,,,European Union (Withdrawal Agreement) Bill: Government motion to disagree with Lords Amendment 1,338.0,252.0,,,,,,,0.91,Whipped
754.0,2020-01-20T22:40:00,2020-01-20T23:02:53,19.0,False,,,The Queen's Speech,334.0,247.0,,,,,,,0.89,Whipped
753.0,2020-01-20T22:26:00,2020-01-20T22:42:02,18.0,False,,,The Queen's Speech: Sir Edward Davey's amendment,59.0,341.0,,,,,,,0.62,Whipped
752.0,2020-01-20T22:12:00,2020-01-20T22:27:12,17.0,False,,,The Queen's Speech: Ian Blackford's amendment,59.0,341.0,,,,,,,0.62,Whipped
751.0,2020-01-20T21:56:00,2020-01-21T10:35:32,16.0,False,,,The Queen's Speech: Jeremy Corbyn's amendment,236.0,342.0,,,,,,,0.89,Whipped
750.0,2020-01-16T17:00:00,2020-01-21T10:35:52,15.0,False,,,The Queen's Speech: Jeremy Corbyn's amendment (c) ,222.0,313.0,,,,,,,0.82,Whipped
749.0,2020-01-09T17:10:00,2020-01-09T17:34:11,14.0,False,,,Third Reading of the European Union (Withdrawal Agreement) Bill,330.0,231.0,,,,,,,0.86,Whipped
748.0,2020-01-09T16:55:00,2020-01-09T17:34:54,13.0,False,,,Reasoned amendment to the Third Reading of the European Union (Withdrawal Agreement) Bill,62.0,329.0,,,,,,,0.6,Whipped
747.0,2020-01-08T19:35:00,2020-01-08T20:19:17,12.0,False,,,European Union (Withdrawal Agreement) Bill: Committee of the whole House: Sir Edward Davey's New Clause 29,250.0,345.0,,,,,,,0.92,Whipped
746.0,2020-01-08T19:20:00,2020-01-08T20:08:13,11.0,False,,,European Union (Withdrawal Agreement) Bill: Committee of the whole House: Layla Moran's New Clause 10,254.0,344.0,,,,,,,0.92,Whipped
745.0,2020-01-08T19:05:00,2020-01-08T20:06:54,10.0,False,,,European Union (Withdrawal Agreement) Bill: Committee of the whole House: Mr Corbyn's New Clause 2,255.0,344.0,,,,,,,0.92,Whipped
744.0,2020-01-08T15:27:00,2020-01-08T15:49:20,9.0,False,,,European Union (Withdrawal Agreement) Bill: Committee of the whole House: Sir Jeffrey M. Donaldson's New Clause 55,262.0,337.0,,,,,,,0.92,Whipped
743.0,2020-01-08T15:12:00,2020-01-08T15:35:43,8.0,False,,,European Union (Withdrawal Agreement) Bill: Committee of the whole House: Caroline Lucas's New Clause 6,251.0,347.0,,,,,,,0.92,Whipped
742.0,2020-01-08T14:56:00,2020-01-08T15:51:55,7.0,False,,,European Union (Withdrawal Agreement) Bill: Committee of the whole House: Mr Corbyn's Amendment 4,252.0,348.0,,,,,,,0.92,Whipped
741.0,2020-01-08T14:38:00,2020-01-08T15:03:36,6.0,False,,,European Union (Withdrawal Agreement) Bill: Committee of the whole House: Dr Whitford's Amendment 10,262.0,340.0,,,,,,,0.93,Whipped
740.0,2020-01-07T20:58:00,2020-01-07T21:22:07,5.0,False,,,New Clause 34 to the European Union (Withdrawal Agreement) Bill ,251.0,343.0,,,,,,,0.91,Whipped
739.0,2020-01-07T20:42:00,2020-01-07T21:00:45,4.0,False,,,New Clause 18 to the European Union (Withdrawal Agreement) Bill,255.0,341.0,,,,,,,0.92,Whipped
738.0,2020-01-07T20:25:00,2020-01-07T20:46:09,3.0,False,,,New Clause 5 to the European Union (Withdrawal Agreement) Bill,252.0,342.0,,,,,,,0.91,Whipped
771.0,2020-02-25T18:57:00,2020-03-02T17:38:31,36.0,False,,,Opposition day debate on social care: Mr Corbyn's motion,181.0,315.0,,,,,,,0.76,Whipped
770.0,2020-02-25T16:00:00,2020-02-25T16:21:07,35.0,False,,,Opposition day debate on tax avoidance and evasion: Mr Corbyn's motion ,236.0,322.0,,,,,,,0.86,Whipped
769.0,2020-02-12T12:39:00,2020-02-12T12:54:27,34.0,False,,,Mr Carmichael's amendment to the Terrorist Offenders (Restriction of Early Release) Bill: Business of the House motion,51.0,316.0,,,,,,,0.56,Whipped
768.0,2020-02-11T19:00:00,2020-02-11T19:17:26,33.0,False,,,Opposition day debate on migration and Scotland: Ian Blackford's motion,46.0,322.0,,,,,,,0.57,Whipped
767.0,2020-02-05T18:58:00,2020-02-05T19:19:48,32.0,False,,,Opposition day debate on transport: Mr Corbyn's motion,181.0,311.0,,,,,,,0.76,Whipped
766.0,2020-02-05T16:00:00,2020-02-11T19:18:02,31.0,False,,,Opposition day debate on local government finance: Mr Corbyn's motion,190.0,329.0,,,,,,,0.8,Whipped
765.0,2020-02-04T18:23:00,2020-02-04T18:43:09,30.0,False,Country,England,NHS Funding Bill: Legislative Grand Committee (England) New Clause 4,162.0,293.0,,,,,,,0.7,Whipped
764.0,2020-02-04T18:03:00,2020-02-10T10:21:47,29.0,False,Country,England,NHS Funding Bill: Legislative Grand Committee (England) Amendment No. 3,161.0,298.0,,,,,,,0.71,Whipped
763.0,2020-02-04T17:32:00,2020-02-04T17:57:37,28.0,False,Country,England,NHS Funding Bill: Legislative Grand Committee (England) Amendment No. 2,163.0,300.0,,,,,,,0.71,Whipped
762.0,2020-02-03T21:59:00,2020-02-03T22:34:22,27.0,False,,,Agriculture Bill: Second Reading: Mr Corbyn's amendment,206.0,320.0,,,,,,,0.81,Whipped
775.0,2020-03-10T15:40:00,2020-03-10T16:05:26,40.0,False,,,Telecommunications Infrastructure (Leasehold Property) Bill: Report stage: Amendment 1,282.0,306.0,,,,,,,0.9,Whipped
774.0,2020-03-10T15:26:00,2020-03-10T16:12:21,39.0,False,,,Telecommunications Infrastructure (Leasehold Property) Bill: Report stage: Amendment 2,242.0,343.0,,,,,,,0.9,Whipped
773.0,2020-03-04T18:59:00,2020-03-04T19:20:36,38.0,False,,,Opposition day debate on health inequalities: Mr Corbyn's motion ,181.0,319.0,,,,,,,0.77,Whipped
772.0,2020-03-04T15:59:00,2020-03-04T16:35:54,37.0,False,,,Opposition day debate on flooding: Mr Corbyn's motion,227.0,328.0,,,,,,,0.85,Whipped
792.0,2020-05-20T18:28:00,2020-05-20T18:49:03,50.0,False,,,Liaison Committee (Membership): Amendment (a) (Harriet Harman),262.0,323.0,,,,,2020-05-20T18:28:06,2020-05-20T18:43:06,0.9,Whipped
791.0,2020-05-20T17:49:00,2020-05-20T18:07:11,49.0,False,,,Trade Bill: Second Reading,355.0,254.0,,,,,2020-05-20T17:46:35,2020-05-20T18:01:35,0.94,Whipped
790.0,2020-05-20T17:28:00,2020-05-20T17:47:39,48.0,False,,,Trade Bill: Reasoned Amendment to Second Reading (Keir Starmer),262.0,352.0,,,,,2020-05-20T17:26:38,2020-05-20T17:41:38,0.94,Whipped
789.0,2020-05-20T14:06:00,2020-05-20T14:30:02,47.0,False,,,Business of the House (20 May),350.0,258.0,,,,,2020-05-20T14:06:14,2020-05-20T14:21:14,0.94,Whipped
788.0,2020-05-18T21:03:00,2020-05-18T21:29:12,46.0,False,,,Immigration and Social Security Co-ordination (EU Withdrawal) Bill: Second Reading,351.0,252.0,,,,,2020-05-18T21:03:39,2020-05-18T21:18:39,0.93,Whipped
787.0,2020-05-13T18:35:00,2020-05-13T19:25:15,45.0,False,,,Agriculture Bill: Third Reading,360.0,211.0,,,,,2020-05-13T18:35:32,2020-05-13T18:50:32,0.88,Whipped
786.0,2020-05-13T18:08:00,2020-05-13T18:36:28,44.0,False,,,Agriculture Bill: Report Stage: Amendment  39 (Deidre Brock),56.0,363.0,,,,,2020-05-13T18:08:26,2020-05-13T18:23:26,0.64,Whipped
785.0,2020-05-13T17:48:00,2020-05-13T18:37:07,43.0,False,,,Agriculture Bill: Report Stage: New Clause 7 (Luke Pollard),222.0,352.0,,,,,2020-05-13T17:49:08,2020-05-13T18:04:08,0.88,Whipped
784.0,2020-05-13T17:32:00,2020-05-13T18:11:16,42.0,False,,,Agriculture Bill: Report Stage: New Clause 2 (Neil Parish),277.0,328.0,,,,,2020-05-13T17:32:01,2020-05-13T17:47:01,0.93,Whipped
783.0,2020-05-12T17:48:00,2020-05-12T18:22:58,41.0,False,,,Government general debate: Covid-19,363.0,248.0,,,,,2020-05-12T17:48:53,2020-05-12T18:03:53,0.94,Whipped
807.0,2020-06-30T19:16:00,2020-07-01T12:28:04,65.0,False,,,Immigration and Social Security Co-ordination (EU Withdrawal) Bill: Third Reading,342.0,248.0,,,,,,,0.91,Whipped
806.0,2020-06-30T18:53:00,2020-07-02T10:11:34,64.0,False,,,Immigration and Social security Co-ordination (EU Withdrawal) Bill: Yvette Cooper's New Clause 29,255.0,332.0,,,,,,,0.9,Whipped
805.0,2020-06-30T18:38:00,2020-06-30T20:48:29,63.0,False,,,Immigration and Social Security Co-ordination (EU Withdrawal) Bill: Keir Starmer's New Clause 13,248.0,337.0,,,,,,,0.9,Whipped
804.0,2020-06-30T18:21:00,2020-07-01T11:22:24,62.0,False,,,Immigration and Social Security Co-ordination (EU Withdrawal) Bill: Mr David Davis's New Clause 7,252.0,332.0,,,,,,,0.9,Whipped
803.0,2020-06-30T18:00:00,2020-06-30T21:10:53,61.0,False,,,Immigration and Social Security Co-ordination (EU Withdrawal) Bill: Mr O'Hara's New Clause 1,247.0,344.0,,,,,,,0.91,Whipped
802.0,2020-06-24T19:00:00,2020-06-25T10:05:08,60.0,False,,,Opposition Motion: Testing of NHS and Social Care Staff,198.0,344.0,,,,,,,0.83,Whipped
801.0,2020-06-24T12:59:00,2020-06-24T20:33:59,59.0,False,,,Ten Minute Rule Motion: Demonstrations (Abortion Clinics) ,213.0,47.0,,,,,,,0.4,Possible Free Vote - needs verification
800.0,2020-06-23T18:03:00,2020-06-24T11:18:05,58.0,False,,,Chris Bryant's amendment (a) to the motion on the independent expert panel,243.0,238.0,,,,,,,0.74,Whipped
799.0,2020-06-17T18:01:00,2020-06-19T17:54:08,57.0,False,,,"New Clause 1: Divorce, Dissolution and Separation Bill [Lords] Committee Stage",31.0,400.0,,,,,,,0.66,Whipped
798.0,2020-06-17T00:00:00,2020-06-17T16:54:22,56.0,True,,,Abortion (Northern Ireland) (No. 2) Regulations 2020,253.0,136.0,,,,,,,0.6,Possible Free Vote - needs verification
797.0,2020-06-10T16:24:00,2020-06-10T17:59:32,55.0,False,,,Children And Young Persons (Keir Starmer's Motion),123.0,260.0,,,,,,,0.59,Whipped
796.0,2020-06-08T22:00:00,2020-06-10T13:54:41,54.0,False,,,"Divorce, Dissolution and Separation Bill [Lords]: Second Reading",231.0,16.0,,,,,,,0.38,Whipped
795.0,2020-06-02T20:00:00,2020-06-02T21:06:02,53.0,False,,,Parliamentary Constituencies Bill: Second Reading: Keir Starmer's Amdt,137.0,265.0,,,,,,,0.62,Whipped
794.0,2020-06-02T16:26:00,2020-06-08T18:25:19,52.0,False,,,Proceedings during the pandemic (No. 2),261.0,163.0,,,,,,,0.65,Whipped
793.0,2020-06-02T15:40:00,2020-06-26T12:35:37,51.0,False,,,Amendment (d) to Proceedings on the pandemic (No. 2),185.0,242.0,,,,,,,0.66,Whipped
825.0,2020-07-21T17:57:00,2020-07-22T18:04:16,83.0,False,,,Counter-Terrorism and Sentencing Bill: Report Stage: Amendment 30,189.0,335.0,,,,,,,0.81,Whipped
823.0,2020-07-20T22:01:00,2020-07-21T11:14:40,82.0,False,,,Trade Bill: Third Reading,335.0,243.0,,,,,,,0.89,Whipped
824.0,2020-07-20T21:44:00,2020-07-22T14:04:13,81.0,False,,,Trade Bill: Report Stage: Amendment 10,244.0,345.0,,,,,,,0.91,Whipped
822.0,2020-07-20T21:28:00,2020-07-22T14:04:27,80.0,False,,,Trade Bill: Report Stage New Clause 17,251.0,340.0,,,,,,,0.91,Whipped
821.0,2020-07-20T21:14:00,2020-07-22T14:05:29,79.0,False,,,Trade Bill: Report Stage: New Clause 11,251.0,337.0,,,,,,,0.9,Whipped
820.0,2020-07-20T21:00:00,2020-07-21T12:11:25,78.0,False,,,Trade Bill: Report Stage New Clause 4,263.0,326.0,,,,,,,0.91,Whipped
819.0,2020-07-15T18:59:00,2020-07-16T08:33:57,77.0,False,,,Opposition Day: SNP motion on covid-19 and future UK-EU relationship,57.0,321.0,,,,,,,0.58,Whipped
818.0,2020-07-14T18:31:00,2020-07-15T12:35:36,76.0,False,,,Parliamentary Constituencies Bill Report Stage: Amendment 1,237.0,339.0,,,,,,,0.89,Whipped
817.0,2020-07-14T18:16:00,2020-07-22T14:04:50,75.0,False,,,Parliamentary Constituencies Bill Report Stage: New Clause 2,50.0,339.0,,,,,,,0.6,Whipped
816.0,2020-07-14T18:00:00,2020-07-17T10:50:33,74.0,False,,,Parliamentary Constituencies Bill Report Stage: New Clause 1,246.0,342.0,,,,,,,0.9,Whipped
815.0,2020-07-06T21:17:00,2020-07-07T11:50:23,73.0,False,,,Domestic Abuse Bill Report Stage: New Clause 23,200.0,338.0,,,,,,,0.83,Whipped
814.0,2020-07-06T21:01:00,2020-07-07T11:14:06,72.0,False,,,Domestic Abuse Bill: Report Stage: New Clause 22,207.0,330.0,,,,,,,0.83,Whipped
813.0,2020-07-01T21:15:00,2020-07-06T21:37:16,71.0,False,,,Finance Bill: Report Stage: Amendment 20,254.0,317.0,,,,,,,0.88,Whipped
812.0,2020-07-01T21:00:00,2020-07-09T11:09:47,70.0,False,,,Finance Bill: Report Stage: New Clause 1,252.0,321.0,,,,,,,0.88,Whipped
811.0,2020-07-01T20:45:00,2020-07-01T22:44:47,69.0,False,,,Finance Bill: Report Stage: New Clause 26,241.0,339.0,,,,,,,0.89,Whipped
810.0,2020-07-01T18:44:00,2020-07-01T22:55:56,68.0,False,,,Finance Bill: Report Stage: New Clause 28,246.0,342.0,,,,,,,0.9,Whipped
809.0,2020-07-01T16:41:00,2020-07-01T20:22:49,67.0,False,,,Finance Bill: Report Stage: Amendment 18,248.0,340.0,,,,,,,0.9,Whipped
808.0,2020-07-01T14:20:00,2020-07-01T18:20:05,66.0,False,,,Ten Minute Rule Motion: Prime Minister (Nomination) and Cabinet (Appointment),55.0,115.0,,,,,,,0.26,Whipped
866.0,2020-09-30T19:09:00,2020-10-09T13:50:41,124.0,False,,,"Town and Country Planning (General Permitted Development) (England) (Amendment) (No. 3) Order 2020 (S.I., 2020, No. 756) (Motion to annul)",205.0,333.0,,,,,,,0.83,Whipped
865.0,2020-09-30T18:55:00,2020-10-09T13:50:17,123.0,False,,,"Town and Country Planning (General Permitted Development) (England) (Amendment) (No. 2) Order 2020 (S.I., 2020, No. 755) (Motion to annul)",207.0,329.0,,,,,,,0.82,Whipped
864.0,2020-09-30T18:40:00,2020-10-09T13:49:44,122.0,False,,,"Town and Country Planning (Permitted Development and Miscellaneous Amendments) (England) (Coronavirus) Regulations 2020 (S.I., 2020, No. 632) (Motion to revoke)",208.0,329.0,,,,,,,0.83,Whipped
863.0,2020-09-30T16:51:00,2020-09-30T17:51:36,121.0,False,,,Coronavirus Act 2020 (Review of Temporary Provisions) Motion ,330.0,24.0,,,,,,,0.54,Whipped
862.0,2020-09-30T00:00:00,2020-09-30T17:15:26,120.0,True,,,Draft Restriction of Public Sector Exit Payments Regulations 2020,347.0,249.0,,,,,,,0.92,Whipped
861.0,2020-09-30T00:00:00,2020-09-30T17:14:58,119.0,True,,,Draft Immigration (Health Charge) (Amendment) Order 2020,348.0,250.0,,,,,,,0.92,Whipped
860.0,2020-09-29T20:21:00,2020-09-30T19:21:52,118.0,False,,,UK Internal Market Bill: Third Reading,340.0,256.0,,,,,,,0.92,Whipped
859.0,2020-09-29T20:05:00,2020-09-30T13:12:10,117.0,False,,,UK Internal Market Bill Third Reading: Ian Blackford's Amendment,256.0,348.0,,,,,,,0.93,Whipped
858.0,2020-09-29T18:51:00,2020-09-30T13:09:43,116.0,False,,,UK Internal Markets Bill Report Stage: Amendment 16,256.0,354.0,,,,,,,0.94,Whipped
857.0,2020-09-29T18:36:00,2020-09-29T20:24:41,115.0,False,,,UK Internal Market Bill Report Stage: New Clause 7,264.0,342.0,,,,,,,0.93,Whipped
856.0,2020-09-29T18:21:00,2020-09-30T13:07:03,114.0,False,,,UK Internal Market Bill: Report Stage--New Clause 6 ,258.0,351.0,,,,,,,0.94,Whipped
855.0,2020-09-29T18:04:00,2020-09-30T13:14:18,113.0,False,,,UK Internal Market Bill Report Stage: New Clause 1,256.0,350.0,,,,,,,0.93,Whipped
854.0,2020-09-23T18:59:00,2020-09-24T10:23:46,112.0,False,,,Overseas Operations (Service Personnel and Veterans) Bill: Second Reading,331.0,77.0,,,,,,,0.63,Whipped
853.0,2020-09-23T00:00:00,2020-09-23T19:17:54,111.0,True,,,"The Health Protection (Coronavirus, Restrictions) (Blackburn with Darwen and Bradford) (Amendment) (No. 2) Regulations 2020",332.0,1.0,,,,,,,0.51,Whipped
852.0,2020-09-23T00:00:00,2020-09-23T19:18:11,110.0,True,,,The Health Protection (Coronavirus) (Restrictions on Holding of Gatherings and Amendment) (England) Regulations 2020,332.0,5.0,,,,,,,0.52,Whipped
851.0,2020-09-23T00:00:00,2020-09-23T19:18:48,109.0,True,,,"The Health Protection (Coronavirus, Wearing of Face Coverings in a Relevant Place and on Public Transport) (England) (Amendment) Regulations 2020",334.0,6.0,,,,,,,0.52,Whipped
850.0,2020-09-23T00:00:00,2020-09-23T19:19:14,108.0,True,,,"The Health Protection (Coronavirus, Restrictions) (Blackburn with Darwen and Bradford) (Amendment) Regulations 2020",335.0,1.0,,,,,,,0.52,Whipped
849.0,2020-09-23T00:00:00,2020-09-23T19:19:32,107.0,True,,,"The Health Protection (Coronavirus, Wearing of Face Coverings in a Relevant Place) (England) (Amendment) (No. 2) Regulations 2020",335.0,6.0,,,,,,,0.52,Whipped
848.0,2020-09-23T00:00:00,2020-09-23T19:20:02,106.0,True,,,"The Health Protection (Coronavirus, Restrictions) (No. 2) (England) (Amendment) (No. 3) Regulations 2020",340.0,1.0,,,,,,,0.52,Whipped
847.0,2020-09-23T00:00:00,2020-09-23T19:20:23,105.0,True,,,"The Health Protection (Coronavirus, Wearing of Face Coverings in a Relevant Place) (England) (Amendment) Regulations 2020",337.0,6.0,,,,,,,0.53,Whipped
846.0,2020-09-22T18:38:00,2020-09-22T19:44:43,104.0,False,,,United Kingdom Internal Market Bill: Committee of the Whole House: Amendment 9,63.0,350.0,,,,,,,0.64,Whipped
844.0,2020-09-21T23:31:00,2020-09-22T13:16:44,103.0,False,,,"United Kingdom Internal Market Bill: Committee of the Whole House Clause 45, as amended, and Clause 50 Stand Part",338.0,254.0,,,,,,,0.91,Whipped
845.0,2020-09-21T23:16:00,2020-09-22T13:17:10,102.0,False,,,United Kingdom Internal Market Bill: Committee of the whole House: Clauses 42 (as amended) to 44 stand part,332.0,257.0,,,,,,,0.91,Whipped
843.0,2020-09-21T22:59:00,2020-09-21T23:37:47,101.0,False,,,United Kingdom Internal Market Bill: Committee of the Whole House Amendment 68,6.0,350.0,,,,,,,0.55,Whipped
842.0,2020-09-21T22:44:00,2020-09-22T00:00:35,100.0,False,,,United Kingdom Internal Market Bill: Committee of the whole House: Amendment 41,255.0,346.0,,,,,,,0.92,Whipped
841.0,2020-09-16T20:36:00,2020-09-17T12:37:31,99.0,False,,,UK Internal Market Bill Committee of the whole House: Amdt 14,208.0,330.0,,,,,,,0.83,Whipped
840.0,2020-09-16T20:03:00,2020-09-17T12:37:06,98.0,False,,,UK Internal Market Bill Committee of the whole House: Clause 46 stand part,340.0,51.0,,,,,,,0.6,Whipped
839.0,2020-09-15T18:13:00,2020-09-16T16:17:39,97.0,False,,,UK Internal Market Bill Committee of the whole House: New Clause 2,195.0,356.0,,,,,,,0.85,Whipped
838.0,2020-09-15T17:58:00,2020-09-15T18:53:33,96.0,False,,,UK Internal Market Bill Committee of the whole House: Amendment 28,51.0,351.0,,,,,,,0.62,Whipped
837.0,2020-09-14T22:30:00,2020-09-15T10:19:29,95.0,False,,,United Kingdom Internal Market Bill: Money ,343.0,49.0,,,,,,,0.6,Whipped
836.0,2020-09-14T22:15:00,2020-09-15T18:28:33,94.0,False,,,United Kingdom Internal Market Bill: Second Reading,340.0,263.0,,,,,,,0.93,Whipped
835.0,2020-09-14T22:00:00,2020-09-14T23:08:57,93.0,False,,,Sir Keir Starmer's reasoned amendment to the Second Reading of the United Kingdom Internal Market Bill,213.0,349.0,,,,,,,0.86,Whipped
834.0,2020-09-11T09:35:00,2020-09-11T10:09:06,92.0,False,,,Motion to sit in private ,0.0,76.0,,,,,,,0.12,Whipped
833.0,2020-09-09T18:59:00,2020-09-16T12:09:10,91.0,False,,,Opposition Day: Role of Ministers in the awarding of qualifications,237.0,327.0,,,,,,,0.87,Whipped
832.0,2020-09-09T16:16:00,2020-09-11T10:43:29,90.0,False,,,Opposition Day: protection of jobs and businesses: Prime Minister's amendment,320.0,9.0,,,,,,,0.51,Whipped
831.0,2020-09-09T16:00:00,2020-09-11T10:43:46,89.0,False,,,Opposition Day: protection of jobs and businesses,249.0,329.0,,,,,,,0.89,Whipped
830.0,2020-09-08T17:06:00,2020-09-09T09:46:11,88.0,False,,,Extradition (Provisional Arrest) Bill [Lords]: Report Stage: Government Amendment 14,333.0,244.0,,,,,,,0.89,Whipped
829.0,2020-09-08T16:47:00,2020-09-09T11:27:27,87.0,False,,,Extradition (Provisional Arrest) Bill [Lords]: Report Stage: Government Amendment 13,333.0,241.0,,,,,,,0.88,Whipped
828.0,2020-09-07T20:22:00,2020-09-14T17:20:33,86.0,False,,,Fire Safety Bill Report Stage: New Clause 1,188.0,318.0,,,,,,,0.78,Whipped
827.0,2020-09-02T15:14:00,2020-09-02T17:55:59,85.0,False,,,Ten Minute Rule Bill: Recall of MPs (Change of Party Affiliation),55.0,52.0,,,,,,,0.16,Whipped
826.0,2020-09-01T21:54:00,2020-09-02T11:57:54,84.0,False,,,Fisheries Bill [Lords]: Mr Blackford's reasoned amendment on Second Reading,49.0,326.0,,,,,,,0.58,Whipped
897.0,2020-10-23T09:33:00,2020-10-23T11:11:26,155.0,False,,,Private Sitting (Standing Order 163),0.0,48.0,,,,,,,0.07,Whipped
896.0,2020-10-21T18:59:00,2020-10-22T10:08:01,154.0,False,,,Opposition Motion: Free School Meals,261.0,322.0,,,,,,,0.9,Whipped
895.0,2020-10-21T16:15:00,2020-10-22T10:16:40,153.0,False,,,Opposition Motion: Additional Covid-19 Restrictions: Fair Economic Support,261.0,340.0,,,,,,,0.92,Whipped
894.0,2020-10-21T00:00:00,2020-10-21T19:16:32,152.0,True,,,The draft Community Infrastructure Levy (Amendment) (England) (no. 2) Regulations 2020,324.0,188.0,,,,,,,0.79,Whipped
893.0,2020-10-21T00:00:00,2020-10-21T19:16:13,151.0,True,,,"The Health Protection (Coronavirus, Restrictions) (North of England, North East and North West of England and Obligations of Undertakings (England) etc.) (Amendment) Regulations 2020",332.0,4.0,,,,,,,0.52,Whipped
892.0,2020-10-21T00:00:00,2020-10-21T19:16:01,150.0,True,,,"The Health Protection (Coronavirus, Restrictions) (Self-Isolation) (England) Regulations 2020",333.0,1.0,,,,,,,0.51,Whipped
891.0,2020-10-21T00:00:00,2020-10-21T19:15:45,149.0,True,,,The Corporate Insolvency and Governance Act 2020 (Coronavirus) (Extension of the Relevant Period) Regulations 2020,353.0,0.0,,,,,,,0.54,Whipped
890.0,2020-10-21T00:00:00,2020-10-21T19:15:17,148.0,True,,,The draft Citizens' Rights (Application Deadline and Temporary Protection) (EU Exit) Regulations 2020,343.0,237.0,,,,,,,0.89,Whipped
889.0,2020-10-19T21:58:00,2020-10-19T22:59:25,147.0,False,,,Immigration and Social Security Co-ordination (EU Withdrawal) Bill: Motion to Disagree with Lords Amendment 6,328.0,264.0,,,,,,,0.91,Whipped
888.0,2020-10-19T21:44:00,2020-10-19T22:58:56,146.0,False,,,Immigration and Social Security Co-ordination (EU Withdrawal) Bill: Motion to Disagree with Lords Amendment 5,331.0,260.0,,,,,,,0.91,Whipped
887.0,2020-10-19T21:30:00,2020-10-19T22:19:30,145.0,False,,,Immigration and Social Security Co-ordination (EU Withdrawal) Bill: Motion to disagree with Lords Amendment 4,327.0,264.0,,,,,,,0.91,Whipped
886.0,2020-10-19T21:16:00,2020-10-20T11:29:55,144.0,False,,,Immigration and Social Security Co-ordination (EU Withdrawal) Bill: Motion to Disagree with Lords Amendment 3,330.0,262.0,,,,,,,0.91,Whipped
885.0,2020-10-19T21:00:00,2020-10-19T21:29:47,143.0,False,,,Immigration and Social Security Co-ordination (EU Withdrawal) Bill: Motion to Disagree with Lords Amendment 1,335.0,254.0,,,,,,,0.91,Whipped
884.0,2020-10-15T17:02:00,2020-10-15T18:02:49,142.0,False,,,Covert Human Intelligence Sources (Criminal Conduct) Bill: Third Reading,313.0,98.0,,,,,,,0.63,Whipped
883.0,2020-10-15T16:46:00,2020-10-15T18:03:18,141.0,False,,,Covert Human Intelligence Sources (Criminal Conduct) Bill: Committee of the whole House: New Clause 4,255.0,314.0,,,,,,,0.88,Whipped
882.0,2020-10-15T16:31:00,2020-10-15T18:03:49,140.0,False,,,Covert Human Intelligence Sources  (Criminal Conduct) Bill Committee of the Whole House: Amendment 16,65.0,311.0,,,,,,,0.58,Whipped
881.0,2020-10-15T16:15:00,2020-10-15T18:04:04,139.0,False,,,Covert Human Intelligence Sources (Criminal Conduct) Bill: Committee of the whole House: Amendment 8,256.0,316.0,,,,,,,0.88,Whipped
880.0,2020-10-15T16:00:00,2020-10-15T18:04:18,138.0,False,,,Covert Human Intelligence Sources  (Criminal Conduct) Bill: Committee of the Whole House: Amendment 7,256.0,317.0,,,,,,,0.88,Whipped
879.0,2020-10-14T18:59:00,2020-10-15T09:12:08,137.0,False,,,Opposition Motion: Local Contact Tracing,258.0,338.0,,,,,,,0.92,Whipped
878.0,2020-10-14T15:57:00,2020-10-14T20:36:44,136.0,False,,,Opposition Motion: Covid-19 Economic Support Package,261.0,338.0,,,,,,,0.92,Whipped
877.0,2020-10-13T21:48:00,2020-10-14T10:00:00,135.0,False,,,Fisheries Bill [Lords]: Report Stage: Amendment 3,197.0,331.0,,,,,,,0.81,Whipped
873.0,2020-10-13T21:33:00,2020-10-14T09:59:08,134.0,False,,,Fisheries Bill [Lords]: Report stage: Amendment 1,196.0,335.0,,,,,,,0.82,Whipped
876.0,2020-10-13T21:17:00,2020-10-13T21:56:28,133.0,False,,,Fisheries Bill [Lords]: Report Stage: New Clause 3,65.0,335.0,,,,,,,0.62,Whipped
874.0,2020-10-13T18:03:00,2020-10-13T18:42:50,132.0,False,,,"Motion to approve the Health Protection (Coronavirus, Restrictions)(No.2) (England) (Amendment) (No. 5) Regulations 2020 (S.I., 2020, No. 1029)",299.0,82.0,,,,,,,0.59,Whipped
875.0,2020-10-13T14:03:00,2020-10-13T16:54:41,131.0,False,,,Business of the House (13 October),317.0,181.0,,,,,,,0.77,Whipped
872.0,2020-10-12T21:32:00,2020-10-13T16:53:18,130.0,False,,,Agriculture Bill: Lords Amendments Motion to disagree with LA17,344.0,206.0,,,,,,,0.85,Whipped
871.0,2020-10-12T21:16:00,2020-10-13T18:53:09,129.0,False,,,Consideration of Lords Amendment 16: Agriculture Bill,332.0,279.0,,,,,,,0.94,Whipped
870.0,2020-10-12T21:01:00,2020-10-12T23:17:55,128.0,False,,,Agriculture Bill Lords Amendments: Motion to disagree with LA11,347.0,212.0,,,,,,,0.86,Whipped
869.0,2020-10-06T18:25:00,2020-10-07T15:26:01,127.0,False,,,"Health Protection (Coronavirus, Restrictions) (No. 2) (England) (Amendment) (No.4) Regulations 2020 (S.I. 2020, No. 986)",287.0,17.0,,,,,,,0.47,Whipped
868.0,2020-10-06T16:20:00,2020-10-07T09:50:23,126.0,False,,,Private International Law (Implementation of Agreements) Bill [Lords]: Committee: New Clause 5,324.0,175.0,,,,,,,0.77,Whipped
867.0,2020-10-05T21:42:00,2020-10-06T10:35:49,125.0,False,,,Covert Human Intelligence Sources (Criminal Conduct) Bill: Second Reading,182.0,20.0,,,,,,,0.31,Whipped
915.0,2020-11-25T00:00:00,2020-11-26T12:16:19,173.0,True,,,Draft European Union (Withdrawal) Act 2018 (Relevant Court) (Retained EU Case Law) Regulations 2020,356.0,261.0,,,,,,,0.95,Whipped
914.0,2020-11-17T18:38:00,2020-11-25T09:35:47,172.0,False,,,Draft Road Vehicle Carbon Dioxide Emission Performance Standards (Cars and Vans) (Amendment) (EU Exit) Regulations 2020,361.0,245.0,,,,,,,0.93,Whipped
913.0,2020-11-16T21:30:00,2020-12-01T16:15:41,171.0,False,,,Pension Schemes Bill [Lords]: Report Stage: Amendment 16,256.0,356.0,,,,,,,0.94,Whipped
912.0,2020-11-16T21:17:00,2020-12-01T16:14:57,170.0,False,,,Pension Schemes Bill [Lords]: Report Stage: Amendment 1,257.0,356.0,,,,,,,0.94,Whipped
911.0,2020-11-16T21:04:00,2020-12-01T16:14:08,169.0,False,,,Pension Schemes Bill [Lords]: Report Stage: New Clause 4,262.0,349.0,,,,,,,0.94,Whipped
910.0,2020-11-16T20:51:00,2020-12-01T16:13:25,168.0,False,,,Pension Schemes Bill [Lords]: Report Stage: New Clause 1,262.0,351.0,,,,,,,0.94,Whipped
909.0,2020-11-10T19:58:00,2020-11-11T10:40:38,167.0,False,,,Appointment of a member to the Committee on Standards: Amendment (a),261.0,334.0,,,,,,,0.92,Whipped
908.0,2020-11-10T18:12:00,2020-12-07T20:17:58,166.0,False,,,Parliamentary Constituencies Bill: Lords Amendment 8 Motion to disagree ,346.0,266.0,,,,,,,0.94,Whipped
907.0,2020-11-10T17:58:00,2020-12-07T20:17:16,165.0,False,,,Parliamentary Constituencies Bill: Lords Amendment 7 Motion to disagree,345.0,266.0,,,,,,,0.94,Whipped
906.0,2020-11-10T17:45:00,2020-12-07T20:16:37,164.0,False,,,Parliamentary Constituencies Bill: Lords Amendment 6 Motion to disagree,352.0,263.0,,,,,,,0.95,Whipped
905.0,2020-11-10T17:31:00,2020-12-07T20:16:08,163.0,False,,,Parliamentary Constituencies Bill: Lords Amendment 1 Motion to disagree ,348.0,268.0,,,,,,,0.95,Whipped
904.0,2020-11-04T18:30:00,2020-12-01T16:00:11,162.0,False,,,Immigration and Social Security Co-ordination (Etc.) Bill: Lords Amendment 4B Motion to disagree,333.0,264.0,,,,,,,0.92,Whipped
903.0,2020-11-04T17:16:00,2020-12-01T15:59:26,161.0,False,,,Agriculture Bill: Lords Amendment 16B Motion to disagree,331.0,272.0,,,,,,,0.93,Whipped
902.0,2020-11-04T15:59:00,2020-11-06T14:56:30,160.0,False,,,"Health Protection (Coronavirus, Restrictions) (England) (No.4) Regulations 2020",516.0,38.0,,,,,,,0.85,Whipped
901.0,2020-11-03T19:00:00,2020-12-01T15:53:37,159.0,False,,,Overseas Operations (Service Personnel and Veterans) Bill: Third Reading,345.0,260.0,,,,,,,0.93,Whipped
900.0,2020-11-03T18:31:00,2020-12-01T15:48:19,158.0,False,,,Overseas Operations (Service Personnel and Veterans) Bill: Report stage: Amendment 1,269.0,334.0,,,,,,,0.93,Whipped
899.0,2020-11-03T18:17:00,2020-12-01T15:47:38,157.0,False,,,Overseas Operations (Service Personnel and Veterans) Bill: Report stage: Amendment 32,262.0,335.0,,,,,,,0.92,Whipped
898.0,2020-11-03T18:00:00,2020-12-01T15:46:57,156.0,False,,,Overseas Operations (Service Personnel and Veterans) Bill: Report Stage: New Clause 5,266.0,336.0,,,,,,,0.93,Whipped
934.0,2020-12-30T22:00:00,2021-01-04T10:34:00,192.0,False,,,Sittings of the House,335.0,212.0,,,,,,,0.84,Whipped
933.0,2020-12-30T14:45:00,2020-12-30T15:33:14,191.0,False,,,European Union (Future Relationship) Bill: Third Reading ,521.0,73.0,,,,,,,0.91,Whipped
932.0,2020-12-30T14:30:00,2020-12-30T15:12:24,190.0,False,,,European Union (Future Relationship) Bill: Second Reading,521.0,73.0,,,,,,,0.91,Whipped
931.0,2020-12-30T09:42:00,2020-12-30T13:53:42,189.0,False,,,European Union (Future Relationship) Bill: Business of the House motion: Ian Blackford's amendment,60.0,362.0,,,,,,,0.65,Whipped
930.0,2020-12-15T16:56:00,2020-12-15T17:47:48,188.0,False,,,Taxation (Post-transition Period) Bill: Report Stage: New Clause 3,263.0,364.0,,,,,,,0.96,Whipped
929.0,2020-12-15T15:07:00,2020-12-15T15:48:42,187.0,False,,,"UK Internal Market Bill: motion to disagree to Lords Amendments 1F, 1G, 1H, 1K, 1L and 8M",362.0,262.0,,,,,,,0.96,Whipped
928.0,2020-12-10T14:59:00,2020-12-10T16:03:00,186.0,False,,,UK Internal Market Bill: motion to disagree to Lords Amendments 48B and 48C,358.0,260.0,,,,,,,0.95,Whipped
927.0,2020-12-10T14:45:00,2020-12-10T16:38:40,185.0,False,,,"UK Internal Market Bill: motion to agree Lords Amendments 8B, 8C, 8D, 8F, 8G, 8H, 8J and 8K, disagree to 8L, insist on disagreement to 13 and 56, and make Amendment (a) in lieu of 8L, 13 and 56",357.0,259.0,,,,,,,0.95,Whipped
926.0,2020-12-10T14:33:00,2020-12-10T16:02:16,184.0,False,,,"UK Internal Market Bill: motion to disagree to Lords Amendments 1B, 1C and 1D",356.0,259.0,,,,,,,0.95,Whipped
925.0,2020-12-09T17:54:00,2020-12-10T15:53:48,183.0,False,,,"Immigration and Social Security Co-ordination (EU Withdrawal) Act 2020 (Consequential, Saving, Transitional and Transitory Provisions) (EU Exit) Regulations 2020",355.0,258.0,,,,,,,0.94,Whipped
924.0,2020-12-09T17:41:00,2020-12-10T10:46:24,182.0,False,,,Taxation (Post-transition Period) Bill: Committee of the whole House: Amendment 1,257.0,350.0,,,,,,,0.93,Whipped
923.0,2020-12-08T17:40:00,2020-12-09T11:26:47,181.0,False,,,Financial Assistance to Industry,360.0,16.0,,,,,,,0.58,Whipped
922.0,2020-12-08T17:22:00,2020-12-08T17:59:24,180.0,False,,,Northern Ireland (Ways and Means): Keir Starmer's Amendment,264.0,360.0,,,,,,,0.96,Whipped
921.0,2020-12-07T21:34:00,2020-12-07T22:05:16,179.0,False,,,United Kingdom Internal Market Bill: Lords Amendment 48 Motion to disagree,359.0,55.0,,,,,,,0.64,Whipped
920.0,2020-12-07T21:24:00,2020-12-08T10:31:07,178.0,False,,,United Kingdom Internal Market Bill: Lords Amendment 47 Motion to disagree,,357.0,268.0,,,,,,0.55,Whipped
919.0,2020-12-07T21:07:00,2020-12-07T22:24:35,177.0,False,,,United Kingdom Internal Market Bill: Lords Amendment 12 Motion to disagree,360.0,265.0,,,,,,,0.96,Whipped
918.0,2020-12-07T20:55:00,2020-12-07T21:40:06,176.0,False,,,United Kingdom Internal Market Bill: Lords Amendment 1 Motion to disagree,359.0,265.0,,,,,,,0.96,Whipped
917.0,2020-12-02T00:00:00,2020-12-02T15:08:09,175.0,True,,,Draft Veterinary Medicines and Residues (Amendment) (EU Exit) Regulations 2020,362.0,202.0,,,,,,,0.87,Whipped
916.0,2020-12-01T19:00:00,2020-12-01T19:51:03,174.0,False,,,"Health Protection (Coronavirus, Restrictions) (All Tiers) (England) Regulations 2020",291.0,78.0,,,,,,,0.57,Whipped
965.0,2021-01-27T19:12:00,2021-01-27T19:26:10,223.0,False,,,Covert Human Intelligence Sources (Criminal Conduct) Bill: Lords Amendment 4: Motion to Disagree,361.0,267.0,,,,,,,0.97,Whipped
964.0,2021-01-27T19:02:00,2021-01-27T19:20:19,222.0,False,,,Covert Human Intelligence Sources (Criminal Conduct) Bill: Amendment (b) to Lords Amendment 5,366.0,265.0,,,,,,,0.97,Whipped
963.0,2021-01-27T18:51:00,2021-01-27T19:04:56,221.0,False,,,Covert Human Intelligence Sources (Criminal Conduct) Bill: Lords Amendment 3: Motion to Disagree,367.0,265.0,,,,,,,0.97,Whipped
962.0,2021-01-27T18:41:00,2021-01-27T18:55:51,220.0,False,,,Covert Human Intelligence Sources (Criminal Conduct) Bill: Lords Amendment 2: Motion to Disagree,363.0,267.0,,,,,,,0.97,Whipped
961.0,2021-01-27T18:30:00,2021-01-27T18:54:34,219.0,False,,,Covert Human Intelligence Sources (Criminal Conduct) Bill: Lords Amendment 1: Motion to Disagree,367.0,265.0,,,,,,,0.97,Whipped
960.0,2021-01-27T00:00:00,2021-01-27T15:42:04,218.0,True,,,Draft West Yorkshire Combined Authority (Election of Mayor and Functions) Order 2021,553.0,2.0,,,,,,,0.85,Whipped
959.0,2021-01-26T20:45:00,2021-01-26T21:12:47,217.0,False,,,Environment Bill: Report Stage: Amendment 24,227.0,357.0,,,,,,,0.9,Whipped
958.0,2021-01-26T18:16:00,2021-01-26T18:54:36,216.0,False,,,Environment Bill: Report Stage: Amendment 39,221.0,366.0,,,,,,,0.9,Whipped
957.0,2021-01-26T18:04:00,2021-01-26T18:48:56,215.0,False,,,Environment Bill Report Stage: Amendment 25,227.0,354.0,,,,,,,0.89,Whipped
956.0,2021-01-26T17:54:00,2021-01-26T18:18:43,214.0,False,,,Environment Bill: Report Stage: New Clause 5,217.0,360.0,,,,,,,0.89,Whipped
955.0,2021-01-26T17:43:00,2021-01-26T18:16:59,213.0,False,,,Environment Bill Report Stage: New Clause 1,266.0,366.0,,,,,,,0.97,Whipped
954.0,2021-01-25T21:59:00,2021-01-25T22:24:25,212.0,False,,,Opposition day: Employment rights: Government plans,263.0,0.0,,,,,,,0.4,Whipped
953.0,2021-01-25T19:00:00,2021-01-25T19:40:44,211.0,False,,,Opposition Day: Council tax: Government's proposed increase,210.0,0.0,,,,,,,0.32,Whipped
952.0,2021-01-20T17:34:00,2021-01-21T09:57:17,210.0,False,,,National Security and Investment Bill: Report NC7,265.0,355.0,,,,,,,0.95,Whipped
951.0,2021-01-20T17:20:00,2021-01-20T18:38:26,209.0,False,,,National Security and Investment Bill: Report NC6,263.0,355.0,,,,,,,0.95,Whipped
950.0,2021-01-20T17:10:00,2021-01-21T09:30:18,208.0,False,,,National Security and Investment Bill: Report NC4,269.0,351.0,,,,,,,0.95,Whipped
949.0,2021-01-19T19:19:00,2021-01-19T19:54:32,207.0,False,,,Trade Bill: motion to disagree to Lords Amendment 8,357.0,274.0,,,,,,,0.97,Whipped
948.0,2021-01-19T19:08:00,2021-01-19T19:59:45,206.0,False,,,Trade Bill: motion to disagree with Lords amendment 7,355.0,267.0,,,,,,,0.96,Whipped
947.0,2021-01-19T18:58:00,2021-01-19T19:59:23,205.0,False,,,Trade Bill: motion to disagree to Lords Amendment 6,353.0,270.0,,,,,,,0.96,Whipped
946.0,2021-01-19T18:47:00,2021-01-19T19:57:58,204.0,False,,,Trade Bill: motion to disagree to Lords Amendment 5,364.0,266.0,,,,,,,0.97,Whipped
945.0,2021-01-19T18:37:00,2021-01-19T20:20:35,203.0,False,,,Trade Bill: motion to disagree to Lords Amendment 4,357.0,266.0,,,,,,,0.96,Whipped
944.0,2021-01-19T18:27:00,2021-01-19T19:52:35,202.0,False,,,Trade Bill: motion to disagree to Lords Amendment 3,319.0,308.0,,,,,,,0.96,Whipped
943.0,2021-01-19T18:17:00,2021-01-19T19:51:24,201.0,False,,,Trade Bill: motion to disagree to Lords Amendment 2,364.0,267.0,,,,,,,0.97,Whipped
942.0,2021-01-19T18:06:00,2021-01-19T19:50:08,200.0,False,,,Trade Bill: Government amendment (a) to Lords Amendment 10,365.0,265.0,,,,,,,0.97,Whipped
941.0,2021-01-19T17:53:00,2021-01-19T20:17:58,199.0,False,,,Trade Bill: motion to disagree to Lords Amendment 1,353.0,277.0,,,,,,,0.97,Whipped
940.0,2021-01-18T21:59:00,2021-01-19T09:25:02,198.0,False,,,Opposition Day: Access to remote education and the quality of free school meals,272.0,0.0,,,,,,,0.42,Whipped
939.0,2021-01-18T19:12:00,2021-01-18T19:57:37,197.0,False,,,Opposition Day: Universal Credit and Working Tax Credit,278.0,0.0,,,,,,,0.43,Whipped
938.0,2021-01-13T18:22:00,2021-01-13T18:57:35,196.0,False,,,Financial Services Bill Report Stage: Amendment 1,263.0,359.0,,,,,,,0.96,Whipped
937.0,2021-01-13T18:12:00,2021-01-13T19:03:18,195.0,False,,,Financial Services Bill Report Stage: New Clause 21,265.0,355.0,,,,,,,0.95,Whipped
936.0,2021-01-13T18:00:00,2021-01-13T19:05:50,194.0,False,,,Financial Services Bill Report Stage: New Clause 7,265.0,355.0,,,,,,,0.95,Whipped
935.0,2021-01-06T19:00:00,2021-01-06T19:38:31,193.0,False,,,Public Health (S.I. No. 8),524.0,16.0,,,,,,,0.83,Whipped
977.0,2021-02-24T19:52:00,2021-02-24T20:42:19,235.0,False,,,Telecommunications Infrastructure (Leasehold Property) Bill: motion to disagree to Lords Amendment 3,365.0,264.0,,,,,,,0.97,Whipped
976.0,2021-02-24T17:47:00,2021-02-24T18:16:19,234.0,False,,,Fire Safety Bill: motion to disagree to Lords Amendment 4,340.0,225.0,,,,,,,0.87,Whipped
975.0,2021-02-24T17:36:00,2021-02-24T17:58:22,233.0,False,,,Fire Safety Bill: motion to disagree to Lords Amendment 2,345.0,226.0,,,,,,,0.88,Whipped
974.0,2021-02-23T18:59:00,2021-02-23T19:33:23,232.0,False,,,Opposition day: Supporting businesses and individuals through the coronavirus crisis,272.0,0.0,,,,,,,0.42,Whipped
973.0,2021-02-23T15:59:00,2021-02-23T16:25:38,231.0,False,,,Opposition day: The Government's Management of the Economy,253.0,0.0,,,,,,,0.39,Whipped
972.0,2021-02-10T00:00:00,2021-02-10T16:17:10,230.0,True,,,"The Health Protection (Coronavirus, Restrictions) (All Tiers and Self-Isolation) (England) (Amendment) Regulations 2021 (SI 2021, No 97)",526.0,24.0,,,,,,,0.85,Whipped
971.0,2021-02-09T17:53:00,2021-02-09T19:30:13,229.0,False,,,Trade Bill: motion to disagree to Lords Amendment 6B and propose amendments (a) to (c) in lieu,363.0,267.0,,,,,,,0.97,Whipped
970.0,2021-02-09T17:45:00,2021-02-09T18:53:57,228.0,False,,,Trade Bill: motion to disagree to Lords Amendment 2B and to Lords Amendment 3B and propose amendments (a) and (b) in lieu,318.0,303.0,,,,,,,0.96,Whipped
969.0,2021-02-09T17:35:00,2021-02-09T18:29:45,227.0,False,,,Trade Bill: motion to disagree to Lords Amendment 1B,351.0,276.0,,,,,,,0.96,Whipped
968.0,2021-02-03T17:17:00,2021-02-03T18:31:39,226.0,False,,,Exiting the European Union (Excise),74.0,353.0,,,,,,,0.66,Whipped
967.0,2021-02-01T21:59:00,2021-02-01T22:15:08,225.0,False,,,Opposition Day: Covid security at UK borders,262.0,0.0,,,,,,,0.4,Whipped
966.0,2021-02-01T19:32:00,2021-02-01T19:52:17,224.0,False,,,Opposition Day: Unsafe Cladding,263.0,0.0,,,,,,,0.4,Whipped
988.0,2021-03-25T17:00:00,2021-03-26T09:41:56,246.0,False,,, Coronavirus Act 2020 (Review of Temporary Provisions) (No.2),484.0,76.0,,,,,,,0.86,Whipped
987.0,2021-03-22T21:02:00,2021-03-23T13:08:40,245.0,False,,,"Fire Safety Bill: motion to disagree with Lords Amendments 4B, 4C, 4D and 4E",322.0,253.0,,,,,,,0.88,Whipped
986.0,2021-03-22T19:53:00,2021-03-22T21:39:02,244.0,False,,,Trade Bill: motion to insist on Amendments 3C and 3D and disagree to Lords Amendment 3E,319.0,297.0,,,,,,,0.95,Whipped
985.0,2021-03-22T19:41:00,2021-03-22T20:37:06,243.0,False,,,Trade Bill: Amendment (a) to the motion to insist on Amendments 3C and 3D and disagree with Lords Amendment 3E,300.0,318.0,,,,,,,0.95,Whipped
984.0,2021-03-17T18:59:00,2021-03-17T19:31:11,242.0,False,,,Opposition day: The impact of the UK’s exit from the EU,65.0,361.0,,,,,,,0.66,Whipped
983.0,2021-03-17T16:18:00,2021-03-17T19:16:22,241.0,False,,,Government Amendment to the Opposition day debate on Scottish Parliamentary General Election and Scotland's constitutional future,369.0,55.0,,,,,,,0.65,Whipped
982.0,2021-03-17T16:05:00,2021-03-18T15:31:59,240.0,False,,,Opposition day: Scottish Parliamentary General Election and Scotland's constitutional future,53.0,362.0,,,,,,,0.64,Whipped
981.0,2021-03-16T19:10:00,2021-03-17T09:30:56,239.0,False,,,"Police, Crime, Sentencing and Courts Bill: Second Reading",359.0,263.0,,,,,,,0.96,Whipped
980.0,2021-03-16T18:59:00,2021-03-17T14:37:14,238.0,False,,,"Police, Crime, Sentencing and Courts Bill: Keir Starmer's Reasoned Amendment to Second Reading",225.0,359.0,,,,,,,0.9,Whipped
979.0,2021-03-11T13:47:00,2021-03-11T15:27:55,237.0,False,,,Contingencies Fund (No. 2) Bill Committee: New Clause 1,267.0,360.0,,,,,,,0.96,Whipped
978.0,2021-03-09T19:01:00,2021-03-09T21:37:28,236.0,False,,,Budget motion 5: Basic rate limit and personal allowance (future years),360.0,274.0,,,,,,,0.98,Whipped
1025.0,2021-04-28T16:54:00,2021-04-28T17:32:43,283.0,False,,,National Security and Investment Bill: motion to disagree with Lords Amendments 11B and 11C,358.0,269.0,,,,,,,0.96,Whipped
1024.0,2021-04-28T16:34:00,2021-04-28T17:15:57,282.0,False,,,Motion to revoke: Immigration (Guidance on Detention of Vulnerable Persons) Regulations 2021 (SI 2021 No. 184),270.0,358.0,,,,,,,0.97,Whipped
1023.0,2021-04-28T14:37:00,2021-04-28T15:40:08,281.0,False,,,Fire Safety Bill: motion to disagree with Lords Amendment 4L,322.0,256.0,,,,,,,0.89,Whipped
1022.0,2021-04-27T18:00:00,2021-04-30T16:17:32,280.0,False,,,Abortion (Northern Ireland) Regulations 2021,431.0,89.0,,,,,,,0.8,Possible Free Vote - needs verification
1021.0,2021-04-27T16:30:00,2021-04-27T16:50:39,279.0,False,,,Overseas Operations (Service Personnel and Veterans) Bill: motion to disagree with Lords amendment 5B,357.0,267.0,,,,,,,0.96,Whipped
1020.0,2021-04-27T15:19:00,2021-04-28T09:42:31,278.0,False,,,Fire Safety Bill: motion to disagree with Lords Amendment 4J,320.0,256.0,,,,,,,0.89,Whipped
1019.0,2021-04-26T23:46:00,2021-04-27T08:51:16,277.0,False,,,National Security and Investment Bill: motion to disagree with Lords Amendment 11,366.0,260.0,,,,,,,0.96,Whipped
1018.0,2021-04-26T22:35:00,2021-04-26T23:09:17,276.0,False,,,"Domestic Abuse Bill: motion to disagree with Lords Amendments 42D, 42E and 42F",351.0,227.0,,,,,,,0.89,Whipped
1017.0,2021-04-26T22:27:00,2021-04-26T22:44:04,275.0,False,,,Domestic Abuse Bill: motion to disagree with Lords Amendment 41B,352.0,270.0,,,,,,,0.96,Whipped
1016.0,2021-04-26T22:19:00,2021-04-26T22:33:43,274.0,False,,,Domestic Abuse Bill: motion to disagree with Lords Amendments 40B and 40C,350.0,270.0,,,,,,,0.95,Whipped
1015.0,2021-04-26T22:08:00,2021-04-26T22:30:48,273.0,False,,,Domestic Abuse Bill: motion to disagree with Lords Amendment 9B,352.0,219.0,,,,,,,0.88,Whipped
1014.0,2021-04-26T20:58:00,2021-04-27T08:51:31,272.0,False,,,Financial Services Bill: motion to disagree with Lords Amendment 8,355.0,271.0,,,,,,,0.96,Whipped
1013.0,2021-04-21T16:49:00,2021-04-21T17:02:59,271.0,False,,,Overseas Operations (Service Personnel and Veterans) Bill: motion to disagree with Lords Amendment 5,357.0,266.0,,,,,,,0.96,Whipped
1012.0,2021-04-21T16:41:00,2021-04-21T16:59:44,270.0,False,,,Overseas Operations (Service Personnel and Veterans) Bill: motion to disagree with Lords Amendment 4,357.0,268.0,,,,,,,0.96,Whipped
1011.0,2021-04-21T16:30:00,2021-04-22T10:08:05,269.0,False,,,Overseas Operations (Service Personnel and Veterans) Bill: motion to disagree with Lords Amendment 2,365.0,258.0,,,,,,,0.96,Whipped
1010.0,2021-04-20T17:13:00,2021-04-21T10:08:43,268.0,False,,,Finance (No. 2) Bill Committee: Amendment 81,214.0,364.0,,,,,,,0.89,Whipped
1009.0,2021-04-20T16:19:00,2021-04-20T17:02:32,267.0,False,,,Finance (No. 2) Bill Committee: New Clause 29,261.0,366.0,,,,,,,0.96,Whipped
1008.0,2021-04-19T23:08:00,2021-04-19T23:30:01,266.0,False,,,Finance Bill Committee: New Clause 25,260.0,366.0,,,,,,,0.96,Whipped
1007.0,2021-04-19T21:33:00,2021-04-19T23:09:32,265.0,False,,,Finance Bill Committee: New Clause 24,260.0,365.0,,,,,,,0.96,Whipped
1006.0,2021-04-19T21:22:00,2021-04-19T23:08:55,264.0,False,,,Finance Bill Committee: Amendment 79,260.0,365.0,,,,,,,0.96,Whipped
1005.0,2021-04-19T19:43:00,2021-04-19T21:56:10,263.0,False,,,Finance Bill Committee: New Clause 23,269.0,358.0,,,,,,,0.96,Whipped
1004.0,2021-04-19T19:34:00,2021-04-19T20:40:06,262.0,False,,,Finance Bill Committee: New Clause 10,261.0,367.0,,,,,,,0.97,Whipped
1003.0,2021-04-19T19:23:00,2021-04-20T11:17:16,261.0,False,,,Finance Bill Committee: Clause 5 Stand Part,356.0,224.0,,,,,,,0.89,Whipped
1002.0,2021-04-15T16:59:00,2021-04-19T12:38:54,260.0,False,,,Domestic Abuse Bill: Motion to disagree with Lords Amendment 43,352.0,226.0,,,,,,,0.89,Whipped
1001.0,2021-04-15T16:52:00,2021-04-19T12:38:20,259.0,False,,,Domestic Abuse Bill: Motion to disagree with Lords Amendment 42,351.0,226.0,,,,,,,0.89,Whipped
1000.0,2021-04-15T16:44:00,2021-04-19T12:38:08,258.0,False,,,Domestic Abuse Bill: Motion to disagree with Lords Amendment 41,352.0,270.0,,,,,,,0.96,Whipped
999.0,2021-04-15T16:37:00,2021-04-19T12:37:54,257.0,False,,,Domestic Abuse Bill: Motion to disagree with Lords Amendment 40,350.0,270.0,,,,,,,0.95,Whipped
998.0,2021-04-15T16:30:00,2021-04-19T12:37:39,256.0,False,,,Domestic Abuse Bill: Motion to disagree with Lords Amendment 38,362.0,217.0,,,,,,,0.89,Whipped
997.0,2021-04-15T16:23:00,2021-04-19T12:37:17,255.0,False,,,Domestic Abuse Bill: Motion to disagree with Lords Amendment 37,362.0,217.0,,,,,,,0.89,Whipped
996.0,2021-04-15T16:16:00,2021-04-19T12:36:55,254.0,False,,,Domestic Abuse Bill: Motion to disagree with Lords Amendment 33,361.0,218.0,,,,,,,0.89,Whipped
995.0,2021-04-15T16:08:00,2021-04-19T12:36:37,253.0,False,,,Domestic Abuse Bill: Motion to disagree with Lords Amendment 9,352.0,222.0,,,,,,,0.88,Whipped
994.0,2021-04-15T15:57:00,2021-04-19T12:36:14,252.0,False,,,Domestic Abuse Bill: Motion to disagree with Lords Amendment 1,360.0,221.0,,,,,,,0.89,Whipped
993.0,2021-04-14T18:59:00,2021-04-14T19:22:48,251.0,False,,,Opposition day: Strength of the UK's Armed Forces,256.0,357.0,,,,,,,0.94,Whipped
992.0,2021-04-14T16:00:00,2021-04-14T16:32:52,250.0,False,,,Opposition day: Lobbying of Government Committee,262.0,357.0,,,,,,,0.95,Whipped
991.0,2021-04-14T12:42:00,2021-04-14T13:29:15,249.0,False,,,Ten Minute Rule Motion: NHS Pay Award (Report),222.0,0.0,,,,,,,0.34,Whipped
990.0,2021-04-13T20:36:00,2021-04-13T21:14:23,248.0,False,,,Finance (No. 2) Bill: Second Reading,358.0,262.0,,,,,,,0.95,Whipped
989.0,2021-04-13T20:26:00,2021-04-14T10:59:54,247.0,False,,,Finance (No. 2) Bill: Keir Starmer's Reasoned Amendment to Second Reading ,268.0,358.0,,,,,,,0.96,Whipped
1043.0,2021-05-26T17:31:00,2021-06-08T09:54:58,18.0,False,,,Environment Bill Report Stage: New Clause 24,208.0,360.0,,,,,,,0.87,Whipped
1042.0,2021-05-26T17:21:00,2021-06-08T09:55:44,17.0,False,,,Environment Bill Report Stage New Clause 12,216.0,357.0,,,,,,,0.88,Whipped
1041.0,2021-05-26T15:53:00,2021-06-08T09:55:28,16.0,False,,,Environment Bill Report Stage: Amendment 29,210.0,359.0,,,,,,,0.88,Whipped
1040.0,2021-05-26T15:43:00,2021-06-08T09:56:04,15.0,False,,,Environment Bill Report Stage: New Clause 25,217.0,352.0,,,,,,,0.88,Whipped
1039.0,2021-05-25T16:56:00,2021-05-26T17:38:33,14.0,False,,,Telecommunications (Security) Bill Report Stage: New Clause 3,271.0,357.0,,,,,,,0.97,Whipped
1038.0,2021-05-25T16:49:00,2021-05-26T11:24:13,13.0,False,,,Telecommunications (Security) Bill Report Stage: New Clause 2,263.0,363.0,,,,,,,0.96,Whipped
1037.0,2021-05-25T16:38:00,2021-05-25T16:58:55,12.0,False,,,Telecommunications (Security) Bill Report Stage: New Clause 1,263.0,365.0,,,,,,,0.97,Whipped
1036.0,2021-05-24T22:30:00,2021-05-24T23:40:45,11.0,False,,,Finance Bill: Third Reading,365.0,261.0,,,,,,,0.96,Whipped
1035.0,2021-05-24T22:12:00,2021-06-08T09:56:28,10.0,False,,,Finance Bill Report Stage: New Clause 9,261.0,365.0,,,,,,,0.96,Whipped
1034.0,2021-05-24T22:01:00,2021-06-08T09:56:45,9.0,False,,,Finance Bill Report Stage: New Clause 24,218.0,358.0,,,,,,,0.89,Whipped
1033.0,2021-05-24T20:21:00,2021-06-08T09:57:01,8.0,False,,,Finance Bill Report Stage: New Clause 25,268.0,357.0,,,,,,,0.96,Whipped
1032.0,2021-05-24T19:33:00,2021-06-08T09:57:27,7.0,False,,,Finance Bill Report Stage: Amendment 29,268.0,357.0,,,,,,,0.96,Whipped
1031.0,2021-05-24T19:21:00,2021-06-08T09:57:43,6.0,False,,,Finance Bill Report Stage: New Clause 23,261.0,364.0,,,,,,,0.96,Whipped
1030.0,2021-05-19T19:25:00,2021-05-19T19:58:49,5.0,False,,,Queen's Speech (Motion for an Address),367.0,264.0,,,,,,,0.97,Whipped
1029.0,2021-05-19T19:17:00,2021-05-19T19:55:39,4.0,False,,,Queen's Speech (Motion for an Address): Amendment (g),265.0,366.0,,,,,,,0.97,Whipped
1028.0,2021-05-19T19:08:00,2021-05-19T19:52:42,3.0,False,,,Queen's Speech (Motion for an Address): Amendment (i),265.0,367.0,,,,,,,0.97,Whipped
1027.0,2021-05-19T18:58:00,2021-05-19T19:50:34,2.0,False,,,Queen's Speech (Motion for an Address): Amendment (j),264.0,367.0,,,,,,,0.97,Whipped
1026.0,2021-05-18T19:00:00,2021-05-18T20:36:07,1.0,False,,,Queen's Speech (Motion for an Address): Amendment (h),220.0,358.0,,,,,,,0.89,Whipped
1060.0,2021-06-23T17:39:00,2021-06-24T09:25:48,35.0,False,,,Armed Forces Bill Committee: New Clause 7,272.0,355.0,,,,,,,0.96,Whipped
1059.0,2021-06-23T17:28:00,2021-06-23T17:52:18,34.0,False,,,Armed Forces Bill Committee: Amendment 41,273.0,354.0,,,,,,,0.96,Whipped
1058.0,2021-06-23T17:18:00,2021-07-14T12:14:55,33.0,False,,,Armed Forces Bill: Committee: Amendment 1,271.0,355.0,,,,,,,0.96,Whipped
1057.0,2021-06-23T00:00:00,2021-06-24T11:30:00,32.0,True,,,"Adjournment (Conference, November and Christmas)",568.0,3.0,,,,,,,0.88,Whipped
1056.0,2021-06-21T21:59:00,2021-06-23T09:18:45,31.0,False,,,Opposition Day: Protecting Britain's Steel Industry,271.0,355.0,,,,,,,0.96,Whipped
1055.0,2021-06-21T19:30:00,2021-06-22T13:30:34,30.0,False,,,Opposition Day: Planning Decisions: Local Involvement,212.0,0.0,,,,,,,0.33,Whipped
1054.0,2021-06-16T19:10:00,2021-06-21T09:31:03,29.0,False,,,Proceedings during the pandemic,588.0,25.0,,,,,,,0.94,Whipped
1053.0,2021-06-16T18:59:00,2021-06-17T10:31:13,28.0,False,,,"The Health Protection (Coronavirus, Restrictions) (Steps and  Other Provisions) (England) (Amendment) (No. 2) Regulations  2021 ",489.0,60.0,,,,,,,0.84,Whipped
1052.0,2021-06-16T00:00:00,2021-06-16T15:41:06,27.0,True,,,Draft Climate Change Act 2008 (Credit Limit) Order 2021,363.0,263.0,,,,,,,0.96,Whipped
1051.0,2021-06-15T18:52:00,2021-06-15T19:53:44,26.0,False,,,Opposition day: Covid-19 secure borders,256.0,363.0,,,,,,,0.95,Whipped
1050.0,2021-06-15T16:05:00,2021-06-15T16:27:15,25.0,False,,,Opposition day: Allocation of funding for the catch-up premium,224.0,355.0,,,,,,,0.89,Whipped
1049.0,2021-06-09T18:58:00,2021-06-15T16:27:38,24.0,False,,,Opposition day: Protecting the public and justice for victims,223.0,0.0,,,,,,,0.34,Whipped
1048.0,2021-06-09T15:59:00,2021-06-15T16:27:56,23.0,False,,,Opposition day: Investing in children and young people,224.0,0.0,,,,,,,0.34,Whipped
1047.0,2021-06-09T00:00:00,2021-06-09T14:38:10,22.0,True,,,Information Commissioner (Remuneration),369.0,2.0,,,,,,,0.57,Whipped
1046.0,2021-06-07T20:49:00,2021-07-14T12:15:28,21.0,False,,,Advanced Research and Invention Agency Bill: Report Stage: Amendment 14,263.0,364.0,,,,,,,0.96,Whipped
1045.0,2021-06-07T20:41:00,2021-07-14T12:15:50,20.0,False,,,Advanced Research and Invention Agency Bill: Report Stage: Amendment 12,263.0,364.0,,,,,,,0.96,Whipped
1044.0,2021-06-07T20:30:00,2021-07-14T12:16:53,19.0,False,,,Advanced Research and Invention Agency Bill: Report Stage: Amendment 1,263.0,364.0,,,,,,,0.96,Whipped
1083.0,2021-07-20T19:10:00,2021-07-20T19:30:04,58.0,False,,,Nationality and Borders Bill: Second Reading,366.0,265.0,,,,,,,0.97,Whipped
1082.0,2021-07-20T19:00:00,2021-07-22T10:42:21,57.0,False,,,Nationality and Borders Bill: Keir Starmer's Reasoned Amendment to Second Reading ,265.0,359.0,,,,,,,0.96,Whipped
1081.0,2021-07-14T19:11:00,2021-07-14T19:36:58,56.0,False,,,Health and Care Bill: Second Reading,356.0,219.0,,,,,,,0.88,Whipped
1080.0,2021-07-14T19:00:00,2021-07-15T09:47:47,55.0,False,,,Health and Care Bill: Keir Starmer's Reasoned Amendment to Second Reading,218.0,359.0,,,,,,,0.89,Whipped
1079.0,2021-07-14T15:47:00,2021-07-14T16:13:06,54.0,False,,,Ten Minute Rule Bill: Planning and Local Representation Bill,219.0,0.0,,,,,,,0.34,Whipped
1078.0,2021-07-13T19:19:00,2021-07-14T09:25:40,53.0,False,,,Draft Health and Social Care Act 2008 (Regulated Activities) (Amendment) (Coronavirus) Regulations 2021,319.0,246.0,,,,,,,0.87,Whipped
1077.0,2021-07-13T17:34:00,2021-07-13T19:43:03,52.0,False,,,Armed Forces Bill: Report Stage: Amendment 2,272.0,358.0,,,,,,,0.97,Whipped
1076.0,2021-07-13T17:27:00,2021-07-14T11:39:22,51.0,False,,,Armed Forces Bill: Report Stage: Amendment 1,274.0,360.0,,,,,,,0.98,Whipped
1075.0,2021-07-13T17:17:00,2021-07-13T17:40:17,50.0,False,,,Armed Forces Bill: Report Stage: New Clause 4,272.0,361.0,,,,,,,0.97,Whipped
1074.0,2021-07-13T15:51:00,2021-07-13T17:29:36,49.0,False,,,Treasury update on international aid,333.0,298.0,,,,,,,0.97,Whipped
1073.0,2021-07-12T21:50:00,2021-07-14T11:40:20,48.0,False,,,Higher Education (Freedom of Speech) Bill: Reasoned Amendment to Second Reading,216.0,367.0,,,,,,,0.9,Whipped
1072.0,2021-07-07T18:59:00,2021-07-07T19:15:57,47.0,False,,,Opposition day: EU settlement scheme,54.0,365.0,,,,,,,0.64,Whipped
1071.0,2021-07-07T16:15:00,2021-07-07T16:44:57,46.0,False,,,Opposition day: Covid 19: contracts and public inquiry,263.0,365.0,,,,,,,0.97,Whipped
1070.0,2021-07-06T18:46:00,2021-07-06T19:10:26,45.0,False,,,Dissolution and Calling of Parliament Bill: Second Reading,367.0,65.0,,,,,,,0.66,Whipped
1069.0,2021-07-05T22:00:00,2021-07-05T22:15:25,44.0,False,,,"Police, Crime, Sentencing and Courts Bill: Third Reading",365.0,265.0,,,,,,,0.97,Whipped
1068.0,2021-07-05T21:26:00,2021-07-14T11:42:13,43.0,False,,,"Police, Crime, Sentencing and Courts Bill: Report Stage: New Clause 98",232.0,354.0,,,,,,,0.9,Whipped
1067.0,2021-07-05T21:18:00,2021-07-14T11:42:30,42.0,False,,,"Police, Crime, Sentencing and Courts Bill: Report Stage: New Clause 97",227.0,356.0,,,,,,,0.9,Whipped
1066.0,2021-07-05T21:10:00,2021-07-14T11:42:46,41.0,False,,,"Police, Crime, Sentencing and Courts Bill: Report Stage: New Clause 89",229.0,355.0,,,,,,,0.9,Whipped
1065.0,2021-07-05T21:00:00,2021-07-05T21:56:40,40.0,False,,,"Police, Crime, Sentencing and Courts Bill: Report Stage: New Clause 19",220.0,366.0,,,,,,,0.9,Whipped
1064.0,2021-07-05T18:57:00,2021-07-05T21:41:39,39.0,False,,,"Police, Crime, Sentencing and Courts Bill: Report Stage: Amendment 8",265.0,358.0,,,,,,,0.96,Whipped
1063.0,2021-07-05T18:50:00,2021-07-05T19:19:20,38.0,False,,,"Police, Crime, Sentencing and Courts Bill: Report Stage: Amendment 1",273.0,354.0,,,,,,,0.96,Whipped
1062.0,2021-07-05T18:42:00,2021-07-05T19:17:55,37.0,False,,,"Police, Crime, Sentencing and Courts Bill: Report Stage: New Clause 91",81.0,358.0,,,,,,,0.68,Whipped
1061.0,2021-07-05T18:30:00,2021-07-05T18:49:39,36.0,False,,,"Police, Crime, Sentencing and Courts Bill: Report Stage: New Clause 31",233.0,350.0,,,,,,,0.9,Whipped
1108.0,2021-09-22T18:02:00,2021-09-23T17:13:53,83.0,False,,,Subsidy Control Bill: Second Reading,287.0,50.0,,,,,,,0.52,Whipped
1107.0,2021-09-22T14:47:00,2021-11-18T14:29:39,82.0,False,,,Compensation (London Capital & Finance plc and Fraud Compensation Fund) Bill Report Stage: Amendment 1,52.0,292.0,,,,,,,0.53,Whipped
1106.0,2021-09-21T19:00:00,2021-09-23T11:14:57,81.0,False,,,Opposition day: Finances of working people: Government policy,222.0,300.0,,,,,,,0.8,Whipped
1105.0,2021-09-20T20:49:00,2021-09-21T17:02:06,80.0,False,,,Elections Bill: Instruction,309.0,186.0,,,,,,,0.76,Whipped
1104.0,2021-09-20T20:04:00,2021-09-22T12:34:41,79.0,False,,,Social Security (Uprating of Benefits) Bill: Third Reading,303.0,52.0,,,,,,,0.55,Whipped
1103.0,2021-09-20T19:46:00,2021-09-22T17:48:42,78.0,False,,,Social Security (Uprating of Benefits) Bill: Committee: New Clause 2,58.0,304.0,,,,,,,0.56,Whipped
1102.0,2021-09-20T19:13:00,2021-09-20T20:32:02,77.0,False,,,Social Security (Uprating of Benefits) Bill: Second Reading,300.0,55.0,,,,,,,0.55,Whipped
1101.0,2021-09-20T19:01:00,2021-09-21T14:58:29,76.0,False,,,Social Security (Uprating of Benefits) Bill,,,,,,,,,0.0,Whipped
1100.0,2021-09-15T18:59:00,2021-09-16T08:37:51,75.0,False,,,Opposition Day: Joint Committee to investigate the withdrawal from Afghanistan,222.0,292.0,,,,,,,0.79,Whipped
1099.0,2021-09-15T16:29:00,2021-09-16T11:43:03,74.0,False,,,Opposition day: Universal credit and working tax credits,253.0,0.0,,,,,,,0.39,Whipped
1098.0,2021-09-14T20:14:00,2021-09-14T20:33:41,73.0,False,,,Health and Social Care Levy Bill: Third Reading,307.0,251.0,,,,,,,0.86,Whipped
1097.0,2021-09-14T19:52:00,2021-09-15T16:57:14,72.0,False,,,Health and Social Care Levy Bill Committee: New Clause 5,240.0,320.0,,,,,,,0.86,Whipped
1096.0,2021-09-14T19:39:00,2021-09-15T18:27:17,71.0,False,,,Health and Social Care Levy Bill Committee: New Clause 3,236.0,320.0,,,,,,,0.86,Whipped
1095.0,2021-09-14T19:24:00,2021-09-14T20:13:56,70.0,False,,,Health and Social Care Levy Bill Committee: Amendment 4,56.0,324.0,,,,,,,0.58,Whipped
1094.0,2021-09-14T17:17:00,2021-11-08T16:36:27,69.0,False,,,Health and Social Care Levy Bill: Second Reading,317.0,256.0,,,,,,,0.88,Whipped
1093.0,2021-09-14T17:03:00,2021-09-15T17:10:20,68.0,False,,,Health and Social Care Levy Bill: Keir Starmer's Reasoned Amendment to Second Reading,249.0,327.0,,,,,,,0.89,Whipped
1092.0,2021-09-13T20:46:00,2021-09-14T13:48:48,67.0,False,,,Dissolution and Calling of Parliament Bill: Third Reading,312.0,55.0,,,,,,,0.56,Whipped
1091.0,2021-09-13T20:26:00,2021-09-14T11:25:58,66.0,False,,,Dissolution and Calling of Parliament Bill: Clause 2 ,316.0,162.0,,,,,,,0.74,Whipped
1090.0,2021-09-13T18:14:00,2021-09-14T15:04:30,65.0,False,,,Dissolution and Calling of Parliament Bill: Motion for an Instruction to Committee,192.0,323.0,,,,,,,0.79,Whipped
1089.0,2021-09-10T09:34:00,2021-09-10T09:59:10,64.0,False,,,Motion to sit in private,1.0,43.0,,,,,,,0.07,Whipped
1088.0,2021-09-08T19:14:00,2021-09-09T17:02:57,63.0,False,,,Health and Social Care Levy (Ways and Means) ,319.0,248.0,,,,,,,0.87,Whipped
1087.0,2021-09-08T19:00:00,2021-09-09T13:57:01,62.0,False,,,Health and Social Care Levy (Ways and Means) - Keir Starmer's Amendment,243.0,335.0,,,,,,,0.89,Whipped
1086.0,2021-09-07T19:14:00,2021-09-08T14:07:39,61.0,False,,,Elections Bill: Second Reading ,327.0,228.0,,,,,,,0.85,Whipped
1085.0,2021-09-07T19:00:00,2021-09-07T20:42:02,60.0,False,,,Elections Bill: Keir Starmer's Reasoned Amendment to Second Reading,230.0,329.0,,,,,,,0.86,Whipped
1084.0,2021-09-06T19:34:00,2021-09-07T20:35:23,59.0,False,,,National Insurance Contributions Bill Report Stage: New Clause 4,15.0,309.0,,,,,,,0.5,Whipped
1121.0,2021-10-26T18:05:00,2021-10-26T19:00:11,96.0,False,,,Judicial Review and Courts Bill: Second Reading,321.0,220.0,,,,,,,0.83,Whipped
1120.0,2021-10-22T13:21:00,2021-10-25T10:12:30,95.0,False,,,Employment and Trade Union Rights (Dismissal and Re-engagement) Bill: Second Reading: Closure Motion,188.0,251.0,,,,,,,0.68,Whipped
1119.0,2021-10-22T09:34:00,2021-10-22T14:19:48,94.0,False,,,Standing Order 163: Private Sitting,3.0,336.0,,,,,,,0.52,Whipped
1118.0,2021-10-20T19:43:00,2021-10-21T11:00:20,93.0,False,,,Environment Bill: motion to disagree with Lords Amendment 94,290.0,179.0,,,,,,,0.72,Whipped
1117.0,2021-10-20T19:30:00,2021-10-20T20:11:41,92.0,False,,,Environment Bill: motion to disagree with Lords Amendment 65,291.0,174.0,,,,,,,0.72,Whipped
1116.0,2021-10-20T19:18:00,2021-10-20T20:11:03,91.0,False,,,Environment Bill: Amendment (a) to Lords Amendment 45,268.0,204.0,,,,,,,0.73,Whipped
1115.0,2021-10-20T19:08:00,2021-10-20T20:08:22,90.0,False,,,Environment Bill: motion to disagree with Lords Amendment 43,297.0,182.0,,,,,,,0.74,Whipped
1114.0,2021-10-20T17:12:00,2021-10-20T18:03:12,89.0,False,,,Environment Bill: motion to disagree with Lords amendment 31,307.0,180.0,,,,,,,0.75,Whipped
1113.0,2021-10-20T16:59:00,2021-10-20T18:01:31,88.0,False,,,Environment Bill: motion to disagree with Lords amendment 28,309.0,185.0,,,,,,,0.76,Whipped
1112.0,2021-10-20T16:46:00,2021-10-20T17:58:41,87.0,False,,,Environment Bill: motion to disagree with Lords amendment 12,305.0,179.0,,,,,,,0.74,Whipped
1111.0,2021-10-20T16:32:00,2021-10-21T11:08:03,86.0,False,,,Environment Bill: motion to disagree with Lords amendment 3,307.0,185.0,,,,,,,0.76,Whipped
1110.0,2021-10-19T19:26:00,2021-10-20T10:45:26,85.0,False,,,Opposition day: Supporting small business,215.0,298.0,,,,,,,0.79,Whipped
1109.0,2021-10-19T14:46:00,2021-10-20T15:08:17,84.0,False,,,Amendment (a) to motion on the Independent Expert Panel recommendations for sanctions and the Recall of MPs Act,213.0,297.0,,,,,,,0.78,Whipped
1157.0,2021-11-30T19:26:00,2021-12-01T16:01:05,125.0,False,,,Conduct of the Rt Hon Member for Uxbridge and South Ruislip,214.0,321.0,,,,,,,0.82,Whipped
1156.0,2021-11-30T16:04:00,2021-12-01T10:56:57,124.0,False,,,"Motion No. 4 - Health Protection (Coronavirus, restrictions) (Self-isolation)",431.0,36.0,,,,,,,0.72,Whipped
1155.0,2021-11-30T15:48:00,2021-12-01T17:10:31,123.0,False,,,"Health Protection (Coronavirus, wearing of face coverings) (England) regulations 2021",434.0,23.0,,,,,,,0.7,Whipped
1154.0,2021-11-23T18:57:00,2021-11-24T11:27:02,122.0,False,,,Health and Care Bill: Third Reading,294.0,244.0,,,,,,,0.83,Whipped
1153.0,2021-11-23T18:16:00,2021-11-23T18:36:05,121.0,False,,,Health and Care Bill Report Stage: Amendment 82,239.0,311.0,,,,,,,0.85,Whipped
1152.0,2021-11-23T18:00:00,2021-11-24T11:37:46,120.0,False,,,Health and Care Bill Report Stage: Amendment 70,191.0,307.0,,,,,,,0.77,Whipped
1151.0,2021-11-23T16:46:00,2021-11-23T18:12:35,119.0,False,,,Health and Care Bill Report Stage: Amendment 10,219.0,280.0,,,,,,,0.77,Whipped
1150.0,2021-11-23T16:30:00,2021-11-23T18:12:04,118.0,False,,, Health and Care Bill Report Stage: New Clause 12,240.0,304.0,,,,,,,0.84,Whipped
1149.0,2021-11-22T22:29:00,2021-11-22T22:55:07,117.0,False,,,Health and Care Bill Report Stage: Amendment 78,192.0,300.0,,,,,,,0.76,Whipped
1148.0,2021-11-22T22:16:00,2021-11-23T15:11:26,116.0,False,,,Health and Care Bill Report Stage: Amendment 72,195.0,302.0,,,,,,,0.76,Whipped
1147.0,2021-11-22T21:59:00,2021-11-23T15:56:16,115.0,False,,,Health and Care Bill Report Stage: New Clause 49,272.0,246.0,,,,,,,0.8,Whipped
1146.0,2021-11-22T19:11:00,2021-11-23T18:57:00,114.0,False,,,Health and Care Bill Report Stage: New Clause 16 ,194.0,298.0,,,,,,,0.76,Whipped
1145.0,2021-11-22T18:57:00,2021-11-23T18:57:43,113.0,False,,,Health and Care Bill Report Stage: New Clause 4,230.0,297.0,,,,,,,0.81,Whipped
1141.0,2021-11-17T19:02:00,2021-11-18T11:24:37,112.0,False,,,Opposition Day: Strengthening Standards in Public Life: The Prime Minister's Amendment,297.0,0.0,,,,,,,0.46,Whipped
1140.0,2021-11-17T18:47:00,2021-11-22T13:34:26,111.0,False,,,Opposition Day: Strengthening Standards in Public Life,231.0,282.0,,,,,,,0.79,Whipped
1139.0,2021-11-16T17:16:00,2021-11-16T17:51:40,110.0,False,,,Finance (No. 2) Bill: Second Reading,314.0,233.0,,,,,,,0.84,Whipped
1138.0,2021-11-16T17:07:00,2021-11-16T17:47:22,109.0,False,,,Finance (No. 2) Bill: Keir Starmer's Reasoned Amendment to Second Reading,238.0,310.0,,,,,,,0.84,Whipped
1136.0,2021-11-15T18:59:00,2021-11-15T21:14:47,108.0,False,,,Social Security (Up-rating of Benefits) Bill Lords Amendments Motion to disagree LA2,299.0,53.0,,,,,,,0.54,Whipped
1135.0,2021-11-15T18:45:00,2021-11-16T12:43:26,107.0,False,,,Social Security (Up-rating of Benefits) Bill Lords Amendments Motion to disagree LA1,300.0,229.0,,,,,,,0.81,Whipped
1134.0,2021-11-08T21:52:00,2021-11-09T15:44:20,106.0,False,,,Telecommunications (Security) Bill: Lords Amendment 5: Govt. motion to disagree,273.0,161.0,,,,,,,0.67,Whipped
1133.0,2021-11-08T21:37:00,2021-11-09T15:40:57,105.0,False,,,Telecommunications (Security) Bill: Lords Amendment 4: Govt. motion to disagree,276.0,161.0,,,,,,,0.67,Whipped
1132.0,2021-11-08T20:21:00,2021-11-10T16:21:41,104.0,False,,,Environment Bill: Lords Amdt. 45B: Govt. motion to disagree and propose (a) and (b) in lieu,283.0,163.0,,,,,,,0.69,Whipped
1131.0,2021-11-08T20:07:00,2021-11-08T21:01:21,103.0,False,,,Environment Bill: Govt. motion to insist on amdts. 31A and 31B and disagree to amdt. 31C,279.0,162.0,,,,,,,0.68,Whipped
1127.0,2021-11-03T18:52:00,2021-11-04T17:23:16,102.0,False,,,Nuclear Energy (Financing) Bill: Programme motion,256.0,80.0,,,,,,,0.52,Whipped
1126.0,2021-11-03T18:36:00,2021-11-04T17:22:47,101.0,False,,,Nuclear Energy (Financing) Bill: Second Reading,319.0,44.0,,,,,,,0.56,Whipped
1125.0,2021-11-03T15:45:00,2021-11-08T09:59:51,100.0,False,,,Committee on Standards - Motion as amended,248.0,221.0,,,,,,,0.72,Whipped
1124.0,2021-11-03T15:29:00,2021-11-03T18:48:29,99.0,False,,,Committee on Standards - Amendment (a),250.0,232.0,,,,,,,0.74,Whipped
1123.0,2021-11-02T19:15:00,2021-11-02T20:04:59,98.0,False,,,Budget Resolutions: Motion 7,319.0,231.0,,,,,,,0.85,Whipped
1122.0,2021-11-02T19:00:00,2021-11-04T14:41:01,97.0,False,,,Budget Resolutions: Motion 6,319.0,230.0,,,,,,,0.84,Whipped
1183.0,2021-12-14T19:03:00,2022-01-24T14:27:54,151.0,False,,,draft Health and Social Care Act 2008 (Regulated Activities) (Amendment) (Coronavirus) (No.2) Regulations 2021,385.0,100.0,,,,,,,0.75,Whipped
1182.0,2021-12-14T18:47:00,2021-12-15T16:51:27,150.0,False,,,Health Protection (Entry to venues etc) SI No 1416,369.0,126.0,,,,,,,0.76,Whipped
1181.0,2021-12-14T18:31:00,2021-12-14T20:02:40,149.0,False,,,Health Regulations (Face Coverings) SI No 1400,441.0,41.0,,,,,,,0.74,Whipped
1180.0,2021-12-13T20:42:00,2021-12-15T17:27:45,148.0,False,,,Subsidy Control Bill Report Stage: Amendment 16,178.0,292.0,,,,,,,0.72,Whipped
1179.0,2021-12-13T20:30:00,2021-12-14T10:27:02,147.0,False,,,Subsidy Control Bill Report Stage: Amendment 19,180.0,292.0,,,,,,,0.73,Whipped
1178.0,2021-12-13T20:17:00,2021-12-14T16:15:17,146.0,False,,,Subsidy Control Bill Report Stage: New Clause 1,31.0,292.0,,,,,,,0.5,Whipped
1177.0,2021-12-10T09:34:00,2021-12-10T10:37:30,145.0,False,,,Motion to sit in private,3.0,53.0,,,,,,,0.09,Whipped
1176.0,2021-12-08T20:28:00,2021-12-08T20:59:41,144.0,False,,,Opposition Day: Rail Investment and the Integrated Rail Plan,139.0,0.0,,,,,,,0.21,Whipped
1175.0,2021-12-08T16:00:00,2021-12-14T15:17:24,143.0,False,,,Nationality and Borders Bill: Third Reading,298.0,231.0,,,,,,,0.81,Whipped
1174.0,2021-12-08T15:35:00,2021-12-08T16:18:53,142.0,False,,,Nationality and Borders Bill (Report): Amendment 128,231.0,300.0,,,,,,,0.82,Whipped
1173.0,2021-12-08T15:09:00,2021-12-10T09:41:14,141.0,False,,,Nationality and Borders Bill Report Stage: New Clause 6,234.0,293.0,,,,,,,0.81,Whipped
1172.0,2021-12-08T14:59:00,2021-12-08T16:26:37,140.0,False,,,Nationality and Borders Bill Report Stage: New Clause 3,236.0,288.0,,,,,,,0.81,Whipped
1171.0,2021-12-07T19:55:00,2021-12-07T20:29:39,139.0,False,,,Nationality and Borders Bill (Report): Amendment 98,235.0,313.0,,,,,,,0.84,Whipped
1170.0,2021-12-07T19:42:00,2021-12-08T16:03:08,138.0,False,,,Nationality and Borders Bill (Report): Amendment 116,233.0,318.0,,,,,,,0.85,Whipped
1169.0,2021-12-07T19:29:00,2021-12-08T16:04:17,137.0,False,,,Nationality and Borders Bill (Report): New Clause 52,251.0,296.0,,,,,,,0.84,Whipped
1168.0,2021-12-07T19:14:00,2021-12-07T20:06:03,136.0,False,,,Nationality and Borders Bill (Report): New Clause 50,235.0,314.0,,,,,,,0.84,Whipped
1167.0,2021-12-07T16:59:00,2021-12-07T18:05:03,135.0,False,,,Nationality and Borders Bill (Report): New Clause 8,237.0,323.0,,,,,,,0.86,Whipped
1166.0,2021-12-07T16:45:00,2021-12-07T18:05:18,134.0,False,,,Nationality and Borders Bill (Report): New Clause 2,245.0,309.0,,,,,,,0.85,Whipped
1165.0,2021-12-06T20:50:00,2021-12-06T21:06:29,133.0,False,,,Armed Forces Bill: Motion to disagree with Lords Amendment 2,305.0,215.0,,,,,,,0.8,Whipped
1164.0,2021-12-06T20:37:00,2021-12-06T21:07:14,132.0,False,,,Armed Forces Bill: Motion to disagree with Lords Amendment 1,302.0,221.0,,,,,,,0.8,Whipped
1163.0,2021-12-03T13:39:00,2021-12-03T14:01:05,131.0,False,,,"Copyright (Rights and Remuneration of Musicians, Etc.) Bill: Second Reading: Closure",28.0,59.0,,,,,,,0.13,Whipped
1162.0,2021-12-03T09:34:00,2021-12-03T09:56:28,130.0,False,,,Motion to sit in private,1.0,79.0,,,,,,,0.12,Whipped
1161.0,2021-12-01T17:37:00,2021-12-02T11:28:39,129.0,False,,,Finance (No. 2) Bill: NC7,215.0,299.0,,,,,,,0.79,Whipped
1160.0,2021-12-01T17:23:00,2021-12-02T11:28:12,128.0,False,,,Finance (No. 2) Bill CWH New Clause 5 ,212.0,306.0,,,,,,,0.8,Whipped
1159.0,2021-12-01T16:02:00,2021-12-02T11:30:27,127.0,False,,,Finance (No. 2) Bill: NC10,52.0,307.0,,,,,,,0.55,Whipped
1158.0,2021-12-01T15:47:00,2021-12-01T17:30:46,126.0,False,,,Finance (No. 2) Bill: Clause 6 stand part,301.0,206.0,,,,,,,0.78,Whipped
1214.0,2022-01-31T19:44:00,2022-01-31T20:11:05,178.0,False,,,ARIA Bill: Motion to disagree with Lords Amendment 1,304.0,208.0,,,,,,,0.79,Whipped
1213.0,2022-01-26T15:48:00,2022-01-26T17:03:04,177.0,False,,,draft Trade Union (Power of the Certification Officer to Impose Financial  Penalties) Regulations 2022,297.0,182.0,,,,,,,0.74,Whipped
1212.0,2022-01-26T15:34:00,2022-01-26T17:02:40,176.0,False,,,draft Trade Union (Levy Payable to Certification Officer) Regulations 2022,298.0,176.0,,,,,,,0.73,Whipped
1209.0,2022-01-25T18:49:00,2022-01-25T20:38:18,175.0,False,,,Judicial Review and Courts Bill: Third Reading,310.0,211.0,,,,,,,0.8,Whipped
1207.0,2022-01-25T18:20:00,2022-01-25T18:37:28,174.0,False,,,Judicial Review and Courts Bill Report Stage: Amendment 41,220.0,315.0,,,,,,,0.82,Whipped
1206.0,2022-01-25T18:09:00,2022-01-25T18:23:17,173.0,False,,,Judicial Review and Courts Bill Report Stage: Amendment 22,176.0,316.0,,,,,,,0.76,Whipped
1205.0,2022-01-25T17:55:00,2022-01-25T18:14:21,172.0,False,,,Judicial Review and Courts Bill Report Stage: Amendment 20,184.0,310.0,,,,,,,0.76,Whipped
1204.0,2022-01-25T16:26:00,2022-01-25T16:40:14,171.0,False,,,Judicial Review and Courts Bill Report Stage: Amendment 43,61.0,316.0,,,,,,,0.58,Whipped
1203.0,2022-01-25T16:14:00,2022-01-25T16:34:59,170.0,False,,,Judicial Review and Courts Bill Report Stage: Amendment 25,228.0,313.0,,,,,,,0.83,Whipped
1202.0,2022-01-25T15:58:00,2022-01-25T16:23:54,169.0,False,,,Judicial Review and Courts Bill Report Stage: New Clause 4,187.0,315.0,,,,,,,0.77,Whipped
1201.0,2022-01-24T20:37:00,2022-01-25T16:24:52,168.0,False,,,Leasehold Reform (Ground Rent) Bill [Lords] Report Stage: New Clause 1,162.0,306.0,,,,,,,0.72,Whipped
1200.0,2022-01-24T19:33:00,2022-01-25T13:19:12,167.0,False,,,Opposition Day: Increases in the cost of living,57.0,0.0,,,,,,,0.09,Whipped
1199.0,2022-01-21T09:34:00,2022-01-21T11:11:18,166.0,False,,,Motion to sit in private,0.0,46.0,,,,,,,0.07,Whipped
1198.0,2022-01-19T16:01:00,2022-01-20T11:18:51,165.0,False,,,Building Safety Bill Report Stage: New Clause 3,181.0,301.0,,,,,,,0.74,Whipped
1197.0,2022-01-17T21:58:00,2022-01-18T14:43:32,164.0,False,,,Elections Bill Third Reading,325.0,234.0,,,,,,,0.86,Whipped
1196.0,2022-01-17T21:40:00,2022-01-17T21:53:51,163.0,False,,,Elections Bill Report Stage: Amendment 3,234.0,328.0,,,,,,,0.86,Whipped
1195.0,2022-01-17T21:26:00,2022-01-25T15:30:03,162.0,False,,,Elections Bill Report Stage: Amendment 1,234.0,327.0,,,,,,,0.86,Whipped
1194.0,2022-01-17T21:14:00,2022-01-17T21:43:21,161.0,False,,,Elections Bill Report Stage: New Clause 2,237.0,322.0,,,,,,,0.86,Whipped
1193.0,2022-01-17T21:00:00,2022-01-17T22:04:36,160.0,False,,,Elections Bill Report Stage: New Clause 1,236.0,327.0,,,,,,,0.87,Whipped
1192.0,2022-01-11T18:59:00,2022-01-11T19:15:15,159.0,False,,,Opposition Day: Reducing costs for business,219.0,0.0,,,,,,,0.34,Whipped
1191.0,2022-01-11T16:44:00,2022-01-11T17:31:48,158.0,False,,,Opposition Day: Value Added Tax on household energy bills,229.0,319.0,,,,,,,0.84,Whipped
1190.0,2022-01-10T22:03:00,2022-01-10T22:36:55,157.0,False,,,Welfare Cap,306.0,54.0,,,,,,,0.55,Whipped
1189.0,2022-01-10T21:51:00,2022-01-10T22:36:39,156.0,False,,,Charter for Budget Responsibility,309.0,206.0,,,,,,,0.79,Whipped
1188.0,2022-01-10T20:00:00,2022-01-10T20:29:33,155.0,False,,,Nuclear Energy (Financing) Bill: Third Reading,458.0,53.0,,,,,,,0.79,Whipped
1187.0,2022-01-10T19:19:00,2022-02-25T15:45:09,154.0,False,,,Nuclear Energy (Finance) Bill Report Stage: Amendment 3,207.0,315.0,,,,,,,0.8,Whipped
1186.0,2022-01-10T19:07:00,2022-01-10T19:38:29,153.0,False,,,Nuclear Energy (Finance) Bill: Report: Amendment 9,207.0,315.0,,,,,,,0.8,Whipped
1184.0,2022-01-10T18:54:00,2022-01-12T09:38:15,152.0,False,,,Nuclear Energy (Financing) Bill Report Stage: Amendment 1,204.0,316.0,,,,,,,0.8,Whipped
1237.0,2022-02-28T00:41:00,2022-03-07T09:04:31,201.0,False,,,"Police, Crime, Sentencing & Courts Bill: Motion to disagree with Lords Amendment 87",292.0,238.0,,,,,,,0.82,Whipped
1236.0,2022-02-28T00:27:00,2022-03-07T09:04:09,200.0,False,,,"Police, Crime, Sentencing & Courts Bill: Motion to disagree with Lords Amendment 81",298.0,236.0,,,,,,,0.82,Whipped
1235.0,2022-02-28T00:14:00,2022-03-15T14:43:11,199.0,False,,,"Police, Crime, Sentencing & Courts Bill: Motion to disagree with Lords Amendment 80",289.0,237.0,,,,,,,0.81,Whipped
1234.0,2022-02-28T00:00:00,2022-03-07T09:03:26,198.0,False,,,"Police, Crime, Sentencing & Courts Bill: Motion to disagree with Lords Amendment 73",288.0,238.0,,,,,,,0.81,Whipped
1233.0,2022-02-28T21:50:00,2022-03-15T14:42:19,197.0,False,,,"Police, Crime, Sentencing and Courts Bill: Motion to disagree with Lords Amendment 107",314.0,190.0,,,,,,,0.78,Whipped
1232.0,2022-02-28T20:25:00,2022-03-15T14:42:49,196.0,False,,,"Police, Crime, Sentencing & Courts Bill: Motion to disagree with Lords Amendment 141 ",304.0,198.0,,,,,,,0.77,Whipped
1231.0,2022-02-28T20:12:00,2022-03-01T13:35:38,195.0,False,,,"Police, Crime, Sentencing & Courts Bill: LA116 Motion to disagree",315.0,189.0,,,,,,,0.78,Whipped
1230.0,2022-02-28T19:57:00,2022-03-01T00:21:12,194.0,False,,,"Police, Crime, Sentencing & Courts Bill: Motion to disagree with LA72",314.0,190.0,,,,,,,0.78,Whipped
1229.0,2022-02-25T09:34:00,2022-02-25T09:48:51,193.0,False,,,Motion to sit in private,0.0,48.0,,,,,,,0.07,Whipped
1228.0,2022-02-23T18:59:00,2022-02-24T13:52:26,192.0,False,,,Opposition Day: Exempt accommodation,142.0,0.0,,,,,,,0.22,Whipped
1227.0,2022-02-22T16:21:00,2022-02-23T14:35:05,191.0,False,,,Public Service Pensions and Judicial Offices Bill [Lords] Report Stage: New Clause 8,198.0,301.0,,,,,,,0.77,Whipped
1226.0,2022-02-22T16:07:00,2022-02-25T15:43:48,190.0,False,,,Public Service Pensions and Judicial Offices Bill [Lords] Report Stage: New Clause 1,299.0,81.0,,,,,,,0.58,Whipped
1225.0,2022-02-21T21:24:00,2022-02-21T23:29:22,189.0,False,,,Skills and Post-16 Education Bill [Lords]: Report Stage: Amendment 13,158.0,291.0,,,,,,,0.69,Whipped
1224.0,2022-02-21T21:11:00,2022-02-22T18:37:07,188.0,False,,,Skills and Post-16 Education Bill [Lords]: Report Stage: Amendment 14,154.0,298.0,,,,,,,0.7,Whipped
1223.0,2022-02-21T20:57:00,2022-02-22T18:36:40,187.0,False,,,Skills and Post-16 Education Bill [Lords]: Report Stage: New Clause 14,154.0,298.0,,,,,,,0.7,Whipped
1222.0,2022-02-09T00:00:00,2022-02-23T18:32:50,186.0,True,,,draft Money Laundering and Terrorist Financing (Amendment) Regulations 2022,304.0,215.0,,,,,,,0.8,Whipped
1221.0,2022-02-07T19:25:00,2022-02-08T11:04:05,185.0,False,,,draft Social Security Up-rating Order 2022,298.0,29.0,,,,,,,0.5,Whipped
1220.0,2022-02-04T09:34:00,2022-02-04T09:48:24,184.0,False,,,Motion to sit in private,0.0,45.0,,,,,,,0.07,Whipped
1219.0,2022-02-02T18:50:00,2022-02-03T14:06:36,183.0,False,,,Finance (No. 2) Bill Third Reading,302.0,226.0,,,,,,,0.81,Whipped
1218.0,2022-02-02T18:26:00,2022-02-03T14:05:56,182.0,False,,,Finance (No. 2) Bill Report Stage: Amendment 35,228.0,301.0,,,,,,,0.81,Whipped
1217.0,2022-02-02T18:14:00,2022-02-03T14:14:41,181.0,False,,,Finance (No. 2) Bill Report Stage: New Clause 27,230.0,301.0,,,,,,,0.82,Whipped
1216.0,2022-02-02T18:00:00,2022-02-25T15:44:28,180.0,False,,,Finance (No. 2) Bill Report Stage: New Clause 17,228.0,306.0,,,,,,,0.82,Whipped
1215.0,2022-02-01T18:58:00,2022-02-01T19:36:25,179.0,False,,,Opposition Day: Oil and gas producers: Windfall tax,192.0,0.0,,,,,,,0.3,Whipped
1277.0,2022-03-30T20:57:00,2022-03-30T21:11:49,241.0,False,,,Health and Care Bill: motion to disagree with Lords Amendment 90,259.0,147.0,,,,,,,0.62,Whipped
1276.0,2022-03-30T20:43:00,2022-03-30T21:03:37,240.0,False,,,Health and Care Bill: motion to disagree with Lords Amendment 80,247.0,150.0,,,,,,,0.61,Whipped
1275.0,2022-03-30T19:25:00,2022-03-30T21:04:36,239.0,False,,,Health and Care Bill: motion to disagree with Lords Amendment 30,265.0,156.0,,,,,,,0.65,Whipped
1274.0,2022-03-30T19:10:00,2022-03-30T21:04:13,238.0,False,,,Health and Care Bill: motion to disagree with Lords Amendment 29,249.0,167.0,,,,,,,0.64,Whipped
1273.0,2022-03-30T17:26:00,2022-03-30T20:03:32,237.0,False,,,Health and Care Bill: Government Amendment (a) in lieu of Lords Amendment 92,215.0,188.0,,,,,,,0.62,Whipped
1272.0,2022-03-30T17:11:00,2022-03-30T19:47:26,236.0,False,,,Health and Care Bill: Motion to disagree with Lords Amendment 85,275.0,183.0,,,,,,,0.7,Whipped
1271.0,2022-03-29T17:49:00,2022-03-30T12:16:51,235.0,False,,,draft Social Security (Contributions) (Amendment No. 2) Regulations 2022,268.0,195.0,,,,,,,0.71,Whipped
1270.0,2022-03-28T20:23:00,2022-03-29T17:05:06,234.0,False,,,"Police, Crime, Sentencing and Courts Bill: Motion to disagree with Lords Amendment 80G",278.0,202.0,,,,,,,0.74,Whipped
1269.0,2022-03-28T20:11:00,2022-03-29T17:04:51,233.0,False,,,"Police, Crime, Sentencing and Courts Bill: Motion to disagree with Lords Reason 73B, Amendments 74B to 74G and Reason 87G",276.0,202.0,,,,,,,0.74,Whipped
1268.0,2022-03-28T19:56:00,2022-03-29T17:04:30,232.0,False,,,"Police, Crime, Sentencing and Courts Bill: Motion to disagree with Lords Amendment 72B, and to propose amendments (a) and (b) in lieu",283.0,148.0,,,,,,,0.66,Whipped
1267.0,2022-03-28T18:41:00,2022-03-29T17:03:59,231.0,False,,,Skills and Post-16 Education Bill: Motion to disagree with Lords Amendment 15B,280.0,152.0,,,,,,,0.66,Whipped
1266.0,2022-03-22T20:07:00,2022-03-24T13:13:52,230.0,False,,,Nationality and Borders Bill: Motion to disagree with Lords Amendment 40,298.0,216.0,,,,,,,0.79,Whipped
1265.0,2022-03-22T19:56:00,2022-03-22T20:32:43,229.0,False,,,Nationality and Borders Bill: Motion to disagree with Lords Amendment 26,291.0,214.0,,,,,,,0.78,Whipped
1264.0,2022-03-22T19:44:00,2022-03-22T20:01:02,228.0,False,,,Nationality and Borders Bill: Motion to disagree with Lords Amendment 25,296.0,219.0,,,,,,,0.79,Whipped
1263.0,2022-03-22T19:32:00,2022-03-22T19:55:41,227.0,False,,,Nationality and Borders Bill: Motion to disagree with Lords Amendment 24,300.0,221.0,,,,,,,0.8,Whipped
1262.0,2022-03-22T19:18:00,2022-03-22T19:41:53,226.0,False,,,Nationality and Borders Bill: Motion to disagree with Lords Amendment 22,307.0,217.0,,,,,,,0.81,Whipped
1261.0,2022-03-22T17:49:00,2022-03-22T18:26:26,225.0,False,,,Nationality and Borders Bill: Motion to disagree with Lords Amendment 13,317.0,220.0,,,,,,,0.83,Whipped
1260.0,2022-03-22T17:37:00,2022-03-23T17:12:51,224.0,False,,,Nationality and Borders Bill: Motion to disagree with Lords Amendment 11,313.0,227.0,,,,,,,0.83,Whipped
1259.0,2022-03-22T17:25:00,2022-03-22T18:05:48,223.0,False,,,Nationality and Borders Bill: Motion to disagree with Lords Amendment 10,305.0,230.0,,,,,,,0.82,Whipped
1258.0,2022-03-22T17:12:00,2022-03-24T15:56:56,222.0,False,,,Nationality and Borders Bill: Motion to disagree with Lords Amendment 9,302.0,232.0,,,,,,,0.82,Whipped
1257.0,2022-03-22T16:59:00,2022-03-28T15:18:03,221.0,False,,,Nationality and Borders Bill: Motion to disagree with Lords Amendment 7,291.0,232.0,,,,,,,0.8,Whipped
1256.0,2022-03-22T16:47:00,2022-03-24T13:14:28,220.0,False,,,Nationality and Borders Bill: Motion to disagree with Lords Amendment 6,318.0,220.0,,,,,,,0.83,Whipped
1255.0,2022-03-22T16:34:00,2022-03-23T14:03:02,219.0,False,,,Nationality and Borders Bill: Motion to disagree with Lords Amendment 5,313.0,231.0,,,,,,,0.84,Whipped
1254.0,2022-03-22T16:19:00,2022-03-23T13:04:47,218.0,False,,,Nationality and Borders Bill: Motion to disagree with Lords Amendment 4,318.0,223.0,,,,,,,0.83,Whipped
1253.0,2022-03-21T19:30:00,2022-03-22T18:19:04,217.0,False,,,Opposition Day: P&O Ferries and Employment Rights,211.0,0.0,,,,,,,0.32,Whipped
1252.0,2022-03-18T09:34:00,2022-03-18T09:50:23,216.0,False,,,Motion to sit in private,0.0,40.0,,,,,,,0.06,Whipped
1251.0,2022-03-14T21:56:00,2022-03-14T22:34:41,215.0,False,,,Animal Welfare (Sentience) Bill [Lords] Report Stage: New Clause 5,179.0,286.0,,,,,,,0.72,Whipped
1250.0,2022-03-14T21:42:00,2022-03-17T15:48:32,214.0,False,,,Animal Welfare (Sentience) Bill [Lords] Report Stage: New Clause 3,218.0,288.0,,,,,,,0.78,Whipped
1249.0,2022-03-14T21:27:00,2022-03-17T15:48:49,213.0,False,,,Animal Welfare (Sentience) Bill [Lords] Report Stage: New Clause 1,179.0,286.0,,,,,,,0.72,Whipped
1248.0,2022-03-14T19:26:00,2022-03-15T11:56:05,212.0,False,,,Professional Qualifications Bill [Lords]: Third Reading,295.0,39.0,,,,,,,0.51,Whipped
1247.0,2022-03-14T19:07:00,2022-03-17T15:49:26,211.0,False,,,Professional Qualifications Bill [Lords] Report Stage: Amendment 3,210.0,296.0,,,,,,,0.78,Whipped
1246.0,2022-03-14T18:14:00,2022-03-15T14:44:33,210.0,False,,,Dissolution and Calling of Parliament Bill: motion to disagree with Lords Amendment 1,292.0,217.0,,,,,,,0.78,Whipped
1245.0,2022-03-09T00:00:00,2022-03-09T17:24:55,209.0,True,,,Draft Genetically Modified Organisms (Deliberate Release) (Amendment) (England) Regulations 2022,305.0,2.0,,,,,,,0.47,Whipped
1244.0,2022-03-07T22:08:00,2022-03-08T15:53:06,208.0,False,,,Economic Crime (Transparency and Enforcement) Bill Committee: New Clause 29,234.0,300.0,,,,,,,0.82,Whipped
1243.0,2022-03-07T21:54:00,2022-03-08T16:32:23,207.0,False,,,Economic Crime (Transparency and Enforcement) Bill Committee: New Clause 7,225.0,306.0,,,,,,,0.82,Whipped
1242.0,2022-03-07T21:39:00,2022-03-07T22:36:07,206.0,False,,,Economic Crime (Transparency and Enforcement) Bill Committee: New Clause 2,229.0,303.0,,,,,,,0.82,Whipped
1241.0,2022-03-02T00:00:00,2022-03-02T15:59:26,205.0,True,,,"Draft Tax Credits, Child Benefit and Guardian's Allowance Up-rating Regulations 2022",303.0,11.0,,,,,,,0.48,Whipped
1240.0,2022-03-02T00:00:00,2022-03-02T15:59:01,204.0,True,,,"Draft Social Security (Contributions) (Rates, Limits and Thresholds Amendments and National Insurance Funds Payments) Regulations 2022",302.0,1.0,,,,,,,0.47,Whipped
1239.0,2022-03-01T18:36:00,2022-03-15T14:43:46,203.0,False,,,National Insurance Contributions Bill: Motion to disagree with Lords Amendment 4 ,298.0,199.0,,,,,,,0.76,Whipped
1238.0,2022-03-01T18:22:00,2022-03-15T14:44:09,202.0,False,,,National Insurance Contributions Bill: Motion to disagree with Lords Amendment 2,295.0,198.0,,,,,,,0.76,Whipped
1306.0,2022-04-27T16:41:00,2022-04-27T16:56:56,270.0,False,,,Elections Bill: Government Motion to disagree to Lords Amendment 86,306.0,213.0,,,,,,,0.8,Whipped
1305.0,2022-04-27T16:28:00,2022-04-27T16:42:54,269.0,False,,,Elections Bill: Government Motion to disagree to Lords Amendment 23,306.0,213.0,,,,,,,0.8,Whipped
1304.0,2022-04-27T16:12:00,2022-04-27T17:28:18,268.0,False,,,Elections Bill: Government Motion to disagree to Lords Amendment 22,306.0,215.0,,,,,,,0.8,Whipped
1303.0,2022-04-26T22:57:00,2022-04-27T11:22:27,267.0,False,,,Nationality and Borders Bill: Government Motion to disagree to Lords Amendments 7F and 7G,288.0,212.0,,,,,,,0.77,Whipped
1302.0,2022-04-26T22:42:00,2022-04-26T22:58:33,266.0,False,,,"Nationality and Borders Bill: motion to disagree with Lords Amendment 6D, 6E and 6F",299.0,205.0,,,,,,,0.78,Whipped
1301.0,2022-04-26T22:28:00,2022-04-26T22:43:58,265.0,False,,,Nationality and Borders Bill: motion to disagree with Lords Amendment 5D,296.0,206.0,,,,,,,0.77,Whipped
1300.0,2022-04-26T14:58:00,2022-04-26T15:15:57,264.0,False,,,Judicial Review and Courts Bill: motion to disagree with Lords Amendment 11,299.0,168.0,,,,,,,0.72,Whipped
1299.0,2022-04-26T14:46:00,2022-04-26T14:59:46,263.0,False,,,Judicial Review and Courts Bill: motion to disagree with Lords Amendment 5,297.0,61.0,,,,,,,0.55,Whipped
1298.0,2022-04-26T14:30:00,2022-04-26T14:54:11,262.0,False,,,Judicial Review and Courts Bill: motion to disagree with Lords Amendment 1,297.0,56.0,,,,,,,0.54,Whipped
1297.0,2022-04-25T20:07:00,2022-04-25T20:35:35,261.0,False,,,Health and Care Bill: Motion to insist on disagreement with LA 80,282.0,183.0,,,,,,,0.72,Whipped
1296.0,2022-04-25T19:53:00,2022-04-25T20:35:10,260.0,False,,,Health and Care Bill: Motion to disagree with LA 29B,278.0,182.0,,,,,,,0.71,Whipped
1295.0,2022-04-25T18:42:00,2022-04-26T17:17:48,259.0,False,,,"Police, Crime, Sentencing and Courts Bill: Motion to insist on disagreement to LA 80",302.0,221.0,,,,,,,0.8,Whipped
1294.0,2022-04-25T18:29:00,2022-04-26T17:17:14,258.0,False,,,"Police, Crime, Sentencing and Courts Bill: Motion to insist on disagreement to LA 73",300.0,220.0,,,,,,,0.8,Whipped
1293.0,2022-04-20T20:18:00,2022-04-21T12:14:42,257.0,False,,,Nationality and Borders Bill: Motion to disagree with LA 26B,296.0,184.0,,,,,,,0.74,Whipped
1292.0,2022-04-20T20:06:00,2022-04-21T12:14:01,256.0,False,,,Nationality and Borders Bill: Motion to disagree with LA 25B,308.0,228.0,,,,,,,0.82,Whipped
1291.0,2022-04-20T19:41:00,2022-04-21T12:13:44,255.0,False,,,Nationality and Borders Bill: Disagree with LA 20B,312.0,227.0,,,,,,,0.83,Whipped
1290.0,2022-04-20T19:29:00,2022-04-21T12:13:02,254.0,False,,,Nationality and Borders Bill: Motion to disagree with LA 13B and insist on disagreement with LA 15,311.0,228.0,,,,,,,0.83,Whipped
1289.0,2022-04-20T19:17:00,2022-04-21T12:12:43,253.0,False,,,Nationality and Borders Bill: Motion to disagree with LA 11B ,306.0,231.0,,,,,,,0.83,Whipped
1288.0,2022-04-20T19:05:00,2022-04-27T10:42:41,252.0,False,,,Nationality and Borders Bill: Motion to disagree with LA 10B,303.0,235.0,,,,,,,0.83,Whipped
1287.0,2022-04-20T18:51:00,2022-04-21T12:11:10,251.0,False,,,Nationality and Borders Bill: Motion to disagree with LA 53B,303.0,234.0,,,,,,,0.83,Whipped
1286.0,2022-04-20T18:39:00,2022-04-21T12:10:49,250.0,False,,,Nationality and Borders Bill: Motion to disagree with LA 8B,303.0,236.0,,,,,,,0.83,Whipped
1285.0,2022-04-20T18:27:00,2022-04-20T18:48:11,249.0,False,,,Nationality and Borders Bill: Motion to disagree with LA 7B,294.0,242.0,,,,,,,0.82,Whipped
1284.0,2022-04-20T18:15:00,2022-04-21T15:00:10,248.0,False,,,Nationality and Borders Bill: Motion to disagree with LA 6B,309.0,225.0,,,,,,,0.82,Whipped
1283.0,2022-04-20T18:02:00,2022-04-20T18:40:32,247.0,False,,,Nationality and Borders Bill: Motion to disagree with LA 5B,310.0,231.0,,,,,,,0.83,Whipped
1282.0,2022-04-20T17:48:00,2022-04-20T18:27:29,246.0,False,,,Nationality and Borders Bill: Motion to disagree with LA 4G,311.0,231.0,,,,,,,0.83,Whipped
1281.0,2022-04-20T16:35:00,2022-04-20T17:00:47,245.0,False,,,"Building Safety Bill: LA184, as amended",318.0,188.0,,,,,,,0.78,Whipped
1280.0,2022-04-20T16:18:00,2022-04-20T16:58:33,244.0,False,,,Building Safety Bill: Govt amendments (c) & (d) to LA184,317.0,190.0,,,,,,,0.78,Whipped
1279.0,2022-04-20T16:00:00,2022-04-20T16:26:07,243.0,False,,,"Building Safety Bill: motion to agree Lords Amendment 94, as amended ",318.0,189.0,,,,,,,0.78,Whipped
1278.0,2022-04-20T15:36:00,2022-04-21T16:21:58,242.0,False,,,Building Safety Bill: Motion to agree Govt (a) to LA 94,316.0,188.0,,,,,,,0.78,Whipped
1315.0,2022-05-25T14:56:00,2022-05-25T16:11:43,9.0,False,,,Product Security and Telecommunications Infrastructure Bill Report Stage: Amendment 14,163.0,280.0,,,,,,,0.68,Whipped
1314.0,2022-05-24T18:38:00,2022-05-24T20:12:56,8.0,False,,,Northern Ireland Troubles (Legacy and Reconciliation) Bill: Second Reading ,285.0,208.0,,,,,,,0.76,Whipped
1313.0,2022-05-23T22:03:00,2022-05-23T22:18:58,7.0,False,,,Public Order Bill: Second Reading,292.0,202.0,,,,,,,0.76,Whipped
1312.0,2022-05-23T21:49:00,2022-05-26T16:22:21,6.0,False,,,Public Order Bill: Reasoned Amendment to Second Reading,200.0,292.0,,,,,,,0.76,Whipped
1311.0,2022-05-18T19:36:00,2022-05-18T19:59:35,5.0,False,,,Humble Address (main Question),312.0,229.0,,,,,,,0.83,Whipped
1310.0,2022-05-18T19:24:00,2022-05-18T19:37:50,4.0,False,,,Queen's Speech debate (amendment s),59.0,313.0,,,,,,,0.57,Whipped
1309.0,2022-05-18T19:13:00,2022-05-18T19:30:20,3.0,False,,,Queen's Speech debate (amendment m),59.0,315.0,,,,,,,0.58,Whipped
1308.0,2022-05-18T18:58:00,2022-05-18T19:38:53,2.0,False,,,Queen's Speech debate (Opposition amendment w),229.0,312.0,,,,,,,0.83,Whipped
1307.0,2022-05-17T18:57:00,2022-05-23T18:16:28,1.0,False,,,Queen's Speech debate (Opposition amendment v),248.0,310.0,,,,,,,0.86,Whipped
1328.0,2022-06-29T19:26:00,2022-06-30T12:05:49,22.0,False,,,Northern Ireland Troubles (Legacy and Reconciliation) Bill Committee: Clauses 18 to 25 etc. stand part,273.0,205.0,,,,,,,0.74,Whipped
1327.0,2022-06-29T19:14:00,2022-06-30T12:06:38,21.0,False,,,Northern Ireland Troubles (Legacy and Reconciliation) Bill Committee:Amendment 98,175.0,271.0,,,,,,,0.69,Whipped
1326.0,2022-06-29T19:01:00,2022-06-29T19:23:47,20.0,False,,,Northern Ireland Troubles (Legacy and Reconciliation) Bill Committee: Amendment 97,191.0,271.0,,,,,,,0.71,Whipped
1325.0,2022-06-27T21:58:00,2022-06-29T15:28:25,19.0,False,,,Northern Ireland Protocol Bill: Second Reading ,295.0,221.0,,,,,,,0.79,Whipped
1324.0,2022-06-22T00:00:00,2022-06-22T15:05:00,18.0,True,,,"Abortion (Northern Ireland) Regulations 2022 (SI, 2022, No. 554)",215.0,70.0,,,,,,,0.44,Possible Free Vote - needs verification
1323.0,2022-06-21T18:47:00,2022-06-22T18:18:33,17.0,False,,,Opposition Day: Adviser on Ministerial Interests,161.0,252.0,,,,,,,0.64,Whipped
1322.0,2022-06-20T21:39:00,2022-06-21T11:57:19,16.0,False,,,High Speed Rail (Crewe - Manchester) Bill: Second Reading,205.0,6.0,,,,,,,0.32,Whipped
1321.0,2022-06-15T17:15:00,2022-06-15T17:43:12,15.0,False,,,Rail strikes (main question),293.0,15.0,,,,,,,0.47,Whipped
1320.0,2022-06-15T17:01:00,2022-06-15T17:34:17,14.0,False,,,Rail strikes: Opposition amendment (a),174.0,286.0,,,,,,,0.71,Whipped
1319.0,2022-06-14T15:42:00,2022-06-14T16:43:14,13.0,False,,,Opposition Day: censure Minister for Safe and Legal Migration,198.0,295.0,,,,,,,0.76,Whipped
1318.0,2022-06-13T20:06:00,2022-06-13T21:32:54,12.0,False,,,Higher Education (Freedom of Speech) Bill Report Stage: Amendment 17,152.0,284.0,,,,,,,0.67,Whipped
1317.0,2022-06-13T19:52:00,2022-06-13T21:33:32,11.0,False,,,Higher Education (Freedom of Speech) Bill: Report stage: New Clause 4,150.0,282.0,,,,,,,0.66,Whipped
1316.0,2022-06-07T15:58:00,2022-07-15T12:57:22,10.0,False,,,Opposition Day: Standards in public life,215.0,0.0,,,,,,,0.33,Whipped
1359.0,2022-07-20T18:48:00,2022-07-20T19:10:32,53.0,False,,,Northern Ireland Protocol Bill: Third Reading,267.0,195.0,,,,,,,0.71,Whipped
1358.0,2022-07-20T18:05:00,2022-07-20T18:41:06,52.0,False,,,Northern Ireland Protocol Bill Committee: New Clause 12,192.0,273.0,,,,,,,0.72,Whipped
1357.0,2022-07-20T17:51:00,2022-07-20T18:26:21,51.0,False,,,Northern Ireland Protocol Bill Committee: Amendment 3 ,194.0,275.0,,,,,,,0.72,Whipped
1356.0,2022-07-20T17:07:00,2022-07-20T17:27:56,50.0,False,,,Northern Ireland Protocol Bill Committee: Amendment 49,196.0,278.0,,,,,,,0.73,Whipped
1355.0,2022-07-20T16:52:00,2022-07-20T17:17:15,49.0,False,,,Northern Ireland Protocol Bill Committee: Amendment 12,197.0,277.0,,,,,,,0.73,Whipped
1354.0,2022-07-19T16:47:00,2022-07-19T17:06:10,48.0,False,,,Northern Ireland Protocol Bill Committee: New Clause 15,204.0,292.0,,,,,,,0.76,Whipped
1353.0,2022-07-19T16:33:00,2022-07-19T17:05:56,47.0,False,,,Northern Ireland Protocol Bill Committee: Amendment 28,205.0,293.0,,,,,,,0.77,Whipped
1352.0,2022-07-19T16:18:00,2022-07-21T15:08:07,46.0,False,,,Northern Ireland Protocol Bill Committee: Amendment 44,201.0,293.0,,,,,,,0.76,Whipped
1351.0,2022-07-18T21:57:00,2022-07-19T12:52:12,45.0,False,,,Confidence in Her Majesty’s Government,349.0,238.0,,,,,,,0.9,Whipped
1350.0,2022-07-13T19:19:00,2022-07-13T20:02:20,44.0,False,,,Northern Ireland Protocol Bill: Amendment 24,212.0,285.0,,,,,,,0.76,Whipped
1349.0,2022-07-13T17:55:00,2022-07-13T18:16:21,43.0,False,,,Northern Ireland Protocol Bill: New Clause 10,229.0,300.0,,,,,,,0.81,Whipped
1348.0,2022-07-13T17:44:00,2022-07-13T18:00:07,42.0,False,,,Northern Ireland Protocol Bill: Clauses 15 and 16 stand part,308.0,231.0,,,,,,,0.83,Whipped
1347.0,2022-07-13T17:31:00,2022-07-13T17:47:29,41.0,False,,,Northern Ireland Protocol Bill Committee: Amendment 8,230.0,308.0,,,,,,,0.83,Whipped
1346.0,2022-07-13T17:16:00,2022-07-13T17:35:46,40.0,False,,,Northern Ireland Protocol Bill Committee: Amendment 26,231.0,313.0,,,,,,,0.84,Whipped
1345.0,2022-07-12T18:34:00,2022-07-12T19:12:26,39.0,False,,,Online Safety Bill Report Stage: Amendment 31,188.0,283.0,,,,,,,0.72,Whipped
1344.0,2022-07-12T18:17:00,2022-07-12T19:12:13,38.0,False,,,Online Safety Bill Report Stage: New Clause 7,220.0,285.0,,,,,,,0.78,Whipped
1343.0,2022-07-12T16:59:00,2022-07-12T21:36:38,37.0,False,,,Online Safety Bill Report Stage: New Clause 14,288.0,229.0,,,,,,,0.8,Whipped
1342.0,2022-07-12T16:46:00,2022-07-12T18:54:38,36.0,False,,,Online Safety Bill Report Stage: Amendment 187,229.0,294.0,,,,,,,0.8,Whipped
1341.0,2022-07-12T16:31:00,2022-07-12T20:05:04,35.0,False,,,Online Safety Bill Report Stage: New Clause 3,226.0,292.0,,,,,,,0.8,Whipped
1340.0,2022-07-11T21:27:00,2022-07-12T19:11:41,34.0,False,,,Humble Address: Liability of Trade Unions in Proceedings in Tort (Increase of Limits on Damages) Order 2022,201.0,290.0,,,,,,,0.76,Whipped
1339.0,2022-07-11T21:13:00,2022-07-11T21:37:38,33.0,False,,,draft Conduct of Employment Agencies and Employment Businesses (Amendment) Regulations 2022,289.0,202.0,,,,,,,0.76,Whipped
1338.0,2022-07-11T19:32:00,2022-07-11T19:55:53,32.0,False,,,Energy (Oil and Gas) Profits Levy Bill Committee: New Clause 3,203.0,289.0,,,,,,,0.76,Whipped
1337.0,2022-07-11T19:19:00,2022-07-12T16:57:35,31.0,False,,,Energy (Oil and Gas) Energy Profits Levy Bill Committee: Clause 2 stand part,284.0,202.0,,,,,,,0.75,Whipped
1336.0,2022-07-11T19:06:00,2022-07-12T16:59:08,30.0,False,,,Energy (Oil and Gas) Profits Levy Bill Committee: Amendment 9,41.0,298.0,,,,,,,0.52,Whipped
1335.0,2022-07-04T21:30:00,2022-07-12T19:11:13,29.0,False,,,draft Slavery and Human Trafficking (Definition of Victim) Regulations 2022,282.0,217.0,,,21:30,,,,0.77,Whipped
1334.0,2022-07-04T21:16:00,2022-07-04T21:31:21,28.0,False,,,Northern Ireland Troubles (Legacy and Reconciliation) Bill: Third Reading,282.0,217.0,,,,,,,0.77,Whipped
1333.0,2022-07-04T20:46:00,2022-07-04T21:31:52,27.0,False,,,Northern Ireland Troubles (Legacy and Reconciliation) Bill Committee: New Clause 4,220.0,283.0,,,,,,,0.77,Whipped
1332.0,2022-07-04T20:35:00,2022-07-12T16:29:37,26.0,False,,,Northern Ireland Troubles (Legacy & Reconciliation) Bill Committee: New Clause 5,218.0,282.0,,,,,,,0.77,Whipped
1331.0,2022-07-04T20:22:00,2022-07-04T20:38:16,25.0,False,,,Northern Ireland Troubles (Legacy and Reconciliation) Bill Committee: Clause 39 stand part,282.0,211.0,,,,,,,0.76,Whipped
1330.0,2022-07-04T20:12:00,2022-07-15T12:56:39,24.0,False,,,Northern Ireland Troubles (Legacy and Reconciliation) Bill Committee: Amendment 116,211.0,282.0,,,,,,,0.76,Whipped
1329.0,2022-07-04T19:55:00,2022-07-15T12:56:57,23.0,False,,,Northern Ireland Troubles (Legacy and Reconciliation) Bill Committee: Amendment 114,209.0,282.0,,,,,,,0.76,Whipped
1360.0,2022-09-06T18:00:00,2022-09-09T10:25:25,54.0,False,,,Trade (Australia and New Zealand) Bill: Second Reading,309.0,56.0,,,,,,,0.56,Whipped
1391.0,2022-10-31T22:01:00,2022-11-01T16:35:23,85.0,False,,,Product Security and Telecommunications Infrastructure Bill: motion to disagree with Lords Amendment 17,268.0,132.0,,,,,,,0.62,Whipped
1390.0,2022-10-31T21:13:00,2022-11-01T11:42:54,84.0,False,,,Genetic Technology (Precision Breeding) Bill Report Stage: Amendment 4,141.0,275.0,,,,,,,0.64,Whipped
1389.0,2022-10-31T21:02:00,2022-11-01T12:18:33,83.0,False,,,Genetic Technology (Precision Breeding) Bill Report Stage: Amendment 3,136.0,279.0,,,,,,,0.64,Whipped
1388.0,2022-10-31T20:48:00,2022-11-01T11:42:09,82.0,False,,,Genetic Technology (Precision Breeding) Bill Report Stage: Amendment 1,159.0,280.0,,,,,,,0.68,Whipped
1387.0,2022-10-31T08:33:00,2022-11-01T11:41:54,81.0,False,,,Genetic Technology (Precision Breeding) Bill Report Stage: New Clause 9,37.0,282.0,,,,,,,0.49,Whipped
1386.0,2022-10-28T09:35:00,2022-10-28T09:47:08,80.0,False,,,Motion to sit in private,0.0,44.0,,,,,,,0.07,Whipped
1385.0,2022-10-26T16:29:00,2022-10-27T14:02:45,79.0,False,,,Identity and Language (Northern Ireland) Bill [Lords] Committee: Amendment 13,129.0,279.0,,,,,,,0.63,Whipped
1384.0,2022-10-26T16:17:00,2022-10-27T14:02:28,78.0,False,,,Identity and Language (Northern Ireland) Bill [Lords] Committee: Amendment 1 ,106.0,286.0,,,,,,,0.6,Whipped
1383.0,2022-10-26T16:03:00,2022-10-31T09:50:38,77.0,False,,,Identity and Language (Northern Ireland) Bill [Lords] Committee: Amendment 6,136.0,276.0,,,,,,,0.63,Whipped
1382.0,2022-10-25T19:36:00,2022-10-25T19:50:08,76.0,False,,,Retained EU Law (Revocation and Reform) Bill: Ways and Means,260.0,4.0,,,,,,,0.41,Whipped
1381.0,2022-10-25T19:26:00,2022-10-25T19:39:21,75.0,False,,,Retained EU Law (Revocation and Reform) Bill: Money,265.0,44.0,,,,,,,0.48,Whipped
1380.0,2022-10-25T19:15:00,2022-10-25T19:28:24,74.0,False,,,Retained EU Law (Revocation and Reform) Bill: Programme Motion,270.0,45.0,,,,,,,0.48,Whipped
1379.0,2022-10-25T19:04:00,2022-10-25T19:17:19,73.0,False,,,Retained EU Law (Revocation and Reform) Bill: Second Reading,280.0,225.0,,,,,,,0.78,Whipped
1378.0,2022-10-25T18:51:00,2022-10-25T19:07:39,72.0,False,,,Retained EU Law (Revocation and Reform) Bill: Reasoned Amendment to Second Reading,223.0,277.0,,,,,,,0.77,Whipped
1377.0,2022-10-25T14:17:00,2022-10-25T14:40:25,71.0,False,,,Motion to sit in private,39.0,240.0,,,,,,,0.43,Whipped
1376.0,2022-10-24T19:51:00,2022-10-24T20:21:55,70.0,False,,,Stamp Duty Land Tax (Reduction) Bill: second reading,288.0,152.0,,,,,,,0.68,Whipped
1375.0,2022-10-24T18:57:00,2022-10-25T13:07:03,69.0,False,,,Stamp Duty Land Tax (main motion),290.0,167.0,,,,,,,0.7,Whipped
1374.0,2022-10-24T18:44:00,2022-10-24T18:59:19,68.0,False,,,Stamp Duty Land Tax (Reduction) Amendment (a),165.0,293.0,,,,,,,0.7,Whipped
1373.0,2022-10-21T09:34:00,2022-10-21T09:51:07,67.0,False,,,Motion to sit in private,0.0,34.0,,,,,,,0.05,Whipped
1372.0,2022-10-19T18:59:00,2022-10-20T12:09:35,66.0,False,,,Ban on Fracking for Shale Gas Bill,230.0,326.0,,,,,,,0.86,Whipped
1371.0,2022-10-19T16:00:00,2022-10-19T16:29:56,65.0,False,,,Opposition Day: Economic responsibility and a plan for growth,223.0,0.0,,,,,,,0.34,Whipped
1370.0,2022-10-18T17:37:00,2022-10-20T11:13:46,64.0,False,,,Public Order Bill: Third Reading,283.0,234.0,,,,,,,0.8,Whipped
1369.0,2022-10-18T17:14:00,2022-10-20T11:15:04,63.0,False,,,Public Order Bill Report Stage: Amendment 1,235.0,302.0,,,,,,,0.83,Whipped
1368.0,2022-10-18T17:01:00,2022-10-19T09:20:27,62.0,False,,,Public Order Bill Report Stage: New Clause 11,297.0,110.0,,,,,,,0.63,Whipped
1367.0,2022-10-18T16:48:00,2022-10-19T09:42:09,61.0,False,,,Public Order Bill Report Stage: New Clause 5,186.0,311.0,,,,,,,0.76,Whipped
1366.0,2022-10-18T16:32:00,2022-10-19T09:41:53,60.0,False,,,Public Order Bill Report Stage: New Clause 4,188.0,313.0,,,,,,,0.77,Whipped
1365.0,2022-10-17T21:40:00,2022-10-17T22:25:42,59.0,False,,,Energy Prices Bill Committee: Amendment 2,229.0,303.0,,,,,,,0.82,Whipped
1364.0,2022-10-17T21:27:00,2022-10-17T22:25:25,58.0,False,,,Energy Prices Bill Committee: New Clause 18,61.0,304.0,,,,,,,0.56,Whipped
1363.0,2022-10-17T21:12:00,2022-10-18T13:09:50,57.0,False,,,Energy Prices Bill Committee: New Clause 3,227.0,302.0,,,,,,,0.81,Whipped
1362.0,2022-10-12T16:53:00,2022-10-12T17:34:17,56.0,False,,,Identity and Language (Northern Ireland) Bill [Lords]: Second Reading,380.0,4.0,,,,,,,0.59,Whipped
1361.0,2022-10-11T19:42:00,2022-10-12T11:16:07,55.0,False,,,Health and Social Care Levy (Repeal) Bill: New Clause 1,190.0,257.0,,,,,,,0.69,Whipped
1412.0,2022-11-30T16:22:00,2022-12-01T11:29:28,106.0,False,,,Finance Bill Committee: Third Reading,280.0,205.0,,,,,,,0.75,Whipped
1411.0,2022-11-30T16:03:00,2022-12-01T13:20:36,105.0,False,,,Finance Bill Committee: New Clause 3,212.0,290.0,,,,,,,0.77,Whipped
1410.0,2022-11-30T15:51:00,2022-12-01T11:40:04,104.0,False,,,Finance Bill Committee: New Clause 2,212.0,292.0,,,,,,,0.78,Whipped
1409.0,2022-11-30T15:38:00,2022-12-01T11:43:46,103.0,False,,,Finance Bill Committee: Clause 5 stand part,285.0,210.0,,,,,,,0.76,Whipped
1408.0,2022-11-30T15:24:00,2022-11-30T16:57:32,102.0,False,,,Finance Bill Committee: Amendment 2,55.0,285.0,,,,,,,0.52,Whipped
1407.0,2022-11-29T14:27:00,2022-11-29T14:44:49,101.0,False,,,Privilege Motion,371.0,16.0,,,,,,,0.6,Whipped
1406.0,2022-11-28T20:50:00,2022-11-29T17:00:42,100.0,False,,,Finance Bill: Second Reading,290.0,47.0,,,,,,,0.52,Whipped
1405.0,2022-11-28T20:35:00,2022-11-29T17:00:20,99.0,False,,,Finance Bill: Reasoned Amendment to Second Reading,216.0,289.0,,,,,,,0.78,Whipped
1404.0,2022-11-23T18:28:00,2022-11-24T12:09:59,98.0,False,,,Levelling-up and Regeneration Bill Report Stage: Amendment 14,190.0,285.0,,,,,,,0.73,Whipped
1403.0,2022-11-23T18:16:00,2022-11-24T12:05:15,97.0,False,,,Levelling-up and Regeneration Bill Report Stage: New Clause 84,155.0,285.0,,,,,,,0.68,Whipped
1402.0,2022-11-23T18:05:00,2022-11-28T16:44:59,96.0,False,,,Levelling-up and Regeneration Bill Report Stage: New Clause 46,159.0,281.0,,,,,,,0.68,Whipped
1401.0,2022-11-23T17:49:00,2022-11-24T12:08:17,95.0,False,,,Levelling-up and Regeneration Bill Report Stage: New Clause 41 ,155.0,284.0,,,,,,,0.68,Whipped
1400.0,2022-11-22T18:51:00,2022-11-23T17:30:25,94.0,False,,,Ways and Means Motion No. 3: Basic rate limit and personal allowance for tax years 2026-27 and 2027-28,318.0,223.0,,,,,,,0.83,Whipped
1399.0,2022-11-18T09:34:00,2022-11-18T09:51:13,93.0,False,,,Motion to sit in private,0.0,45.0,,,,,,,0.07,Whipped
1398.0,2022-11-16T18:39:00,2022-11-16T18:56:00,92.0,False,,,National Security Bill Report Stage: Government Amendment 60,275.0,209.0,,,,,,,0.74,Whipped
1397.0,2022-11-16T18:23:00,2022-11-17T16:42:14,91.0,False,,,National Security Bill Report Stage: Amendment 132,56.0,282.0,,,,,,,0.52,Whipped
1396.0,2022-11-16T18:11:00,2022-11-18T10:02:39,90.0,False,,,National Security Bill Report Stage: Amendment 14,212.0,283.0,,,,,,,0.76,Whipped
1395.0,2022-11-16T17:57:00,2022-11-17T13:54:00,89.0,False,,,National Security Bill Report Stage: New Clause 3,211.0,283.0,,,,,,,0.76,Whipped
1394.0,2022-11-08T18:47:00,2022-11-09T11:24:31,88.0,False,,,Opposition Day: Papers relating to the Home Secretary,208.0,300.0,,,,,,,0.78,Whipped
1393.0,2022-11-08T16:01:00,2022-11-08T16:20:01,87.0,False,,,Opposition Day: the State Pension triple lock,218.0,0.0,,,,,,,0.34,Whipped
1392.0,2022-11-02T19:00:00,2022-11-02T19:45:41,86.0,False,,,Opposition Day: Scottish Independence and Scottish Economy,38.0,0.0,,,,,,,0.06,Whipped
1438.0,2022-12-14T18:56:00,2022-12-16T10:31:59,132.0,False,,,Opposition day: Scotland's future,42.0,265.0,,,,,,,0.47,Whipped
1437.0,2022-12-14T14:02:00,2022-12-14T14:53:03,131.0,False,,,Asylum Seekers (Removal to safe countries) - Leave to bring in bill,69.0,188.0,,,,,,,0.4,Whipped
1436.0,2022-12-14T00:00:00,2022-12-14T16:01:24,130.0,True,,,draft Architects Act 1997 (Amendment) Regulations 2022,303.0,42.0,,,,,,,0.53,Whipped
1435.0,2022-12-13T18:46:00,2022-12-15T17:13:25,129.0,False,,,Levelling-up and Regeneration Bill: Amendment 84,171.0,319.0,,,,,,,0.75,Whipped
1434.0,2022-12-13T18:30:00,2022-12-13T19:02:14,128.0,False,,,Levelling-up and Regeneration Bill Report Stage: Amendment 78,171.0,320.0,,,,,,,0.76,Whipped
1433.0,2022-12-13T18:16:00,2022-12-13T19:02:41,127.0,False,,,Levelling-up and Regeneration Bill: New Clause 120,172.0,321.0,,,,,,,0.76,Whipped
1432.0,2022-12-13T18:01:00,2022-12-14T15:00:18,126.0,False,,,Levelling-up and Regeneration Bill Report Stage: New Clause 98,174.0,322.0,,,,,,,0.76,Whipped
1431.0,2022-12-12T22:36:00,2022-12-13T10:03:31,125.0,False,,,Standards Code of Conduct amendment (b),135.0,239.0,,,,,,,0.58,Whipped
1430.0,2022-12-12T22:23:00,2022-12-13T10:03:05,124.0,False,,, Standards Code of Conduct amendment (a),135.0,241.0,,,,,,,0.58,Whipped
1429.0,2022-12-12T20:18:00,2022-12-13T12:34:11,123.0,False,,,Draft Voter Identification Regulations 2022,298.0,199.0,,,,,,,0.76,Whipped
1428.0,2022-12-12T18:59:00,2022-12-13T10:02:14,122.0,False,,,Trade (Australia and New Zealand) Bill: Third Reading,294.0,46.0,,,,,,,0.52,Whipped
1427.0,2022-12-12T18:34:00,2022-12-14T18:18:43,121.0,False,,,Trade (Australia and New Zealand) Bill Report Stage: Amendment 3,34.0,300.0,,,,,,,0.51,Whipped
1426.0,2022-12-12T18:21:00,2022-12-12T19:53:37,120.0,False,,,Trade (Australia and New Zealand) Bill Report Stage: NC12,192.0,299.0,,,,,,,0.76,Whipped
1425.0,2022-12-12T18:07:00,2022-12-13T17:28:47,119.0,False,,,Trade (Australia and New Zealand) Bill Report Stage: NC2,192.0,296.0,,,,,,,0.75,Whipped
1424.0,2022-12-07T18:30:00,2022-12-07T18:46:53,118.0,False,,,Financial Markets and Services Bill Report Stage: New Clause 7,206.0,271.0,,,,,,,0.73,Whipped
1423.0,2022-12-07T18:16:00,2022-12-09T13:07:31,117.0,False,,,Financial Markets and Services Bill Report Stage: New Clause 2,204.0,278.0,,,,,,,0.74,Whipped
1422.0,2022-12-07T18:01:00,2022-12-07T18:18:41,116.0,False,,,Financial Services and Markets Bill Report Stage: New Clause 1,205.0,282.0,,,,,,,0.75,Whipped
1421.0,2022-12-07T00:00:00,2022-12-07T17:19:46,115.0,True,,,draft Police and Crime Commissioner Elections and Welsh Forms (Amendment) Order 2022,289.0,13.0,,,,,,,0.46,Whipped
1420.0,2022-12-07T00:00:00,2022-12-07T17:20:18,114.0,True,,,draft Local Authorities (Mayoral Elections) (England and Wales) (Amendment) Regulations 2022,289.0,12.0,,,,,,,0.46,Whipped
1419.0,2022-12-07T00:00:00,2022-12-07T17:20:31,113.0,True,,,draft Combined Authorities (Mayoral Elections) (Amendment) Order 2022,289.0,12.0,,,,,,,0.46,Whipped
1418.0,2022-12-07T00:00:00,2022-12-07T17:20:51,112.0,True,,,draft Agricultural Holdings (Fee) Regulations 2022,291.0,159.0,,,,,,,0.69,Whipped
1417.0,2022-12-06T16:36:00,2022-12-07T15:43:33,111.0,False,,,Opposition Day: NHS Workforce,226.0,0.0,,,,,,,0.35,Whipped
1416.0,2022-12-05T21:51:00,2022-12-06T14:56:36,110.0,False,,,Online Safety Bill: Programme (No. 4) Motion ,314.0,216.0,,,,,,,0.82,Whipped
1415.0,2022-12-05T21:16:00,2022-12-13T17:44:26,109.0,False,,,Online Safety Bill Report Stage: New Clause 28,240.0,312.0,,,,,,,0.85,Whipped
1414.0,2022-12-05T21:03:00,2022-12-05T21:23:32,108.0,False,,,Online Safety Bill Report Stage: New Clause 17,238.0,311.0,,,,,,,0.84,Whipped
1413.0,2022-12-05T20:49:00,2022-12-05T21:28:26,107.0,False,,,Online Safety Bill Report Stage: New Clause 16,242.0,308.0,,,,,,,0.85,Whipped
1475.0,2023-01-31T18:51:00,2023-01-31T19:09:40,169.0,False,,,Opposition Day: Non-domicile tax status,229.0,305.0,,,,,,,0.82,Whipped
1474.0,2023-01-31T16:48:00,2023-02-01T15:50:05,168.0,False,,,Opposition Day: Crime and Neighbourhood Policing: Government amendment,308.0,1.0,,,,,,,0.48,Whipped
1473.0,2023-01-31T16:34:00,2023-02-01T16:03:14,167.0,False,,,Opposition Day: Crime and Neighbourhood Policing,195.0,309.0,,,,,,,0.78,Whipped
1472.0,2023-01-30T23:00:00,2023-01-31T11:55:59,166.0,False,,,Strikes (Minimum Service Levels) Bill Committee: Third Reading,315.0,246.0,,,,,,,0.86,Whipped
1471.0,2023-01-30T22:36:00,2023-01-30T23:28:48,165.0,False,,,Strikes (Minimum Service Levels) Bill Committee: Amendment 1,246.0,315.0,,,,,,,0.86,Whipped
1470.0,2023-01-30T22:23:00,2023-02-01T10:00:23,164.0,False,,,Strikes (Minimum Service Levels) Bill Committee: Amendment 4,250.0,317.0,,,,,,,0.87,Whipped
1469.0,2023-01-30T22:10:00,2023-01-31T11:31:56,163.0,False,,,Strikes (Minimum Service Levels) Bill Committee: Amendment 2,247.0,318.0,,,,,,,0.87,Whipped
1468.0,2023-01-30T21:56:00,2023-01-30T23:27:25,162.0,False,,,Strikes (Minimum Service Levels) Bill Committee: Amendment 32,46.0,321.0,,,,,,,0.56,Whipped
1467.0,2023-01-25T17:40:00,2023-01-25T18:00:21,161.0,False,,,Economic Crime and Corporate Transparency Bill Report Stage: New Clause 27,221.0,289.0,,,,,,,0.78,Whipped
1466.0,2023-01-25T17:27:00,2023-01-25T18:23:27,160.0,False,,,Economic Crime and Corporate Transparency Bill Report Stage: New Clause 26,222.0,289.0,,,,,,,0.79,Whipped
1465.0,2023-01-25T17:11:00,2023-01-26T08:48:14,159.0,False,,,Economic Crime and Corporate Transparency Bill Report Stage: New Clause 3,220.0,290.0,,,,,,,0.78,Whipped
1464.0,2023-01-25T00:00:00,2023-01-25T16:51:08,158.0,True,,,Draft Environmental Targets (Residual Waste) (England) Regulations 2022,301.0,170.0,,,,,,,0.72,Whipped
1463.0,2023-01-25T00:00:00,2023-01-25T16:52:01,157.0,True,,,Draft Environmental Targets (Fine Particulate Matter) (England) Regulations,301.0,170.0,,,,,,,0.72,Whipped
1462.0,2023-01-25T00:00:00,2023-01-25T16:51:47,156.0,True,,,Draft Environmental Targets (Water) (England) Regulations 2022,300.0,170.0,,,,,,,0.72,Whipped
1461.0,2023-01-25T00:00:00,2023-01-25T16:51:35,155.0,True,,,Draft Environmental Targets (Woodland and Trees Outside Woodland) (England) Regulations 2022,302.0,166.0,,,,,,,0.72,Whipped
1460.0,2023-01-25T00:00:00,2023-01-25T16:51:22,154.0,True,,,Draft Environmental Targets (Biodiversity) (England) Regulations 2022,302.0,166.0,,,,,,,0.72,Whipped
1459.0,2023-01-24T18:51:00,2023-01-25T11:53:09,153.0,False,,,Economic Crime and Corporate Transparency Bill Report Stage: New Clause 36,233.0,290.0,,,,,,,0.8,Whipped
1458.0,2023-01-24T18:37:00,2023-01-25T16:54:33,152.0,False,,,Economic Crime and Corporate Transparency Bill Report Stage: New Clause 34,234.0,291.0,,,,,,,0.81,Whipped
1457.0,2023-01-24T18:20:00,2023-01-25T18:20:44,151.0,False,,,Economic Crime and Corporate Transparency Bill Report Stage: New Clause 22,232.0,296.0,,,,,,,0.81,Whipped
1456.0,2023-01-18T18:55:00,2023-01-20T12:55:58,150.0,False,,,Retained EU Law (Revocation and Reform) Bill: Third Reading,297.0,238.0,,,,,,,0.82,Whipped
1455.0,2023-01-18T18:32:00,2023-01-19T11:47:06,149.0,False,,,Retained EU Law (Revocation and Reform) Bill Report Stage: Amendment 36,242.0,295.0,,,,,,,0.83,Whipped
1454.0,2023-01-18T18:19:00,2023-01-23T10:59:52,148.0,False,,,Retained EU Law (Revocation and Reform) Bill Report Stage: Amendment 19,238.0,301.0,,,,,,,0.83,Whipped
1453.0,2023-01-18T18:07:00,2023-01-19T11:35:34,147.0,False,,,Retained EU Law (Revocation and Reform) Bill Report Stage: Amendment 28,239.0,300.0,,,,,,,0.83,Whipped
1452.0,2023-01-18T17:53:00,2023-01-20T13:25:06,146.0,False,,,Retained EU Law (Revocation and Reform) Bill Report Stage: Amendment 18,239.0,297.0,,,,,,,0.82,Whipped
1451.0,2023-01-17T20:26:00,2023-01-18T11:32:02,145.0,False,,,Online Safety Bill Report Stage: Amendment 43,237.0,316.0,,,,,,,0.85,Whipped
1450.0,2023-01-17T20:13:00,2023-01-17T20:26:50,144.0,False,,,Online Safety Bill Report Stage: New Clause 4,242.0,310.0,,,,,,,0.85,Whipped
1449.0,2023-01-17T17:26:00,2023-01-18T10:05:05,143.0,False,,,Standing Order No. 24 debate: section 35 of the Scotland Act,318.0,71.0,,,,,,,0.6,Whipped
1448.0,2023-01-16T22:43:00,2023-01-17T10:05:14,142.0,False,,,Strikes (Minimum Service Levels) Bill: Money,305.0,49.0,,,,,,,0.54,Whipped
1447.0,2023-01-16T21:31:00,2023-01-18T10:06:57,141.0,False,,,Strikes (Minimum Service Levels) Bill: Programme,306.0,252.0,,,,,,,0.86,Whipped
1446.0,2023-01-16T22:18:00,2023-01-17T18:02:30,140.0,False,,,Strikes (Minimum Service Levels) Bill: Second Reading,309.0,249.0,,,,,,,0.86,Whipped
1445.0,2023-01-16T21:58:00,2023-01-17T16:14:33,139.0,False,,,Motion to sit in private,49.0,482.0,,,,,,,0.82,Whipped
1444.0,2023-01-11T19:12:00,2023-01-12T16:52:24,138.0,False,,,Opposition day: NHS: Long-term strategy: Government amendment,289.0,0.0,,,,,,,0.44,Whipped
1443.0,2023-01-11T18:58:00,2023-01-17T17:35:00,137.0,False,,,Opposition day: NHS: Long-term strategy,176.0,296.0,,,,,,,0.73,Whipped
1442.0,2023-01-11T15:30:00,2023-01-11T19:14:18,136.0,False,,,Opposition day: Fair Taxation of Schools and Education Standards Committee,197.0,303.0,,,,,,,0.77,Whipped
1441.0,2023-01-10T16:50:00,2023-01-12T16:23:32,135.0,False,,,Stamp Duty Land Tax (Temporary Relief) Bill: Third Reading,308.0,170.0,,,,,,,0.74,Whipped
1440.0,2023-01-10T16:36:00,2023-01-12T16:23:20,134.0,False,,,Stamp Duty Land Tax (Reduction) Bill Committee: New Clause 3,14.0,310.0,,,,,,,0.5,Whipped
1439.0,2023-01-10T16:20:00,2023-01-12T16:22:54,133.0,False,,,Stamp Duty Land Tax (Reduction) Bill Committee: Amendment (a) to Government Amendment 1,184.0,311.0,,,,,,,0.76,Whipped
1485.0,2023-02-28T16:36:00,2023-02-28T16:52:52,179.0,False,,,Opposition Day: Expanding the NHS workforce,224.0,0.0,,,,,,,0.34,Whipped
1484.0,2023-02-21T16:31:00,2023-02-27T09:37:47,178.0,False,,,Scottish Affairs Committee Membership,383.0,37.0,,,,,,,0.65,Whipped
1483.0,2023-02-07T18:39:00,2023-02-09T11:22:55,177.0,False,,,Nuclear Regulated Asset Base Model (Revenue Collection) Regulations 2023: Motion to approve,283.0,35.0,,,,,,,0.49,Whipped
1482.0,2023-02-07T18:23:00,2023-02-07T19:17:11,176.0,False,,,Higher Education (Freedom of Speech) Bill: Motion to disagree with Lords Amendment 10,283.0,161.0,,,,,,,0.68,Whipped
1481.0,2023-02-07T16:36:00,2023-02-07T16:54:11,175.0,False,,,Seafarers' Wages Bill [Lords] Report Stage: Amendment 24,213.0,285.0,,,,,,,0.77,Whipped
1480.0,2023-02-07T16:24:00,2023-02-07T16:42:06,174.0,False,,,Seafarers' Wages Bill [Lords] Report Stage: New Clause 4,210.0,278.0,,,,,,,0.75,Whipped
1479.0,2023-02-07T16:10:00,2023-02-07T17:13:00,173.0,False,,,Seafarers' Wages Bill [Lords] Report Stage: New Clause 2,215.0,274.0,,,,,,,0.75,Whipped
1478.0,2023-02-01T16:07:00,2023-02-07T16:07:27,172.0,False,,,UK Infrastructure Bank Bill [Lords] Report Stage: Amendment 2,41.0,285.0,,,,,,,0.5,Whipped
1477.0,2023-02-01T15:54:00,2023-02-07T16:07:12,171.0,False,,,UK Infrastructure Bank Bill [Lords] Report Stage: Amendment 5,212.0,269.0,,,,,,,0.74,Whipped
1476.0,2023-02-01T15:41:00,2023-02-02T13:00:04,170.0,False,,,UK Infrastructure Bank Bill [Lords] Report Stage: New Clause 2,210.0,271.0,,,,,,,0.74,Whipped
1515.0,2023-03-29T18:03:00,2023-04-04T14:29:55,208.0,False,,,Finance (No. 2) Bill: Reasoned Amendment to Second Reading motion,211.0,289.0,,,,,,,0.77,Whipped
1514.0,2023-03-28T20:37:00,2023-03-30T15:37:18,207.0,False,,,Illegal Migration Bill: Committee of the whole House: New Clause 27,248.0,301.0,,,,,,,0.84,Whipped
1513.0,2023-03-28T20:25:00,2023-03-29T12:15:59,206.0,False,,,Illegal Migration Bill: Committee of the whole House: New Clause 21,249.0,301.0,,,,,,,0.85,Whipped
1512.0,2023-03-28T20:13:00,2023-03-29T12:15:05,205.0,False,,,Illegal Migration Bill: Committee of the whole House: Amendment 288,248.0,299.0,,,,,,,0.84,Whipped
1511.0,2023-03-28T20:01:00,2023-03-29T11:13:54,204.0,False,,,Illegal Migration Bill: Committee of the whole House: Clause 11 stand part,302.0,242.0,,,,,,,0.84,Whipped
1510.0,2023-03-28T19:46:00,2023-03-28T20:05:42,203.0,False,,,Illegal Migration Bill: Committee of the whole House: Amendment 189,242.0,309.0,,,,,,,0.85,Whipped
1509.0,2023-03-27T22:43:00,2023-04-04T14:30:10,202.0,False,,,Illegal Migration Bill: Committee of the whole House: New Clause 25,196.0,306.0,,,,,,,0.77,Whipped
1508.0,2023-03-27T22:31:00,2023-04-04T14:30:22,201.0,False,,,Illegal Migration Bill: Committee of the whole House: New Clause 24,248.0,301.0,,,,,,,0.84,Whipped
1507.0,2023-03-27T22:20:00,2023-04-04T14:30:33,200.0,False,,,Illegal Migration Bill: Committee of the whole House: New Clause 6,67.0,307.0,,,,,,,0.58,Whipped
1506.0,2023-03-27T22:03:00,2023-04-04T14:30:45,199.0,False,,,Illegal Migration Bill: Committee of the whole House: Amendment 76,244.0,308.0,,,,,,,0.85,Whipped
1505.0,2023-03-22T15:15:00,2023-03-22T15:49:22,198.0,False,,,Public Order Bill: Motion to disagree with the Lords in Amendments 6B to 6F,297.0,229.0,,,,,,,0.81,Whipped
1504.0,2023-03-22T14:21:00,2023-03-27T11:49:14,197.0,False,,,Draft Windsor Framework (Democratic Scrutiny) Regulations 2023,515.0,29.0,,,,,,,0.84,Whipped
1503.0,2023-03-22T00:00:00,2023-03-22T15:15:55,196.0,True,,,Draft Criminal Justice Act 2003 (Home Detention Curfew) Order 2023,290.0,14.0,,,,,,,0.47,Whipped
1502.0,2023-03-21T19:15:00,2023-03-23T17:19:13,195.0,False,,,Budget Motion no. 36: Alcohol duty,321.0,64.0,,,,,,,0.59,Whipped
1501.0,2023-03-21T18:58:00,2023-03-23T17:18:53,194.0,False,,,Budget Motion no. 18: Pensions (lifetime allowance charge and annual allowance),330.0,233.0,,,,,,,0.87,Whipped
1499.0,2023-03-13T22:42:00,2023-03-13T22:57:31,193.0,False,,,Illegal Migration Bill: Money,310.0,246.0,,,,,,,0.86,Whipped
1498.0,2023-03-13T22:28:00,2023-03-14T10:30:22,192.0,False,,,Illegal Migration Bill: Programme motion,312.0,248.0,,,,,,,0.86,Whipped
1497.0,2023-03-13T22:15:00,2023-03-14T10:41:08,191.0,False,,,Illegal Migration Bill: Second Reading,312.0,250.0,,,,,,,0.86,Whipped
1496.0,2023-03-13T22:00:00,2023-03-13T22:28:58,190.0,False,,,Illegal Migration Bill: Reasoned Amendment to Second Reading,249.0,312.0,,,,,,,0.86,Whipped
1495.0,2023-03-07T19:08:00,2023-03-07T19:28:11,189.0,False,,,Public Order Bill: Motion to disagree with Lords Amendment 20,280.0,232.0,,,,,,,0.79,Whipped
1494.0,2023-03-07T18:55:00,2023-03-08T14:03:09,188.0,False,,,Public Order Bill: Amendment (a) in lieu of Lords Amendment 1,285.0,231.0,,,,,,,0.79,Whipped
1493.0,2023-03-07T18:43:00,2023-03-08T09:16:46,187.0,False,,,Public Order Bill: Motion to disagree with Lords Amendment 1,286.0,235.0,,,,,,,0.8,Whipped
1492.0,2023-03-07T18:30:00,2023-03-07T19:24:39,186.0,False,,,Public Order Bill: Motion to disagree with Lords Amendment 6,281.0,236.0,,,,,,,0.8,Whipped
1491.0,2023-03-07T18:12:00,2023-03-07T18:48:41,185.0,False,,,Public Order Bill: Amendment (a) to Lords Amendment 5,116.0,299.0,,,,,,,0.64,Whipped
1490.0,2023-03-06T20:30:00,2023-03-06T20:55:15,184.0,False,,,Social Security (Additional Payments) (No. 2) Bill Committee: Amendment 2,154.0,283.0,,,,,,,0.67,Whipped
1489.0,2023-03-06T20:14:00,2023-03-06T20:40:47,183.0,False,,,Social Security (Additional Payments) (No. 2) Bill Committee: Amendment 4,9.0,281.0,,,,,,,0.45,Whipped
1488.0,2023-03-01T16:57:00,2023-03-01T17:17:59,182.0,False,,,Social Housing (Regulation) Bill [Lords] Report Stage: Amendment 40,180.0,276.0,,,,,,,0.7,Whipped
1487.0,2023-03-01T16:46:00,2023-03-01T17:18:05,181.0,False,,,Social Housing (Regulation) Bill [Lords] Report Stage: Amendment 42,180.0,273.0,,,,,,,0.7,Whipped
1486.0,2023-03-01T16:32:00,2023-03-01T18:03:05,180.0,False,,,Social Housing (Regulation) Bill [Lords] Report Stage: New Clause 7,179.0,273.0,,,,,,,0.7,Whipped
1534.0,2023-04-26T19:09:00,2023-05-16T17:29:08,226.0,False,,,Illegal Migration Bill - Third Reading,289.0,230.0,,,,,,,0.8,Whipped
1533.0,2023-04-26T18:55:00,2023-05-16T17:28:48,225.0,False,,,Illegal Migration Bill Report Stage: Amendment 2,231.0,286.0,,,,,,,0.8,Whipped
1532.0,2023-04-26T18:42:00,2023-04-26T19:02:17,224.0,False,,,Illegal Migration Bill Report Stage: Amendment 45,231.0,290.0,,,,,,,0.8,Whipped
1531.0,2023-04-26T18:29:00,2023-04-27T14:30:50,223.0,False,,,Illegal Migration Bill Report Stage: New Clause 15,219.0,284.0,,,,,,,0.77,Whipped
1530.0,2023-04-26T18:17:00,2023-05-09T16:42:28,222.0,False,,,Illegal Migration Bill Report Stage: New Clause 10,231.0,290.0,,,,,,,0.8,Whipped
1529.0,2023-04-26T18:01:00,2023-05-09T16:42:07,221.0,False,,,Illegal Migration Bill Report Stage: New Clause 9,233.0,285.0,,,,,,,0.8,Whipped
1528.0,2023-04-25T19:13:00,2023-05-09T16:41:44,220.0,False,,,Opposition Day: Cost of living increases: Prime Minister's amendment,285.0,0.0,,,,,,,0.44,Whipped
1527.0,2023-04-25T18:59:00,2023-05-09T16:40:58,219.0,False,,,Opposition Day: Cost of living increases,214.0,288.0,,,,,,,0.77,Whipped
1526.0,2023-04-25T16:22:00,2023-04-27T14:27:34,218.0,False,,,Opposition Day: Water quality (sewage discharge): motion as amended,286.0,0.0,,,,,,,0.44,Whipped
1525.0,2023-04-25T16:06:00,2023-04-27T14:24:01,217.0,False,,,Opposition Day: Water quality (sewage discharge): Prime Minister's amendment,290.0,188.0,,,,,,,0.74,Whipped
1524.0,2023-04-24T18:28:00,2023-04-24T19:18:59,216.0,False,,,Public Order Bill: motion to disagree with Lords Amendments 6H & 6J,270.0,200.0,,,,,,,0.72,Whipped
1523.0,2023-04-19T17:37:00,2023-04-19T17:54:37,215.0,False,,,Finance (No. 2) Bill Committee of the whole House: Amendment 7,54.0,290.0,,,,,,,0.53,Whipped
1522.0,2023-04-19T16:09:00,2023-04-19T16:41:09,214.0,False,,,Finance (No. 2) Bill Committee of the whole House: New Clause 5,218.0,294.0,,,,,,,0.79,Whipped
1521.0,2023-04-19T15:55:00,2023-04-19T19:02:44,213.0,False,,,Finance (No. 2) Bill Committee of the whole House: Clause 18 stand part,293.0,218.0,,,,,,,0.79,Whipped
1520.0,2023-04-19T15:41:00,2023-04-20T14:20:31,212.0,False,,,Finance (No. 2) Bill Committee of the whole House: Amendment 21,45.0,292.0,,,,,,,0.52,Whipped
1519.0,2023-04-18T17:01:00,2023-04-19T18:12:37,211.0,False,,,Finance (No. 2) Bill Committee of the whole House: New Clause 6,232.0,299.0,,,,,,,0.82,Whipped
1518.0,2023-04-18T16:48:00,2023-04-18T17:12:47,210.0,False,,,Finance (No. 2) Bill Committee of the whole House: New Clause 3,233.0,302.0,,,,,,,0.82,Whipped
1517.0,2023-04-18T16:33:00,2023-04-19T18:12:14,209.0,False,,,Finance (No. 2) Bill Committee of the whole House: New Clause 1,227.0,306.0,,,,,,,0.82,Whipped
1552.0,2023-05-24T18:39:00,2023-05-24T19:11:53,244.0,False,,,Retained EU Law (Revocation and Reform) Bill: motion to disagree with Lords Amendment 42,294.0,217.0,,,,,,,0.79,Whipped
1551.0,2023-05-24T18:27:00,2023-05-31T10:00:35,243.0,False,,,Retained EU Law (Revocation and Reform) Bill: motion to disagree with Lords Amendment 15,294.0,217.0,,,,,,,0.79,Whipped
1550.0,2023-05-24T18:13:00,2023-05-24T19:10:59,242.0,False,,,Retained EU Law (Revocation and Reform) Bill: Amendment (a) to Lords Amendment 1,298.0,216.0,,,,,,,0.79,Whipped
1549.0,2023-05-24T18:00:00,2023-05-24T18:54:53,241.0,False,,,Retained EU Law (Revocation and Reform) Bill: motion to disagree with Lords Amendment  Lords Amendment 6,296.0,215.0,,,,,,,0.79,Whipped
1548.0,2023-05-23T18:56:00,2023-05-26T15:14:05,240.0,False,,,Opposition Day: Safety of School Buildings,171.0,296.0,,,,,,,0.72,Whipped
1547.0,2023-05-23T16:27:00,2023-05-23T16:47:13,239.0,False,,,Opposition Day - Leasehold,174.0,0.0,,,,,,,0.27,Whipped
1546.0,2023-05-22T20:51:00,2023-05-22T21:04:41,238.0,False,,,Strikes (Minimum Service Levels) Bill: motion to disagree with Lords Amendment 5,287.0,232.0,,,,,,,0.8,Whipped
1545.0,2023-05-22T20:40:00,2023-05-23T15:23:41,237.0,False,,,Strikes (Minimum Service Levels) Bill: motion to disagree with Lords Amendment 4,286.0,232.0,,,,,,,0.8,Whipped
1544.0,2023-05-22T20:28:00,2023-05-22T20:43:06,236.0,False,,,Strikes (Minimum Service Levels) Bill: motion to disagree with Lords Amendment 2,286.0,231.0,,,,,,,0.8,Whipped
1543.0,2023-05-22T20:15:00,2023-05-23T13:24:26,235.0,False,,,Strikes (Minimum Service Levels) Bill: motion to disagree with Lords Amendment 1,288.0,227.0,,,,,,,0.79,Whipped
1542.0,2023-05-22T18:09:00,2023-05-26T14:24:11,234.0,False,,,Non-Domestic Rating Bill Committee: Amendment 20,168.0,282.0,,,,,,,0.69,Whipped
1541.0,2023-05-16T19:02:00,2023-05-16T19:18:58,233.0,False,,,Opposition Day: Repeal of the Public Order Act 2023,57.0,278.0,,,,,,,0.52,Whipped
1540.0,2023-05-16T16:40:00,2023-05-17T14:21:50,232.0,False,,,Opposition Day: Cost of living: Government Amendment,283.0,47.0,,,,,,,0.51,Whipped
1539.0,2023-05-16T16:26:00,2023-05-17T14:21:16,231.0,False,,,Opposition Day: Cost of living,45.0,287.0,,,,,,,0.51,Whipped
1538.0,2023-05-03T15:35:00,2023-05-03T15:49:48,230.0,False,,,Lifelong Learning (Higher Education Fee Limits) Bill Report Stage: New Clause 1,89.0,253.0,,,,,,,0.53,Whipped
1537.0,2023-05-03T14:57:00,2023-05-03T15:10:24,229.0,False,,,National Security Bill: motion to disagree with Lords Amendment 122,254.0,136.0,,,,,,,0.6,Whipped
1536.0,2023-05-03T14:45:00,2023-05-03T15:09:03,228.0,False,,,National Security Bill: motion to disagree with Lords Amendment 22,254.0,134.0,,,,,,,0.6,Whipped
1535.0,2023-05-03T14:30:00,2023-05-03T16:17:11,227.0,False,,,National Security Bill: Amendment (c) to Lords Amendment 26,132.0,252.0,,,,,,,0.59,Whipped
1584.0,2023-06-28T17:58:00,2023-06-28T18:44:54,276.0,False,,,Holocaust Memorial Bill: Instruction (Amendment a),11.0,379.0,,,,,,,0.6,Whipped
1583.0,2023-06-28T00:00:00,2023-06-28T15:38:31,275.0,True,,,Relationships and Sexuality Education (Northern Ireland) (Amendment) Regulations 2023,373.0,28.0,,,,,,,0.62,Whipped
1582.0,2023-06-27T16:42:00,2023-06-28T18:00:38,274.0,False,,,Government Amendment to Opposition day debate on Mortgage and rental costs,283.0,198.0,,,,,,,0.74,Whipped
1581.0,2023-06-27T16:26:00,2023-06-27T18:05:18,273.0,False,,,Opposition day: Mortgage and rental costs,213.0,288.0,,,,,,,0.77,Whipped
1580.0,2023-06-27T13:48:00,2023-06-28T14:11:19,272.0,False,,,Schools (Gender and Parental Rights): Ten-Minute Rule Bill,34.0,40.0,,,,,,,0.11,Whipped
1579.0,2023-06-26T21:00:00,2023-06-27T13:26:13,271.0,False,,,National Security Bill: motion to disagree with Lords Amendment 22B,289.0,199.0,,,,,,,0.75,Whipped
1578.0,2023-06-26T19:50:00,2023-06-26T21:31:00,270.0,False,,,Financial Services and Markets Bill: motion to agree with Lords Amendment 38,303.0,36.0,,,,,,,0.52,Whipped
1577.0,2023-06-26T19:38:00,2023-06-27T17:06:37,269.0,False,,,Financial Services and Markets Bill: motion to disagree with Lords Amendment 10,303.0,201.0,,,,,,,0.78,Whipped
1576.0,2023-06-26T19:23:00,2023-06-26T20:46:46,268.0,False,,,Financial Services and Markets Bill: motion to disagree with Lords Amendment 7,301.0,48.0,,,,,,,0.54,Whipped
1575.0,2023-06-21T18:32:00,2023-06-26T09:33:20,267.0,False,,,Government Amendment to Opposition day debate on Animal Welfare (Kept Animals),262.0,0.0,,,,,,,0.4,Whipped
1574.0,2023-06-21T18:19:00,2023-06-21T19:26:41,266.0,False,,,Opposition Day: Animal Welfare (Kept Animals),183.0,256.0,,,,,,,0.68,Whipped
1573.0,2023-06-21T15:13:00,2023-06-22T12:09:12,265.0,False,,,Retained EU Law (Revocation and Reform) Bill Lords Message: motion to disagree with Lords Amendment 42D,275.0,209.0,,,,,,,0.74,Whipped
1572.0,2023-06-21T14:59:00,2023-06-21T15:25:31,264.0,False,,,Retained EU Law (Revocation and Reform) Bill Lords Message: motion to disagree with Lords Amendment 15D ,277.0,208.0,,,,,,,0.75,Whipped
1571.0,2023-06-21T14:00:00,2023-06-22T10:37:48,263.0,False,,,"Strikes (Minimum Service Levels) Bill: motion to disagree with Lords Amendments 5B, 5C and 5D",280.0,214.0,,,,,,,0.76,Whipped
1570.0,2023-06-21T13:48:00,2023-06-21T14:04:52,262.0,False,,,Strikes (Minimum Service Levels) Bill: motion to disagree with Lords Amendment 4B,277.0,209.0,,,,,,,0.75,Whipped
1569.0,2023-06-21T13:35:00,2023-06-21T13:53:01,261.0,False,,,Strikes (Minimum Service Levels) Bill: motion to disagree with Lords Amendment 2B,283.0,205.0,,,,,,,0.75,Whipped
1568.0,2023-06-20T15:59:00,2023-06-22T12:50:44,260.0,False,,,Finance (No. 2) Bill Report Stage: Amendment 1,192.0,294.0,,,,,,,0.75,Whipped
1567.0,2023-06-20T15:45:00,2023-06-22T12:50:24,259.0,False,,,Finance (No. 2) Bill Report Stage: New Clause 7,202.0,296.0,,,,,,,0.77,Whipped
1566.0,2023-06-19T21:26:00,2023-06-20T15:47:27,258.0,False,,,Privilege Motion,354.0,7.0,,,,,,,0.56,Whipped
1565.0,2023-06-14T16:17:00,2023-06-14T16:59:30,257.0,False,,,Opposition Day: Cost of living and Brexit,43.0,260.0,,,,,,,0.47,Whipped
1564.0,2023-06-14T00:00:00,2023-06-14T14:55:32,256.0,True,,,"Draft Animal By-Products, Pet Passport and Animal Health (Fees) (England) (Amendment) Regulations 2023",284.0,14.0,,,,,,,0.46,Whipped
1563.0,2023-06-13T17:25:00,2023-06-13T17:39:44,255.0,False,,,Procurement Bill [Lords] Report Stage: Amendment 3,229.0,280.0,,,,,,,0.78,Whipped
1562.0,2023-06-13T17:13:00,2023-06-13T17:38:54,254.0,False,,,Procurement Bill [Lords] Report Stage: Amendment 18 ,225.0,288.0,,,,,,,0.79,Whipped
1561.0,2023-06-13T17:02:00,2023-06-13T17:38:27,253.0,False,,,Procurement Bill [Lords] Report Stage: Amendment 2,230.0,280.0,,,,,,,0.78,Whipped
1560.0,2023-06-13T16:47:00,2023-06-13T17:17:51,252.0,False,,,Procurement Bill [Lords] Report Stage: New Clause 10 ,231.0,282.0,,,,,,,0.79,Whipped
1559.0,2023-06-12T18:29:00,2023-06-13T08:54:53,251.0,False,,,That the draft Public Order Act 1986 (Serious Disruption to the Life of the Community) Regulations 2023 be approved,277.0,217.0,,,,,,,0.76,Whipped
1558.0,2023-06-12T16:54:00,2023-06-13T14:03:44,250.0,False,,,Motion to disagree with Lords Amendment 42B,269.0,202.0,,,,,,,0.72,Whipped
1557.0,2023-06-12T16:39:00,2023-06-12T17:25:20,249.0,False,,,Motion to disagree with Lords Amendment 15B,269.0,204.0,,,,,,,0.73,Whipped
1556.0,2023-06-07T18:57:00,2023-06-08T12:24:12,248.0,False,,,Opposition day: Accountability and scrutiny of Teesworks,166.0,272.0,,,,,,,0.67,Whipped
1555.0,2023-06-07T16:11:00,2023-06-08T13:25:08,247.0,False,,,Opposition Day: Mental health treatment and support: Government amendment,278.0,0.0,,,,,,,0.43,Whipped
1554.0,2023-06-07T15:56:00,2023-06-08T11:49:46,246.0,False,,,Opposition Day: Mental health treatment and support,185.0,280.0,,,,,,,0.72,Whipped
1553.0,2023-06-06T12:49:00,2023-06-07T18:57:48,245.0,False,,,Committee on Standards Motion,185.0,40.0,,,,,,,0.35,Whipped
1617.0,2023-07-18T18:54:00,2023-07-18T20:42:56,309.0,False,,,Draft Postal Packets (Miscellaneous Amendments) Order 2023,402.0,21.0,,,,,,,0.65,Whipped
1616.0,2023-07-18T17:44:00,2023-07-19T13:18:31,308.0,False,,,Northern Ireland Troubles (Legacy and Reconciliation) Bill: Motion to disagree with Lords Amendment 44 ,292.0,200.0,,,,,,,0.76,Whipped
1615.0,2023-07-17T20:51:00,2023-07-17T21:24:41,307.0,False,,,Strikes (Minimum Service Levels) Bill: motion to disagree with Lords Amendment 2D,302.0,205.0,,,,,,,0.78,Whipped
1614.0,2023-07-17T19:59:00,2023-07-18T16:15:49,306.0,False,,,Illegal Migration Bill: motion to disagree with Lords Amendments 107B and 107C,292.0,215.0,,,,,,,0.78,Whipped
1613.0,2023-07-17T19:48:00,2023-07-19T10:47:26,305.0,False,,,Illegal Migration Bill: motion to disagree with Lords Amendment 103B,297.0,214.0,,,,,,,0.79,Whipped
1612.0,2023-07-17T19:36:00,2023-07-17T20:05:11,304.0,False,,,Illegal Migration Bill: motion to disagree with Lords Amendment 102B,284.0,226.0,,,,,,,0.78,Whipped
1611.0,2023-07-17T19:25:00,2023-07-18T16:39:38,303.0,False,,,Illegal Migration Bill: motion to disagree with Lords Amendment 56B,282.0,227.0,,,,,,,0.78,Whipped
1610.0,2023-07-17T19:14:00,2023-07-19T10:47:48,302.0,False,,,Illegal Migration Bill: motion to disagree with Lords Amendment 33B,300.0,208.0,,,,,,,0.78,Whipped
1609.0,2023-07-17T19:03:00,2023-07-18T16:27:12,301.0,False,,,Illegal Migration Bill: motion to disagree with Lords Amendments 36C and 36D,289.0,220.0,,,,,,,0.78,Whipped
1608.0,2023-07-17T18:52:00,2023-07-17T19:09:20,300.0,False,,,Illegal Migration Bill: motion to disagree with Lords Amendment 23B,300.0,212.0,,,,,,,0.79,Whipped
1607.0,2023-07-17T18:40:00,2023-07-17T18:58:08,299.0,False,,,Illegal Migration Bill: motion to disagree with Lords Amendment 9B,307.0,208.0,,,,,,,0.79,Whipped
1606.0,2023-07-17T18:25:00,2023-07-17T19:05:14,298.0,False,,,"Illegal Migration Bill: motion to disagree with Lords Amendments 1B, 7B and 90B",298.0,213.0,,,,,,,0.79,Whipped
1605.0,2023-07-12T00:00:00,2023-07-12T16:01:03,297.0,True,,,"Adjournment (Summer, Conference and Christmas Recess)",395.0,5.0,,,,,,,0.62,Whipped
1604.0,2023-07-11T20:21:00,2023-07-12T11:51:47,296.0,False,,,Illegal Migration Bill: motion to disagree with Lords Amendment 104,290.0,222.0,,,,,,,0.79,Whipped
1603.0,2023-07-11T20:10:00,2023-07-13T11:08:56,295.0,False,,,Illegal Migration Bill: motion to disagree with Lords Amendment 103,291.0,222.0,,,,,,,0.79,Whipped
1602.0,2023-07-11T19:58:00,2023-07-12T17:59:16,294.0,False,,,Illegal Migration Bill: motion to disagree with Lords Amendment 102,282.0,234.0,,,,,,,0.79,Whipped
1601.0,2023-07-11T19:47:00,2023-07-18T16:26:34,293.0,False,,,Illegal Migration Bill: motion to disagree with Lords Amendment 95,295.0,220.0,,,,,,,0.79,Whipped
1600.0,2023-07-11T19:36:00,2023-07-12T11:50:48,292.0,False,,,Illegal Migration Bill: motion to disagree with Lords Amendment 93,296.0,220.0,,,,,,,0.79,Whipped
1599.0,2023-07-11T07:25:00,2023-07-12T19:20:28,291.0,False,,,Illegal Migration Bill: motion to disagree with Lords Amendment 90,295.0,228.0,,,,,,,0.8,Whipped
1598.0,2023-07-11T19:14:00,2023-07-12T11:50:00,290.0,False,,,Illegal Migration Bill: motion to disagree with Lords Amendment 73,297.0,227.0,,,,,,,0.81,Whipped
1597.0,2023-07-11T19:00:00,2023-07-12T17:55:12,289.0,False,,,Illegal Migration Bill: motion to disagree with Lords Amendment 56,285.0,243.0,,,,,,,0.81,Whipped
1596.0,2023-07-11T18:47:00,2023-07-18T14:19:15,288.0,False,,,Illegal Migration Bill: motion to disagree with Lords Amendment 50,294.0,228.0,,,,,,,0.8,Whipped
1595.0,2023-07-11T18:33:00,2023-07-18T13:26:31,287.0,False,,,Illegal Migration Bill: motion to disagree with Lords Amendment 39,300.0,229.0,,,,,,,0.81,Whipped
1594.0,2023-07-11T18:21:00,2023-07-12T11:49:02,286.0,False,,,"Illegal Migration Bill: Government Amendments (a) and (b) in lieu of Lords Amendments 31, 35 &amp",,,,,,,,,0.0,Whipped
1593.0,2023-07-11T18:09:00,2023-07-18T14:19:54,285.0,False,,,Illegal Migration Bill: motion to disagree with Lords Amendment 33,299.0,227.0,,,,,,,0.81,Whipped
1592.0,2023-07-11T17:57:00,2023-07-11T20:42:17,284.0,False,,,Illegal Migration Bill: motion to disagree with Lords Amendment 31,290.0,242.0,,,,,,,0.82,Whipped
1591.0,2023-07-11T17:45:00,2023-07-12T17:53:44,283.0,False,,,Illegal Migration Bill: motion to disagree with Lords Amendment 23,297.0,231.0,,,,,,,0.81,Whipped
1590.0,2023-07-11T17:31:00,2023-07-11T20:40:47,282.0,False,,,Illegal Migration Bill: motion to disagree with Lords Amendment 9,304.0,228.0,,,,,,,0.82,Whipped
1589.0,2023-07-11T17:20:00,2023-07-18T13:23:42,281.0,False,,,Illegal Migration Bill: motion to disagree with Lords Amendment 8,299.0,228.0,,,,,,,0.81,Whipped
1588.0,2023-07-11T17:09:00,2023-07-11T20:39:43,280.0,False,,,Illegal Migration Bill: motion to disagree with Lords Amendment 6,303.0,227.0,,,,,,,0.82,Whipped
1587.0,2023-07-11T16:53:00,2023-07-18T17:19:55,279.0,False,,,Illegal Migration Bill: motion to disagree with Lords Amendment 1,303.0,228.0,,,,,,,0.82,Whipped
1586.0,2023-07-03T21:53:00,2023-07-03T22:39:38,278.0,False,,,Economic Activity of Public Bodies (Overseas Matters): Second Reading,268.0,70.0,,,,,,,0.52,Whipped
1585.0,2023-07-03T21:38:00,2023-07-04T09:53:52,277.0,False,,,Economic Activity of Public Bodies (Overseas Matters) Bill: Reasoned Amendment on Second Reading,212.0,272.0,,,,,,,0.74,Whipped
1635.0,2023-09-13T14:51:00,2023-09-14T16:02:25,327.0,False,,,Economic Crime and Corporate Transparency Bill: Motion to disagree with 151B and 151C and to insist on 151A,276.0,210.0,,,,,,,0.75,Whipped
1634.0,2023-09-13T13:50:00,2023-09-13T14:26:31,326.0,False,,,Procurement Bill [Lords]: Motion to disagree with Lords Amendment 102B,274.0,194.0,,,,,,,0.72,Whipped
1633.0,2023-09-13T00:00:00,2023-09-13T15:43:17,325.0,True,,,Draft Windsor Framework (Enforcement etc.) Regulations 2023,434.0,10.0,,,,,,,0.68,Whipped
1632.0,2023-09-12T18:49:00,2023-09-14T12:18:44,324.0,False,,,Representation of the People (Postal and Proxy Voting etc.) (Amendment) Regulations 2023,278.0,148.0,,,,,,,0.66,Whipped
1631.0,2023-09-12T18:34:00,2023-09-13T12:16:06,323.0,False,,,Misuse of Drugs Act 1971 (Amendment) Order 2023,404.0,36.0,,,,,,,0.68,Whipped
1630.0,2023-09-06T17:04:00,2023-09-07T16:55:45,322.0,False,,,Opposition day: Safety of School Buildings,175.0,309.0,,,,,,,0.74,Whipped
1629.0,2023-09-06T13:50:00,2023-09-21T11:28:00,321.0,False,,,Northern Ireland Troubles (Legacy and Reconciliation) Bill: Motion to disagree,288.0,205.0,,,,,,,0.76,Whipped
1628.0,2023-09-05T19:10:00,2023-09-05T19:40:23,320.0,False,,,Energy Bill [Lords]: Third Reading,280.0,19.0,,,,,,,0.46,Whipped
1627.0,2023-09-05T18:54:00,2023-09-06T19:33:35,319.0,False,,,Energy Bill [Lords] Report Stage: New Clause 61,189.0,305.0,,,,,,,0.76,Whipped
1626.0,2023-09-05T18:41:00,2023-09-06T12:56:56,318.0,False,,,Energy Bill [Lords] Report Stage: New Clause 59,223.0,310.0,,,,,,,0.82,Whipped
1625.0,2023-09-05T18:28:00,2023-09-06T15:01:17,317.0,False,,,Energy Bill [Lords] Report Stage: New Clause 57,188.0,310.0,,,,,,,0.77,Whipped
1624.0,2023-09-05T18:15:00,2023-09-06T12:56:21,316.0,False,,,Energy Bill [Lords] Report Stage: New Clause 39,235.0,306.0,,,,,,,0.83,Whipped
1623.0,2023-09-05T18:00:00,2023-09-06T15:00:34,315.0,False,,,Energy Bill [Lords] Report Stage: New Clause 12,192.0,316.0,,,,,,,0.78,Whipped
1622.0,2023-09-04T21:59:00,2023-09-04T22:19:35,314.0,False,,,Economic Crime and Corporate Transparency Bill: Motion to disagree with Lords Amendment 161,292.0,206.0,,,,,,,0.77,Whipped
1621.0,2023-09-04T21:46:00,2023-09-05T17:29:18,313.0,False,,,Economic Crime and Corporate Transparency Bill: Motion to disagree with Lords Amendment 159,291.0,209.0,,,,,,,0.77,Whipped
1620.0,2023-09-04T21:33:00,2023-09-04T22:01:35,312.0,False,,,Economic Crime and Corporate Transparency Bill: Motion to disagree with Lords Amendment 117,294.0,206.0,,,,,,,0.77,Whipped
1619.0,2023-09-04T21:20:00,2023-09-04T21:59:33,311.0,False,,,Economic Crime and Corporate Transparency Bill: Amendment (a) to Lords Amendment 151,297.0,209.0,,,,,,,0.78,Whipped
1618.0,2023-09-04T21:03:00,2023-09-05T15:42:41,310.0,False,,,Economic Crime and Corporate Transparency Bill: Amendment (a) to Lords Amendment 23,295.0,205.0,,,,,,,0.77,Whipped
1663.0,2023-10-25T18:14:00,2023-10-25T18:29:43,355.0,False,,,Economic Activity of Public Bodies (Overseas Matters) Bill Report Stage: Amendment 28 ,197.0,275.0,,,,,,,0.73,Whipped
1662.0,2023-10-25T18:01:00,2023-10-27T09:52:39,354.0,False,,,Economic Activity of Public Bodies (Overseas Matters) Bill Report Stage: Amendment 7,207.0,269.0,,,,,,,0.73,Whipped
1661.0,2023-10-25T17:49:00,2023-10-26T13:29:42,353.0,False,,,Economic Activity of Public Bodies (Overseas Matters) Bill Report Stage: Amendment 13,197.0,276.0,,,,,,,0.73,Whipped
1660.0,2023-10-25T17:36:00,2023-10-25T17:51:43,352.0,False,,,Economic Activity of Public Bodies (Overseas Matters) Bill Report Stage: Amendment 14,200.0,273.0,,,,,,,0.73,Whipped
1659.0,2023-10-25T14:19:00,2023-10-26T11:04:27,351.0,False,,,Economic Crime and Corporate Transparency Bill: motion to insist on Amendment 161A and disagree with Lords Amendment 161D,280.0,208.0,,,,,,,0.75,Whipped
1658.0,2023-10-25T14:04:00,2023-10-25T14:21:32,350.0,False,,,Economic Crime and Corporate Transparency Bill: motion to insist on Amendment 151A and disagree with Lords Amendments 151E and 151F,280.0,207.0,,,,,,,0.75,Whipped
1657.0,2023-10-25T13:49:00,2023-10-25T18:25:06,349.0,False,,,Economic Crime and Corporate Transparency Bill: Amendment (a) to motion to insist on Amendment 151A and disagree with Lords Amendments 151E and 151F,208.0,274.0,,,,,,,0.74,Whipped
1656.0,2023-10-24T16:15:00,2023-10-25T14:24:38,348.0,False,,,Levelling up and Regeneration Bill: motion to insist on disagreement with Lords Amendment 45 and to propose amendment (a) in lieu,292.0,176.0,,,,,,,0.72,Whipped
1655.0,2023-10-24T16:00:00,2023-10-25T14:24:03,347.0,False,,,Levelling-up and Regeneration Bill: motion to disagree with Lords Amendment 22B,292.0,177.0,,,,,,,0.72,Whipped
1654.0,2023-10-18T14:59:00,2023-10-18T15:31:30,346.0,False,,,Energy Bill [Lords]: motion to disagree with Lords Amendment 274B,293.0,181.0,,,,,,,0.73,Whipped
1653.0,2023-10-17T20:08:00,2023-10-18T11:25:58,345.0,False,,,Levelling-up and Regeneration Bill: motion to disagree with Lords Amendment 329,286.0,131.0,,,,,,,0.64,Whipped
1652.0,2023-10-17T19:55:00,2023-10-18T11:25:49,344.0,False,,,Levelling-up and Regeneration Bill: motion to disagree with Lords Amendment 273,285.0,132.0,,,,,,,0.64,Whipped
1651.0,2023-10-17T19:43:00,2023-10-18T12:33:19,343.0,False,,,Levelling-up and Regeneration Bill: motion to disagree with Lords Amendment 244,289.0,136.0,,,,,,,0.65,Whipped
1650.0,2023-10-17T19:30:00,2023-10-18T11:25:30,342.0,False,,,Levelling-up and Regeneration Bill: motion to disagree with Lords Amendment 241,291.0,139.0,,,,,,,0.66,Whipped
1649.0,2023-10-17T19:17:00,2023-10-18T11:24:47,341.0,False,,,Levelling-up and Regeneration Bill: motion to disagree with Lords Amendment 199,295.0,143.0,,,,,,,0.67,Whipped
1648.0,2023-10-17T19:00:00,2023-10-18T11:24:28,340.0,False,,,Levelling-up and Regeneration Bill: motion to disagree with Lords Amendment 82,304.0,12.0,,,,,,,0.49,Whipped
1647.0,2023-10-17T18:48:00,2023-10-19T11:28:24,339.0,False,,,Levelling-up and Regeneration Bill: motion to disagree with Lords Amendment 81,299.0,148.0,,,,,,,0.69,Whipped
1646.0,2023-10-17T18:35:00,2023-10-19T11:24:44,338.0,False,,,Levelling-up and Regeneration Bill: motion to disagree with Lords Amendment 45,303.0,152.0,,,,,,,0.7,Whipped
1645.0,2023-10-17T18:22:00,2023-10-17T18:38:10,337.0,False,,,Levelling-up and Regeneration Bill: motion to disagree with Lords Amendment 44,302.0,152.0,,,,,,,0.7,Whipped
1644.0,2023-10-17T18:08:00,2023-10-19T11:27:12,336.0,False,,,Levelling-up and Regeneration Bill: motion to disagree with Lords Amendment 22,303.0,157.0,,,,,,,0.71,Whipped
1643.0,2023-10-17T17:55:00,2023-10-17T18:14:02,335.0,False,,,Levelling-up and Regeneration Bill: motion to disagree with Lords Amendment 13,304.0,159.0,,,,,,,0.71,Whipped
1642.0,2023-10-17T17:42:00,2023-10-17T17:57:09,334.0,False,,,Levelling-up and Regeneration Bill: motion to disagree with Lords Amendment 10,297.0,193.0,,,,,,,0.75,Whipped
1641.0,2023-10-17T17:30:00,2023-10-17T17:45:33,333.0,False,,,Levelling-up and Regeneration Bill: motion to disagree with Lords Amendment 3,300.0,193.0,,,,,,,0.76,Whipped
1640.0,2023-10-17T17:18:00,2023-10-17T17:39:16,332.0,False,,,Levelling-up and Regeneration Bill: motion to disagree with Lords Amendment 4,298.0,197.0,,,,,,,0.76,Whipped
1639.0,2023-10-17T17:06:00,2023-10-17T17:24:46,331.0,False,,,Levelling up and Regeneration Bill: Motion to disagree with Lords Amendment 2,301.0,195.0,,,,,,,0.76,Whipped
1638.0,2023-10-17T16:54:00,2023-10-17T17:17:30,330.0,False,,,Levelling up and Regeneration Bill: Motion to disagree with Lords Amendment 1,309.0,190.0,,,,,,,0.77,Whipped
1637.0,2023-10-17T16:38:00,2023-10-17T16:58:22,329.0,False,,,Levelling up and Regeneration Bill: Amendment (a) to Lords Amendment 231,307.0,10.0,,,,,,,0.49,Whipped
1636.0,2023-10-17T13:09:00,2023-10-17T13:28:20,328.0,False,,,Devolution (Employment) (Scotland): Ten Minute Rule Motion,22.0,33.0,,,,,,,0.08,Whipped
1683.0,2023-11-29T18:06:00,2023-11-29T18:28:36,20.0,False,,,Data Protection and Digital Information Bill: Third Reading,269.0,31.0,,,,,,,0.46,Whipped
1682.0,2023-11-29T17:49:00,2023-11-30T14:48:29,19.0,False,,,Data Protection and Digital Information Bill Report Stage: New Schedule 1,274.0,52.0,,,,,,,0.5,Whipped
1681.0,2023-11-29T17:37:00,2023-11-29T18:12:24,18.0,False,,,Data Protection and Digital Information Bill Report Stage: Amendment 218,194.0,275.0,,,,,,,0.72,Whipped
1680.0,2023-11-29T17:25:00,2023-11-30T13:55:08,17.0,False,,,Data Protection and Digital Information Bill Report Stage: Amendment 1,198.0,275.0,,,,,,,0.73,Whipped
1679.0,2023-11-29T17:12:00,2023-11-29T17:31:58,16.0,False,,,Data Protection and Digital Information Bill Report Stage: Amendment 5,195.0,273.0,,,,,,,0.72,Whipped
1678.0,2023-11-29T17:00:00,2023-11-30T14:33:45,15.0,False,,,Data Protection and Digital Information Bill Report Stage: Amendment 224,37.0,279.0,,,,,,,0.49,Whipped
1677.0,2023-11-29T16:45:00,2023-11-29T17:54:37,14.0,False,,,Data Protection and Digital Information Bill Report Stage: Amendment 11,200.0,276.0,,,,,,,0.73,Whipped
1676.0,2023-11-29T13:24:00,2023-12-01T11:35:55,13.0,False,,,Data Protection and Digital Information Bill: Re-committal motion,209.0,275.0,,,,,,,0.74,Whipped
1675.0,2023-11-29T00:00:00,2023-11-29T18:30:02,12.0,True,,,Draft Strikes (Minimum Service Levels: NHS Ambulance Services and the NHS Patient Transport Service) Regulations 2023,297.0,166.0,,,,,,,0.71,Whipped
1674.0,2023-11-28T18:46:00,2023-11-29T16:32:43,11.0,False,,,Draft Strikes (Minimum Service Levels: Passenger Railway Services) Regulations 2023,281.0,201.0,,,,,,,0.74,Whipped
1673.0,2023-11-28T18:32:00,2023-11-29T10:01:20,10.0,False,,,Draft Strikes (Minimum Service Levels: Border Security) Regulations 2023,285.0,203.0,,,,,,,0.75,Whipped
1672.0,2023-11-28T18:19:00,2023-11-29T17:12:25,9.0,False,,,Draft Code of Practice on Reasonable Steps to be taken by a Trade Union (Minimum Service Levels),280.0,199.0,,,,,,,0.74,Whipped
1671.0,2023-11-20T21:11:00,2023-11-27T18:23:11,8.0,False,,,"Digital Markets, Competition and Consumers Bill: New Clause 30",209.0,281.0,,,,,,,0.75,Whipped
1670.0,2023-11-20T20:56:00,2023-11-22T15:15:52,7.0,False,,,"Digital Markets, Competition and Consumers Bill: New Clause 29",210.0,280.0,,,,,,,0.75,Whipped
1669.0,2023-11-20T18:49:00,2023-11-22T15:15:40,6.0,False,,,"Digital Markets, Competition and Consumers Bill: Amendment 188",197.0,278.0,,,,,,,0.73,Whipped
1668.0,2023-11-20T18:35:00,2023-11-22T15:15:30,5.0,False,,,"Digital Markets, Competition and Consumers Bill: Amendment 187",196.0,275.0,,,,,,,0.72,Whipped
1667.0,2023-11-15T19:27:00,2023-11-17T09:19:24,4.0,False,,,King's Speech Motion for an Address: Amendment (k),25.0,303.0,,,,,,,0.5,Whipped
1666.0,2023-11-15T19:14:00,2023-11-15T19:48:10,3.0,False,,,King's Speech Motion for an Address: Amendment (h),125.0,293.0,,,,,,,0.64,Whipped
1665.0,2023-11-15T18:59:00,2023-11-15T19:46:12,2.0,False,,,King's Speech Motion for an Address: amendment (r),183.0,290.0,,,,,,,0.73,Whipped
1664.0,2023-11-14T18:49:00,2023-11-15T16:05:31,1.0,False,,,King's Speech Motion for an Address: amendment (m),228.0,314.0,,,,,,,0.83,Whipped
1697.0,2023-12-13T16:12:00,2023-12-14T11:32:45,33.0,False,,,Finance Bill Second Reading,291.0,54.0,,,,,,,0.53,Whipped
1696.0,2023-12-13T15:56:00,2023-12-18T13:15:26,32.0,False,,,Finance Bill: Reasoned Amendment to Second Reading ,46.0,296.0,,,,,,,0.53,Whipped
1695.0,2023-12-13T00:00:00,2023-12-13T15:46:15,31.0,True,,,Draft Representation of the People (Overseas Electors etc.) (Amendment) Regulations 2023,324.0,186.0,,,,,,,0.78,Whipped
1694.0,2023-12-13T00:00:00,2023-12-13T15:46:03,30.0,True,,,Draft Equality Act 2010 (Amendment) Regulations 2023,464.0,11.0,,,,,,,0.73,Whipped
1693.0,2023-12-13T00:00:00,2023-12-13T15:45:51,29.0,True,,,Draft Representation of the People (Overseas Electors etc.) (Amendment) (Northern Ireland) Regulations 2023,325.0,154.0,,,,,,,0.74,Whipped
1692.0,2023-12-12T19:29:00,2023-12-12T19:46:19,28.0,False,,,Safety of Rwanda (Asylum and Immigration) Bill: Programme Motion,332.0,61.0,,,,,,,0.6,Whipped
1691.0,2023-12-12T19:12:00,2023-12-12T20:21:40,27.0,False,,,Safety of Rwanda (Asylum and Immigration) Bill: Second Reading,313.0,269.0,,,,,,,0.9,Whipped
1690.0,2023-12-12T18:58:00,2023-12-13T10:20:43,26.0,False,,,Safety of Rwanda (Asylum and Immigration) Bill: Reasoned Amendment to Second Reading,269.0,337.0,,,,,,,0.93,Whipped
1689.0,2023-12-04T21:59:00,2023-12-05T14:07:11,25.0,False,,,Draft Vehicle Emissions Trading Schemes Order 2023,381.0,37.0,,,,,,,0.64,Whipped
1688.0,2023-12-04T21:40:00,2023-12-05T17:41:17,24.0,False,,,Victims and Prisoners Bill Report Stage: Amendment 33,190.0,277.0,,,,,,,0.72,Whipped
1687.0,2023-12-04T21:28:00,2023-12-05T12:10:32,23.0,False,,,Victims and Prisoners Bill Report Stage: New Clause 27,246.0,242.0,,,,,,,0.75,Whipped
1686.0,2023-12-04T21:16:00,2023-12-04T21:57:02,22.0,False,,,Victims and Prisoners Bill Report Stage: New Clause 14,193.0,279.0,,,,,,,0.73,Whipped
1685.0,2023-12-04T21:01:00,2023-12-05T18:49:50,21.0,False,,,Victims and Prisoners Bill Report Stage: New Clause 10,27.0,267.0,,,,,,,0.45,Whipped
1734.0,2024-01-31T17:35:00,2024-01-31T18:03:15,70.0,False,,,Draft Trade Union (Deduction of Union Subscriptions from Wages in the Public Sector) Regulations 2023,265.0,185.0,,,,,,,0.69,Whipped
1733.0,2024-01-31T16:02:00,2024-01-31T17:53:00,69.0,False,,,Motion on Draft Electoral Commission Strategy and Policy Statement,273.0,190.0,,,,,,,0.71,Whipped
1732.0,2024-01-30T17:24:00,2024-01-31T14:45:58,68.0,False,,,Media Bill Report Stage: Amendment 2,195.0,284.0,,,,,,,0.74,Whipped
1731.0,2024-01-30T17:11:00,2024-01-31T15:23:31,67.0,False,,,Media Bill Report Stage: Amendment 88,20.0,288.0,,,,,,,0.47,Whipped
1730.0,2024-01-30T16:59:00,2024-02-05T12:36:54,66.0,False,,,Media Bill Report Stage: New Clause 16,193.0,295.0,,,,,,,0.75,Whipped
1729.0,2024-01-30T16:45:00,2024-01-30T17:03:02,65.0,False,,,Media Bill Report Stage: New Clause 13,194.0,294.0,,,,,,,0.75,Whipped
1728.0,2024-01-23T18:59:00,2024-01-24T17:09:56,64.0,False,,,Opposition day: Protecting steel in the UK,223.0,0.0,,,,,,,0.34,Whipped
1727.0,2024-01-23T16:58:00,2024-01-23T19:29:03,63.0,False,,,Opposition day: Children not in school (national register and support),189.0,303.0,,,,,,,0.76,Whipped
1726.0,2024-01-22T21:05:00,2024-01-23T12:05:51,62.0,False,,,Offshore Petroleum Licensing Bill: Second Reading,293.0,211.0,,,,,,,0.78,Whipped
1725.0,2024-01-22T20:51:00,2024-01-22T21:07:43,61.0,False,,,Offshore Petroleum Licensing Bill: Reasoned Amendment to Second Reading,209.0,292.0,,,,,,,0.77,Whipped
1724.0,2024-01-17T21:16:00,2024-01-19T10:01:16,60.0,False,,,Safety of Rwanda (Asylum and Immigration) Bill Committee: Third reading,320.0,276.0,,,,,,,0.92,Whipped
1723.0,2024-01-17T20:02:00,2024-01-19T13:21:15,59.0,False,,,Safety of Rwanda (Asylum and Immigration) Bill Committee: New Clause 8,264.0,338.0,,,,,,,0.93,Whipped
1722.0,2024-01-17T19:50:00,2024-01-18T13:46:31,58.0,False,,,Safety of Rwanda (Asylum and Immigration) Bill Committee: Clauses 9 and 10 stand part,340.0,264.0,,,,,,,0.93,Whipped
1721.0,2024-01-17T19:38:00,2024-01-19T13:38:58,57.0,False,,,Safety of Rwanda (Asylum and Immigration) Bill Committee: Amendment 36,263.0,339.0,,,,,,,0.93,Whipped
1720.0,2024-01-17T19:24:00,2024-01-18T12:45:00,56.0,False,,,"Safety of Rwanda (Asylum and Immigration) Bill Committee: Clauses 5, 6, 7 and 8 stand part",340.0,263.0,,,,,,,0.93,Whipped
1719.0,2024-01-17T19:08:00,2024-01-18T17:38:34,55.0,False,,,Safety of Rwanda (Asylum and Immigration) Bill Committee: Amendment 23,65.0,536.0,,,,,,,0.92,Whipped
1718.0,2024-01-17T18:54:00,2024-01-18T14:23:09,54.0,False,,,Safety of Rwanda (Asylum and Immigration) Bill Committee: Clause 3 stand part,339.0,264.0,,,,,,,0.93,Whipped
1717.0,2024-01-17T00:00:00,2024-01-17T15:47:32,53.0,True,,,draft Immigration (Employment of Adults Subject to Immigration Control) (Maximum Penalty) (Amendment) Order 2023,331.0,51.0,,,,,,,0.59,Whipped
1716.0,2024-01-17T00:00:00,2024-01-17T15:48:03,52.0,True,,,draft Immigration Act 2014 (Residential Accommodation) (Maximum Penalty) Order 2023,331.0,51.0,,,,,,,0.59,Whipped
1715.0,2024-01-16T18:54:00,2024-01-17T13:27:41,51.0,False,,,Safety of Rwanda (Asylum and Immigration) Bill Committee: New Clause 6,262.0,336.0,,,,,,,0.92,Whipped
1714.0,2024-01-16T18:40:00,2024-01-16T19:11:42,50.0,False,,,Safety of Rwanda (Asylum and Immigration) Bill Committee: Clause 4 stand part,330.0,55.0,,,,,,,0.59,Whipped
1713.0,2024-01-16T18:24:00,2024-01-19T10:20:07,49.0,False,,,Safety of Rwanda (Asylum and Immigration) Bill Committee: Amendment 19,58.0,525.0,,,,,,,0.9,Whipped
1712.0,2024-01-16T18:11:00,2024-01-17T17:35:36,48.0,False,,,Safety of Rwanda (Asylum and Immigration) Bill Committee: Clause 2 stand part,331.0,262.0,,,,,,,0.91,Whipped
1711.0,2024-01-16T17:52:00,2024-01-17T16:54:37,47.0,False,,,Safety of Rwanda (Asylum and Immigration) Bill Committee: Amendment 10,68.0,529.0,,,,,,,0.92,Whipped
1710.0,2024-01-16T17:38:00,2024-01-16T18:26:55,46.0,False,,,Safety of Rwanda (Asylum and Immigration) Bill: Committee: Amendment 45,66.0,337.0,,,,,,,0.62,Whipped
1709.0,2024-01-16T13:19:00,2024-01-16T13:38:50,45.0,False,,,Scotland (Self-Determination): Ten Minute Rule Motion,48.0,228.0,,,,,,,0.42,Whipped
1708.0,2024-01-15T19:58:00,2024-01-15T20:11:46,44.0,False,,,Immigration (Health Charge) (Amendment) Order 2023,290.0,53.0,,,,,,,0.53,Whipped
1707.0,2024-01-15T19:44:00,2024-01-15T20:01:04,43.0,False,,,"Nationality, Immigration and Asylum Act 2002 (Amendment of List of Safe States) Regulations 2024",291.0,49.0,,,,,,,0.52,Whipped
1706.0,2024-01-15T19:03:00,2024-01-15T19:25:28,42.0,False,,,Animal Welfare (Livestock Exports) Committee Stage: Amendment 5,217.0,293.0,,,,,,,0.78,Whipped
1705.0,2024-01-10T18:59:00,2024-01-15T17:48:13,41.0,False,,,Economic Activity of Public Bodies (Overseas Matters) Bill: Third Reading,282.0,235.0,,,,,,,0.8,Whipped
1704.0,2024-01-10T18:45:00,2024-01-11T11:08:15,40.0,False,,,Economic Activity of Public Bodies (Overseas Matters) Bill: Reasoned amendment on Third Reading,228.0,284.0,,,,,,,0.79,Whipped
1703.0,2024-01-10T17:01:00,2024-01-10T17:36:29,39.0,False,,,Finance Bill Committee Stage: New Clause 7,222.0,301.0,,,,,,,0.8,Whipped
1702.0,2024-01-10T16:47:00,2024-01-10T17:05:56,38.0,False,,,Finance Bill Committee Stage: New Clause 5,18.0,300.0,,,,,,,0.49,Whipped
1701.0,2024-01-10T16:32:00,2024-01-10T16:54:18,37.0,False,,,Finance Bill Committee Stage: New Clause 2,228.0,298.0,,,,,,,0.81,Whipped
1700.0,2024-01-10T15:37:00,2024-01-10T16:03:19,36.0,False,,,Finance Bill Committee Stage: New Clause 1,224.0,294.0,,,,,,,0.8,Whipped
1699.0,2024-01-09T18:59:00,2024-01-10T12:18:26,35.0,False,,,Opposition day: cost of the Government's Rwanda plan and administration of the asylum system,228.0,304.0,,,,,,,0.82,Whipped
1698.0,2024-01-09T16:32:00,2024-01-09T19:07:35,34.0,False,,,Opposition Day: NHS Dentistry,191.0,299.0,,,,,,,0.75,Whipped
1748.0,2024-02-27T18:56:00,2024-02-28T11:00:23,84.0,False,,,Leasehold and Freehold Reform Bill Report Stage: Amendment 8,170.0,299.0,,,,,,,0.72,Whipped
1747.0,2024-02-27T18:42:00,2024-02-27T18:58:38,83.0,False,,,Leasehold and Freehold Reform Bill Report Stage: Amendment 4,171.0,300.0,,,,,,,0.72,Whipped
1746.0,2024-02-27T18:29:00,2024-02-27T18:44:54,82.0,False,,,Leasehold and Freehold Reform Bill Report Stage: New Clause 39,179.0,294.0,,,,,,,0.73,Whipped
1745.0,2024-02-27T18:16:00,2024-02-27T18:34:10,81.0,False,,,Leasehold and Freehold Reform Bill Report Stage: New Clause 5,169.0,306.0,,,,,,,0.73,Whipped
1744.0,2024-02-27T18:01:00,2024-02-27T19:41:51,80.0,False,,,Leasehold and Freehold Reform Bill Report Stage: New Clause 1,14.0,304.0,,,,,,,0.49,Whipped
1743.0,2024-02-21T18:39:00,2024-02-22T12:53:27,79.0,False,,,Motion to sit in private,20.0,212.0,,,,,,,0.36,Whipped
1742.0,2024-02-21T13:13:00,2024-02-21T13:40:19,78.0,False,,,Motor vehicles (driving licences) (reform): Ten Minute Rule Motion,63.0,81.0,,,,,,,0.22,Whipped
1741.0,2024-02-20T17:12:00,2024-02-20T17:28:48,77.0,False,,,Offshore Petroleum Licensing Bill: Third Reading,286.0,221.0,,,,,,,0.78,Whipped
1740.0,2024-02-20T15:49:00,2024-02-20T18:53:24,76.0,False,,,Offshore Petroleum Licensing Bill Committee: Amendment 17,226.0,287.0,,,,,,,0.79,Whipped
1739.0,2024-02-20T15:34:00,2024-02-20T16:05:40,75.0,False,,,Offshore Petroleum Licensing Bill Committee: Amendment 10,44.0,285.0,,,,,,,0.51,Whipped
1738.0,2024-02-06T18:09:00,2024-02-06T18:27:32,74.0,False,,,Opposition day: Ministerial severance (reform),192.0,275.0,,,,,,,0.72,Whipped
1737.0,2024-02-05T19:26:00,2024-02-06T15:16:58,73.0,False,,,Finance Bill: Third Reading,283.0,39.0,,,,,,,0.5,Whipped
1736.0,2024-02-05T18:50:00,2024-02-06T10:10:50,72.0,False,,,Finance Bill Report Stage: New Clause 7,182.0,289.0,,,,,,,0.72,Whipped
1735.0,2024-02-05T18:36:00,2024-02-06T10:57:38,71.0,False,,,Finance Bill Report Stage: New Clause 6,185.0,285.0,,,,,,,0.72,Whipped
1780.0,2024-03-25T21:17:00,2024-03-25T21:45:19,116.0,False,,,Investigatory Powers (Amendment) Bill [Lords]: Third Reading,257.0,38.0,,,,,,,0.45,Whipped
1779.0,2024-03-25T20:58:00,2024-03-26T14:49:28,115.0,False,,,Investigatory Powers (Amendment) Bill [Lords] Report Stage: Amendment 7,39.0,257.0,,,,,,,0.46,Whipped
1778.0,2024-03-25T20:46:00,2024-04-29T15:28:48,114.0,False,,,Investigatory Powers (Amendment) Bill [Lords] Report Stage: New Clause 2,171.0,265.0,,,,,,,0.67,Whipped
1777.0,2024-03-25T20:32:00,2024-04-29T15:28:27,113.0,False,,,Investigatory Powers (Amendment) Bill [Lords] Report Stage: New Clause 1,171.0,265.0,,,,,,,0.67,Whipped
1776.0,2024-03-22T11:32:00,2024-03-22T12:01:46,112.0,False,,,Hunting Trophies Bill 2R,49.0,0.0,,,,,,,0.08,Possible Free Vote - needs verification
1775.0,2024-03-19T17:33:00,2024-03-19T18:02:20,111.0,False,,,Trade (Comprehensive and Progressive Agreement for Trans-Pacific Partnership) Bill [Lords]: New Clause 12,219.0,306.0,,,,,,,0.81,Whipped
1774.0,2024-03-19T17:21:00,2024-03-19T17:34:36,110.0,False,,,Trade (Comprehensive and Progressive Agreement for Trans-Pacific Partnership) Bill [Lords]: New Clause 10,218.0,305.0,,,,,,,0.8,Whipped
1773.0,2024-03-19T17:09:00,2024-03-19T17:34:46,109.0,False,,,Trade (Comprehensive and Progressive Agreement for Trans-Pacific Partnership) Bill [Lords]: New Clause 5,217.0,305.0,,,,,,,0.8,Whipped
1772.0,2024-03-19T16:56:00,2024-03-19T17:23:52,108.0,False,,,Trade (Comprehensive and Progressive Agreement for Trans-Pacific Partnership) Bill [Lords]: New Clause 4,224.0,301.0,,,,,,,0.81,Whipped
1771.0,2024-03-18T21:46:00,2024-03-19T18:52:03,107.0,False,,,Safety of Rwanda (Asylum and Immigration) Bill: Motion to disagree with Lords Amendment 10,312.0,255.0,,,,,,,0.87,Whipped
1770.0,2024-03-18T21:35:00,2024-03-19T18:51:54,106.0,False,,,Safety of Rwanda (Asylum and Immigration) Bill: Motion to disagree with Lords Amendment 9,320.0,251.0,,,,,,,0.88,Whipped
1769.0,2024-03-18T21:23:00,2024-03-19T18:51:44,105.0,False,,,Safety of Rwanda (Asylum and Immigration) Bill: Motion to disagree with Lords Amendment 8,318.0,255.0,,,,,,,0.88,Whipped
1768.0,2024-03-18T21:11:00,2024-03-19T18:51:32,104.0,False,,,Safety of Rwanda (Asylum and Immigration) Bill: Motion to disagree with Lords Amendment 7,320.0,250.0,,,,,,,0.88,Whipped
1767.0,2024-03-18T20:59:00,2024-03-19T18:51:23,103.0,False,,,Safety of Rwanda (Asylum and Immigration) Bill: Motion to disagree with Lords Amendment 6,324.0,251.0,,,,,,,0.88,Whipped
1766.0,2024-03-18T20:48:00,2024-03-19T18:51:11,102.0,False,,,Safety of Rwanda (Asylum and Immigration) Bill: Motion to disagree with Lords Amendment 5,322.0,249.0,,,,,,,0.88,Whipped
1765.0,2024-03-18T20:37:00,2024-03-19T18:51:01,101.0,False,,,Safety of Rwanda (Asylum and Immigration) Bill: Motion to disagree with Lords Amendment 4,321.0,252.0,,,,,,,0.88,Whipped
1764.0,2024-03-18T20:25:00,2024-03-19T18:50:50,100.0,False,,,Safety of Rwanda (Asylum and Immigration) Bill: Motion to disagree with Lords Amendment 3,324.0,253.0,,,,,,,0.89,Whipped
1763.0,2024-03-18T20:13:00,2024-03-19T18:50:38,99.0,False,,,Safety of Rwanda (Asylum and Immigration) Bill: Motion to disagree with Lords Amendment 2,324.0,253.0,,,,,,,0.89,Whipped
1762.0,2024-03-18T19:59:00,2024-03-19T18:50:21,98.0,False,,,Safety of Rwanda (Asylum and Immigration) Bill: Motion to disagree with Lords Amendment 1,328.0,250.0,,,,,,,0.89,Whipped
1761.0,2024-03-14T17:16:00,2024-03-14T17:46:54,97.0,False,,,Supplementary Estimates 2023-24,218.0,35.0,,,,,,,0.39,Whipped
1760.0,2024-03-14T17:00:00,2024-03-15T12:01:20,96.0,False,,,Supplementary Estimate 2023-24 Home Office: amendment (a),36.0,220.0,,,,,,,0.39,Whipped
1759.0,2024-03-13T18:14:00,2024-03-13T18:44:33,95.0,False,,,Draft Strikes (Minimum Service Levels: Fire and Rescue Services) (England) Regulations 2024,291.0,147.0,,,,,,,0.67,Whipped
1758.0,2024-03-13T18:01:00,2024-03-14T15:44:55,94.0,False,,,National Insurance Contributions (Reduction in Rates) (No. 2) Bill: Third Reading,293.0,41.0,,,,,,,0.51,Whipped
1757.0,2024-03-13T17:43:00,2024-03-13T18:15:22,93.0,False,,,National Insurance Contributions (Reduction in Rates) (No. 2) Bill Committee: New Clause 2,169.0,293.0,,,,,,,0.71,Whipped
1756.0,2024-03-13T17:28:00,2024-03-13T17:49:07,92.0,False,,,National Insurance Contributions (Reduction in Rates) (No. 2) Bill Committee: New Clause 1 ,170.0,292.0,,,,,,,0.71,Whipped
1755.0,2024-03-13T16:48:00,2024-03-13T17:06:11,91.0,False,,,National Insurance Contributions (Reduction in Rates) (No. 2) Bill: Second Reading ,304.0,43.0,,,,,,,0.53,Whipped
1754.0,2024-03-13T16:33:00,2024-03-13T16:55:37,90.0,False,,,National Insurance Contributions (Reduction in Rates) (No. 2) Bill: Reasoned Amendment to Second Reading,44.0,300.0,,,,,,,0.53,Whipped
1753.0,2024-03-12T19:15:00,2024-03-12T19:33:44,89.0,False,,,Ways and Means: Capital Gains Tax,317.0,46.0,,,,,,,0.56,Whipped
1752.0,2024-03-12T18:59:00,2024-03-13T19:03:46,88.0,False,,,Ways and Means: Income Tax (Charge),318.0,43.0,,,,,,,0.56,Whipped
1751.0,2024-03-06T13:41:00,2024-03-06T14:08:07,87.0,False,,,Motion under the Provisional Collection of Taxes Act 1968,288.0,38.0,,,,,,,0.5,Whipped
1750.0,2024-03-01T13:15:00,2024-03-01T13:31:01,86.0,False,,,Closure,68.0,15.0,,,,,,,0.13,Whipped
1749.0,2024-03-01T09:34:00,2024-03-01T09:49:19,85.0,False,,,Motion to sit in private,0.0,64.0,,,,,,,0.1,Whipped
1809.0,2024-04-30T16:52:00,2024-04-30T17:07:42,145.0,False,,,"Digital Markets, Competition and Consumers Bill: motion to disagree with Lords Amendment 104",273.0,163.0,,,,,,,0.67,Whipped
1808.0,2024-04-30T16:40:00,2024-04-30T16:58:51,144.0,False,,,"Digital Markets, Competition and Consumers Bill: motion to disagree with Lords Amendment 31",272.0,162.0,,,,,,,0.67,Whipped
1807.0,2024-04-30T16:26:00,2024-04-30T17:09:15,143.0,False,,,"Digital Markets, Competition and Consumers Bill: motion to disagree with Lords Amendment 26",274.0,162.0,,,,,,,0.67,Whipped
1806.0,2024-04-30T16:13:00,2024-04-30T16:28:42,142.0,False,,,"Digital Markets, Competition and Consumers Bill: motion to disagree with Lords Amendment 12",276.0,161.0,,,,,,,0.67,Whipped
1805.0,2024-04-30T15:59:00,2024-04-30T16:19:55,141.0,False,,,"Digital Markets, Competition and Consumers Bill: motion to disagree with Lords Amendment 9",273.0,159.0,,,,,,,0.66,Whipped
1804.0,2024-04-29T18:58:00,2024-04-29T19:17:43,140.0,False,,,Post Office (Horizon System) Offences Bill: Instruction (Scotland),42.0,265.0,,,,,,,0.47,Whipped
1803.0,2024-04-24T18:03:00,2024-04-24T18:20:54,139.0,False,,,Renters (Reform) Bill Report Stage: Amendment 28,158.0,282.0,,,,,,,0.68,Whipped
1802.0,2024-04-24T17:41:00,2024-04-29T15:29:22,138.0,False,,,Renters (Reform) Bill Report Stage: New Clause 30,287.0,144.0,,,,,,,0.66,Whipped
1801.0,2024-04-24T17:26:00,2024-04-29T15:29:08,137.0,False,,,Renters (Reform) Bill Report Stage: New Clause 15,283.0,143.0,,,,,,,0.66,Whipped
1800.0,2024-04-24T00:00:00,2024-04-24T15:56:02,136.0,True,,,the draft Economic Growth (Regulatory Functions) (Amendment) Order 2024,395.0,50.0,,,,,,,0.68,Whipped
1799.0,2024-04-22T22:36:00,2024-05-13T18:01:08,135.0,False,,,Motion to appoint a Reasons Committee in respect of Lords Amendment 3J,309.0,41.0,,,,,,,0.54,Whipped
1798.0,2024-04-22T22:20:00,2024-05-13T17:59:59,134.0,False,,,Safety of Rwanda (Asylum and Immigration) Bill: motion to disagree with Lords Amendment 3J,312.0,237.0,,,,,,,0.84,Whipped
1797.0,2024-04-22T17:57:00,2024-04-22T18:20:12,133.0,False,,,Economic Activity of Public Bodies Carry-Over,304.0,222.0,,,,,,,0.81,Whipped
1796.0,2024-04-22T17:42:00,2024-04-22T18:09:48,132.0,False,,,Reasons Committee Rwanda Bill,309.0,37.0,,,,,,,0.53,Whipped
1795.0,2024-04-22T17:28:00,2024-04-22T18:13:56,131.0,False,,,Rwanda Bill motion to disagree with Lords amendment 10F,305.0,234.0,,,,,,,0.83,Whipped
1794.0,2024-04-22T17:12:00,2024-04-22T17:34:24,130.0,False,,,Safety of Rwanda (Asylum and Immigration) Bill: motion to disagree with Lords Amendment 3G,306.0,229.0,,,,,,,0.82,Whipped
1793.0,2024-04-17T18:36:00,2024-04-19T15:41:24,129.0,False,,,Finance (No. 2) Bill: Second Reading,296.0,49.0,,,,,,,0.53,Whipped
1792.0,2024-04-17T18:21:00,2024-04-19T15:40:38,128.0,False,,,Finance (No. 2) Bill: Reasoned Amendment to Second Reading,42.0,296.0,,,,,,,0.52,Whipped
1791.0,2024-04-17T16:10:00,2024-04-17T16:24:00,127.0,False,,,Safety of Rwanda Bill: motion to disagree with Lords Amendment 10D,302.0,244.0,,,,,,,0.84,Whipped
1790.0,2024-04-17T15:56:00,2024-04-17T16:11:19,126.0,False,,,Safety of Rwanda Bill: That this House disagrees with the Lords in their Amendment 6D,310.0,240.0,,,,,,,0.85,Whipped
1789.0,2024-04-17T15:43:00,2024-04-17T18:26:00,125.0,False,,,Safety of Rwanda (Asylum and Immigration) Bill: motion to disagree with Lords Amendment 3E,306.0,240.0,,,,,,,0.84,Whipped
1788.0,2024-04-17T15:27:00,2024-04-17T16:19:11,124.0,False,,,Safety of Rwanda Bill: motion to disagree with Lords  Amendment 1D,306.0,240.0,,,,,,,0.84,Whipped
1787.0,2024-04-16T18:56:00,2024-04-18T16:35:15,123.0,False,,,Tobacco and Vapes Bill: Second Reading,383.0,67.0,,,,,,,0.69,Whipped
1786.0,2024-04-15T21:42:00,2024-04-17T11:12:26,122.0,False,,,That this House disagrees with the Lords in their Amendment 10B,312.0,253.0,,,,,,,0.87,Whipped
1785.0,2024-04-15T21:29:00,2024-04-15T22:25:10,121.0,False,,,That this House insists on its disagreement with the Lords in their Amendment 9 but proposes Amendment (a) in lieu,320.0,246.0,,,,,,,0.87,Whipped
1784.0,2024-04-15T21:17:00,2024-04-16T17:18:27,120.0,False,,,That this House disagrees with the Lords in ther Amendment 7B,319.0,249.0,,,,,,,0.87,Whipped
1783.0,2024-04-15T21:04:00,2024-04-17T18:31:22,119.0,False,,,That this House disagrees with the Lords in their Amendment 6B,319.0,249.0,,,,,,,0.87,Whipped
1782.0,2024-04-15T20:51:00,2024-04-16T17:17:49,118.0,False,,,Rwanda Bill: Motion to disagree with Lords Amendments 3B and 3C,317.0,246.0,,,,,,,0.87,Whipped
1781.0,2024-04-15T20:37:00,2024-04-15T22:16:04,117.0,False,,,Rwanda Bill: Motion to disagree with Lords Amendment 1B,315.0,250.0,,,,,,,0.87,Whipped
1824.0,2024-05-24T12:27:00,2024-05-24T12:47:29,160.0,False,,,The Tribunal Procedure (Upper Tribunal) (Immigration and Asylum Chamber) (Amendment) Rules 2024,135.0,10.0,,,,,,,0.22,Whipped
1823.0,2024-05-23T15:14:00,2024-05-24T13:54:58,159.0,False,,,Finance (No. 2) Bill: Third Reading,215.0,19.0,,,,,,,0.36,Whipped
1822.0,2024-05-22T19:08:00,2024-05-22T19:25:33,158.0,False,,,Holocaust Memorial Bill Committee: New Clause 1,11.0,182.0,,,,,,,0.3,Whipped
1821.0,2024-05-22T15:00:00,2024-05-22T18:39:52,157.0,False,,,Immigration and asylum: Ten Minute Rule Motion,74.0,49.0,,,,,,,0.19,Whipped
1820.0,2024-05-21T18:10:00,2024-05-21T18:39:19,156.0,False,,,High Speed Rail (Crewe - Manchester) Bill: Instruction (No. 3),323.0,7.0,,,,,,,0.51,Whipped
1819.0,2024-05-21T15:57:00,2024-05-21T17:30:40,155.0,False,,,"Digital Markets, Competition and Consumers Bill: Consideration of Lords Message: manuscript amendment",217.0,268.0,,,,,,,0.75,Whipped
1818.0,2024-05-17T09:35:00,2024-05-17T09:53:31,154.0,False,,,Motion to sit in private,0.0,37.0,,,,,,,0.06,Whipped
1817.0,2024-05-15T19:02:00,2024-05-15T19:25:56,153.0,False,,,Criminal Justice Bill Report Stage: New Clause 91,17.0,268.0,,,,,,,0.44,Whipped
1816.0,2024-05-15T18:48:00,2024-05-15T19:05:07,152.0,False,,,Criminal Justice Bill Report Stage: New Clause 59,171.0,272.0,,,,,,,0.68,Whipped
1815.0,2024-05-15T18:40:00,2024-05-15T18:53:09,151.0,False,,,Criminal Justice Bill Report Stage: New Clause 44,167.0,275.0,,,,,,,0.68,Whipped
1814.0,2024-05-13T20:25:00,2024-05-14T13:44:48,150.0,False,,,Risk-based exclusion: amendment (o),170.0,169.0,,,,,,,0.52,Whipped
1813.0,2024-05-08T16:54:00,2024-05-09T12:12:14,149.0,False,,,Finance (No. 2) Bill Committee: New Clause 3,198.0,269.0,,,,,,,0.72,Whipped
1812.0,2024-05-08T16:40:00,2024-05-08T17:52:55,148.0,False,,,Finance (No. 2) Bill Committee: New Clause 2,195.0,266.0,,,,,,,0.71,Whipped
1811.0,2024-05-08T15:42:00,2024-05-08T16:23:27,147.0,False,,,Finance (No. 2) Bill Committee: New Clause 4,212.0,274.0,,,,,,,0.75,Whipped
1810.0,2024-05-08T15:26:00,2024-05-08T16:20:50,146.0,False,,,Finance (No. 2) Bill Committee: New Clause 1,211.0,276.0,,,,,,,0.75,Whipped
1832.0,2024-07-29T21:48:00,2024-07-29T22:10:13,6.0,False,,,Passenger Railway Services Bill (Public Ownership) Bill: Second Reading,351.0,84.0,,,,,,,0.67,Whipped
1831.0,2024-07-25T13:08:00,2024-07-25T13:33:27,5.0,False,,,The draft Criminal Justice Act 2003 (Requisite and Minimum Custodial Periods) Order 2024,323.0,81.0,,,,,,,0.62,Whipped
1830.0,2024-07-23T19:30:00,2024-07-24T19:12:05,4.0,False,,,King's Speech (Motion for an Address): Amendment (k),85.0,382.0,,,,,,,0.72,Whipped
1829.0,2024-07-23T19:15:00,2024-07-23T20:10:34,3.0,False,,,King's Speech (Motion for an Address): Amendment (d),103.0,363.0,,,,,,,0.72,Whipped
1828.0,2024-07-23T18:59:00,2024-07-24T11:30:21,2.0,False,,,King's Speech (Motion for an Address): Amendment (l),117.0,384.0,,,,,,,0.77,Whipped
1827.0,2024-07-22T21:59:00,2024-07-23T19:43:21,1.0,False,,,King's Speech (Motion for an Address): Amendment (h),111.0,390.0,,,,,,,0.77,Whipped
1841.0,2024-09-10T18:15:00,2024-09-10T18:32:50,15.0,False,,,Opposition day: Winter Fuel Payment,214.0,335.0,,,,,,,0.84,Whipped
1840.0,2024-09-10T14:59:00,2024-09-11T09:48:43,14.0,False,,," Social Fund Winter Fuel Payment Regulations 2024 (SI, 2024, No. 869): motion to annul",228.0,348.0,,,,,,,0.89,Whipped
1839.0,2024-09-05T17:15:00,2024-09-05T17:44:52,13.0,False,,,Great British Energy Bill: Second Reading,348.0,95.0,,,,,,,0.68,Whipped
1838.0,2024-09-05T16:59:00,2024-09-09T18:53:22,12.0,False,,,Great British Energy Bill: Reasoned Amendment to Second Reading,94.0,348.0,,,,,,,0.68,Whipped
1837.0,2024-09-04T17:09:00,2024-09-04T17:27:00,11.0,False,,,Budget Responsibility Bill: Committee: Amendment 2,73.0,375.0,,,,,,,0.69,Whipped
1836.0,2024-09-04T16:52:00,2024-09-04T17:15:50,10.0,False,,,Budget Responsibility Bill: Committee: Amendment 9,109.0,366.0,,,,,,,0.73,Whipped
1835.0,2024-09-03T19:10:00,2024-09-04T15:33:47,9.0,False,,,Passenger Railway Services Bill (Public Ownership) Bill: Committee: Amendment 21,82.0,360.0,,,,,,,0.68,Whipped
1834.0,2024-09-03T18:53:00,2024-09-04T16:48:28,8.0,False,,,Passenger Railway Services Bill (Public Ownership) Bill: Committee: Amendment 17,113.0,372.0,,,,,,,0.75,Whipped
1833.0,2024-09-03T18:35:00,2024-09-03T19:01:03,7.0,False,,,Passenger Railway Services Bill (Public Ownership) Bill: Committee: Amendment 14,111.0,362.0,,,,,,,0.73,Whipped
1853.0,2024-10-29T18:53:00,2024-11-01T10:34:16,27.0,False,,,Great British Energy Bill: Third Reading,361.0,111.0,,,,,,,0.73,Whipped
1852.0,2024-10-29T18:28:00,2024-11-06T14:43:22,26.0,False,,,Great British Energy Bill Report Stage: Amendment 8,115.0,361.0,,,,,,,0.73,Whipped
1851.0,2024-10-29T18:14:00,2024-11-06T14:42:00,25.0,False,,,Great British Energy Bill Report Stage: Amendment 6,124.0,361.0,,,,,,,0.75,Whipped
1850.0,2024-10-29T17:58:00,2024-10-29T18:17:08,24.0,False,,,Great British Energy Bill Report Stage: Amendment 4,96.0,353.0,,,,,,,0.69,Whipped
1849.0,2024-10-21T22:16:00,2024-10-22T09:25:26,23.0,False,,,Employment Rights Bill: Second Reading,386.0,105.0,,,,,,,0.76,Whipped
1848.0,2024-10-21T21:59:00,2024-11-11T12:02:30,22.0,False,,,Employment Rights Bill: Reasoned Amendment to Second Reading,105.0,386.0,,,,,,,0.76,Whipped
1847.0,2024-10-16T18:57:00,2024-10-21T10:19:48,21.0,False,,,Opposition day: Access to primary healthcare,80.0,337.0,,,,,,,0.64,Whipped
1846.0,2024-10-16T15:26:00,2024-10-16T17:32:24,20.0,False,,,Opposition day: Carer's allowance,87.0,335.0,,,,,,,0.65,Whipped
1845.0,2024-10-15T18:55:00,2024-10-16T12:20:34,19.0,False,,,House of Lords (Hereditary Peers) Bill: Reasoned Amendment to Second Reading,105.0,453.0,,,,,,,0.86,Whipped
1844.0,2024-10-09T19:00:00,2024-10-10T13:57:28,18.0,False,,,Renters' Rights Bill: Reasoned Amendment to Second Reading,104.0,424.0,,,,,,,0.81,Whipped
1843.0,2024-10-08T18:59:00,2024-10-08T19:18:13,17.0,False,,,Opposition Day: Farming and food security,187.0,359.0,,,,,,,0.84,Whipped
1842.0,2024-10-08T16:16:00,2024-10-09T12:01:49,16.0,False,,,Opposition Day: VAT on independent schools,190.0,363.0,,,,,,,0.85,Whipped
1877.0,2024-11-29T14:08:00,2024-11-29T14:29:20,51.0,False,,,Terminally Ill Adults (End of Life) Bill: Second Reading,330.0,275.0,,,,,,,0.93,Possible Free Vote - needs verification
1876.0,2024-11-27T19:06:00,2024-11-27T19:21:14,50.0,False,,,Finance Bill: Second Reading,332.0,176.0,,,,,,,0.78,Whipped
1875.0,2024-11-27T18:51:00,2024-11-27T19:09:32,49.0,False,,,Finance Bill: Reasoned Amendment to Second Reading,112.0,333.0,,,,,,,0.68,Whipped
1874.0,2024-11-26T18:46:00,2024-11-29T12:53:59,48.0,False,,,Tobacco and Vapes Bill: Second Reading,415.0,47.0,,,,,,,0.71,Whipped
1873.0,2024-11-25T21:50:00,2024-12-02T13:24:51,47.0,False,,,Non-Domestic Rating (Multipliers and Private Schools) Bill: Second Reading,336.0,175.0,,,,,,,0.79,Whipped
1872.0,2024-11-25T21:34:00,2024-11-28T13:43:02,46.0,False,,,Non-Domestic Rating (Multipliers and Private Schools) Bill: Reasoned Amendment to Second Reading,173.0,335.0,,,,,,,0.78,Whipped
1871.0,2024-11-19T15:06:00,2024-11-26T13:34:44,45.0,False,,,Passenger Railway Services (Public Ownership) Bill: motion to disagree with Lords Amendment 2,350.0,108.0,,,,,,,0.7,Whipped
1870.0,2024-11-19T14:53:00,2024-11-25T19:55:46,44.0,False,,,Passenger Railway Services (Public Ownership) Bill: motion to disagree with Lords Amendment 1,344.0,172.0,,,,,,,0.79,Whipped
1869.0,2024-11-13T00:00:00,2024-11-13T15:05:46,43.0,True,,,Draft Windsor Framework (Non-Commercial Movement of Pet Animals) Regulations 2024,412.0,16.0,,,,,,,0.66,Whipped
1868.0,2024-11-12T19:00:00,2024-11-20T11:36:22,42.0,False,,,House of Lords (Hereditary Peers) Bill: Third Reading,435.0,73.0,,,,,,,0.78,Whipped
1867.0,2024-11-12T18:34:00,2024-11-13T15:40:55,41.0,False,,,House of Lords (Hereditary Peers) Bill Committee: New Clause 20,98.0,375.0,,,,,,,0.73,Whipped
1866.0,2024-11-12T18:19:00,2024-11-13T14:38:52,40.0,False,,,House of Lords (Hereditary Peers) Bill Committee: New Clause 7,93.0,355.0,,,New Clause 7,,,,0.69,Whipped
1865.0,2024-11-12T18:05:00,2024-11-12T18:22:26,39.0,False,,,House of Lords (Hereditary Peers) Bill Committee: New Clause 1,41.0,378.0,,,,,,,0.64,Whipped
1864.0,2024-11-12T17:50:00,2024-11-13T16:19:29,38.0,False,,,House of Lords (Hereditary Peers) Bill Committee: Amendment 25,98.0,376.0,,,,,,,0.73,Whipped
1863.0,2024-11-06T21:00:00,2024-11-11T10:43:25,37.0,False,,,Budget Resolution No. 44:  Rates of alcohol duty,371.0,77.0,,,,,,,0.69,Whipped
1862.0,2024-11-06T20:49:00,2024-11-07T10:58:20,36.0,False,,,Budget Resolution No. 36: Stamp duty land tax (additional dwellings: purchases on or after 1 April 2025),373.0,110.0,,,,,,,0.74,Whipped
1861.0,2024-11-06T20:37:00,2024-11-07T15:41:54,35.0,False,,,Budget Resolution No. 35: Stamp duty land tax (additional dwellings: purchases before 1 April 2025) ,378.0,116.0,,,,,,,0.76,Whipped
1860.0,2024-11-06T20:25:00,2024-11-22T14:47:10,34.0,False,,,Budget Resolution No. 34: Value added tax (private school fees),383.0,184.0,,,,,,,0.87,Whipped
1859.0,2024-11-06T20:10:00,2024-11-11T12:38:39,33.0,False,,,Budget Resolution No. 14: Energy (oil and gas) profits levy (period for which levy has effect) ,450.0,120.0,,,,,,,0.88,Whipped
1858.0,2024-11-06T19:55:00,2024-11-07T17:07:48,32.0,False,,,Budget Resolution No. 13: Energy (oil and gas) profits levy (relief for investment expenditure),454.0,124.0,,,,,,,0.89,Whipped
1857.0,2024-11-06T19:40:00,2024-11-07T17:06:34,31.0,False,,,Budget Resolution No. 12: Energy (oil and gas) profits levy (increase in rate) ,455.0,125.0,,,,,,,0.89,Whipped
1856.0,2024-11-06T19:26:00,2024-11-11T12:28:24,30.0,False,,,Budget Resolution No. 8: Capital gains tax (investors' relief),400.0,122.0,,,,,,,0.8,Whipped
1855.0,2024-11-06T19:12:00,2024-11-07T17:10:14,29.0,False,,,Budget Resolution No. 7: Capital gains tax (business asset disposal relief),400.0,120.0,,,,,,,0.8,Whipped
1854.0,2024-11-06T18:58:00,2024-11-06T19:18:42,28.0,False,,,Budget Resolution No. 6: Capital gains tax (the main rates),401.0,120.0,,,,,,,0.8,Whipped
1899.0,2024-12-17T18:55:00,2024-12-20T09:39:38,73.0,False,,,National Insurance Contributions (Secondary Class 1 Contributions) Bill: Third Reading,354.0,202.0,,,,,,,0.86,Whipped
1898.0,2024-12-17T18:37:00,2024-12-17T20:52:10,72.0,False,,,National Insurance Contributions (Secondary Class 1 Contributions) Bill Committee: New Clause 1,195.0,353.0,,,,,,,0.84,Whipped
1897.0,2024-12-17T18:22:00,2024-12-17T20:51:48,71.0,False,,,National Insurance Contributions (Secondary Class 1 Contributions) Bill Committee: Amendment 23,196.0,352.0,,,,,,,0.84,Whipped
1896.0,2024-12-17T18:09:00,2024-12-18T15:08:24,70.0,False,,,National Insurance Contributions (Secondary Class 1 Contributions) Bill Committee: Amendment 13,206.0,353.0,,,,,,,0.86,Whipped
1895.0,2024-12-17T17:55:00,2024-12-23T10:03:01,69.0,False,,,National Insurance Contributions (Secondary Class 1 Contributions) Bill Committee: Amendment 1,100.0,351.0,,,,,,,0.69,Whipped
1894.0,2024-12-11T18:18:00,2024-12-11T18:33:37,68.0,False,,,Finance Bill Committee: New Clause 7,104.0,313.0,,,,,,,0.64,Whipped
1893.0,2024-12-11T18:03:00,2024-12-13T09:49:36,67.0,False,,,Finance Bill Committee: New Clause 6,105.0,314.0,,,,,,,0.64,Whipped
1892.0,2024-12-11T17:12:00,2024-12-12T14:06:05,66.0,False,,,Finance Bill Committee: New Clause 8,167.0,329.0,,,,,,,0.76,Whipped
1891.0,2024-12-11T16:57:00,2024-12-23T10:05:29,65.0,False,,,Finance Bill Committee: Clause 48 stand part,332.0,170.0,,,,,,,0.77,Whipped
1890.0,2024-12-11T16:42:00,2024-12-17T17:59:42,64.0,False,,,Finance Bill Committee: Clause 47 stand part,338.0,170.0,,,,,,,0.78,Whipped
1889.0,2024-12-11T00:00:00,2024-12-11T14:43:03,63.0,True,,,"Draft Movement of Goods (Northern Ireland to Great Britain) (Animals, Feed and Food, Plant Health etc.) (Transitory Provision and Miscellaneous Amendments) Regulations 2024",375.0,9.0,,,,,,,0.59,Whipped
1888.0,2024-12-10T16:27:00,2024-12-12T10:41:35,62.0,False,,,Draft Home Detention Curfew and Requisite and Minimum Custodial Periods (Amdt) Order 2024,424.0,106.0,,,,,,,0.82,Whipped
1887.0,2024-12-10T16:11:00,2024-12-11T12:28:57,61.0,False,,,Finance Bill Committee New Clause 3,184.0,359.0,,,,,,,0.84,Whipped
1886.0,2024-12-10T15:56:00,2024-12-12T10:41:03,60.0,False,,,Finance Bill Committee: New Clause 2,74.0,350.0,,,,,,,0.65,Whipped
1885.0,2024-12-10T14:17:00,2024-12-10T14:34:38,59.0,False,,,Finance Bill Committee: New Clause 5,105.0,340.0,,,,,,,0.68,Whipped
1884.0,2024-12-09T20:38:00,2024-12-09T21:00:40,58.0,False,,,Terrorism (Protection of Premises) Bill: New Clause 1,89.0,340.0,,,,,,,0.66,Whipped
1883.0,2024-12-06T09:34:00,2024-12-06T09:59:18,57.0,False,,,Motion to sit in private,1.0,49.0,,,,,,,0.08,Whipped
1882.0,2024-12-04T18:57:00,2024-12-04T19:13:42,56.0,False,,,Opposition Day: Increase in employers' National Insurance Contributions,165.0,334.0,,,,,,,0.77,Whipped
1881.0,2024-12-04T16:57:00,2024-12-05T09:50:13,55.0,False,,,Opposition day: UK Farming and Inheritance Tax ,181.0,339.0,,,,,,,0.8,Whipped
1880.0,2024-12-03T18:54:00,2024-12-03T19:13:59,54.0,False,,,National Insurance Contributions (Secondary Class 1 Contributions) Bill: Second Reading,332.0,189.0,,,,,,,0.8,Whipped
1879.0,2024-12-03T18:40:00,2024-12-04T17:54:17,53.0,False,,,National Insurance Contributions (Secondary Class 1 Contributions) Bill: Reasoned Amendment to Second Reading,186.0,330.0,,,,,,,0.79,Whipped
1878.0,2024-12-03T14:51:00,2024-12-04T10:52:01,52.0,False,,,Elections (proportional representation): Ten Minute Rule Motion ,138.0,136.0,,,,,,,0.42,Whipped
,,,,,,,,,,,,,,,,,Whipped
