"text","valence"
"@liamch88 yeah! :) playing well ",0.6
"At least I don't have a guy trying to discourage me anymore in what I want to do he will never become anything worth contributing to society",0.484
"UPLIFT: If you're still discouraged it means you're listening to the wrong voices &amp; looking to the wrong source. Look to the LORD!",0.563
"...at your age, the heyday in the blood is tame...' @TheArtofCharm #shakespeareaninsults #hamlet #elizabethan #williamshakespeare",0.45
"i was so embarrassed when she saw us i was like knvfkkjg she thinks we're stalkers n then she starts waving all cheerfully inviting us in 😩",0.233
"Really planned on making videos this week. Then. A tv died, phone broke, truck died, #depression took over. I'm wondering what I did 2 karma",0.214
"I hate having ideas but being too afraid to share them 😔",0.138
"At the regular cheerfulness of any emotion, her own supper, and to give the ladies were soon as they have been entirely at",0.648
"A pessimist sees the difficulty in every opportunity, an optimist sees the opportunity in every difficulty' -Sir Winston Churchill-",0.641
"Just because I'm hurting \nDoesn't mean I'm hurt \nDoesn't mean I didn't get \nWhat I deserved \nNo better and no worse #lost  @coldplay",0.242
"@coltonflurry @StrangeFacesLA I cancelled by CBS all access live feeds before JC even said Vic won AFP. Paul.should have won IMO #bitter",0.25
"For what a beautiful day. ",0.672
"We have been a better second half team this season. So there's that. ",0.55
"Back to forest drama -\nfrom my #Forest #music - series, 2016\n#nature #dark #art #photography #Finland",0.5
"@rclemmons much #sadness and #heartbreak",0.167
"I have learned over the years that when one's mind is made up, this diminishes fear. –Rosa Parks #quotes #motivation",0.565
"Walk right through them! See way past them, and don't even hesitate running them over.",0.536
"@crazace76 it looks cool and animated well for pixel art !",0.75
"Over 70% of social sharing is dark &amp; over 50% of web traffic comes from #darksocial. @colinzalewski #LIFTSocial",0.703
"CommunitySleepCoach: Look at these #narcoleptic #puppies. Make you #smile. If you are human &amp; find yourself in such odd positions, seek #th…",0.733
"now that I have my future planned out, I feel so much happier #goals #life  #igotthis #yay",0.852
"#hate going to the doctor on so many levels but least I can go sleep with a #smile just watched #Dwight on live nation",0.617
"Happy Birthday, LOST! / #lost #dharmainitiative #12years #22september2004 #oceanic815",0.599
"People too weak to follow their own dreams will always find a way to discourage yours.",0.313
"@bldmovs sadly beautiful photo.",0.362
"@SueWallace78 peanut butter???? You some kinda pervert?? ",0.379
"My baskets are better when I'm in a bad mood someone irritate me before practice please",0.313
"Remember: The life you have is a blessing for #God. Make it a joyful experience regardless of the odds. GBY",0.672
"@ChurdAllan fucked my coupon that goal! ",0.406
"It's always depressing to sort WordPress plugin recommendations not by 'best' but by 'least offensive in terms of premium features.'",0.138
"@GreatDismal @Bencjacobs and it’s gleeful because they’re so inspired, so convinced they’re winning and at last have their strongman",0.609
"Catering channel's at the height technics hearty enjoyment symptomatize: vrlfEyrN",0.683
"@thatomahapa the best revenge is to get yourself a good woman and move on. Leave her and her hairline to figure themselves out alone",0.516
"@iamglenn35 the forth character? No... not gleeful enough...",0.391
"My view of the human being is as a dynamic expression of the Cosmos we exist within #humanism #awe",0.597
"@homoaesthetics YESYESYES like jd is the closest cahracter that is similar to blaine!! the optimism and ability to crack tough characters",0.683
"@TheRandomAnt @meg_m203 yeah, they figured that ornaments are way more wanted than spektar and desolate gear. Well they thought right.",0.531
"Hey NASCAR fans. Are you going to the race in Loudon this weekend?  Why not stop by New Day Diner for a great hearty breakfast before you go",0.694
"Love your new show @driverminnie ",0.638
"@DDogsScout 'Oh!' Almost with odd cheerfulness, Big Boss offers: 'Muzzle flash blinding. Accidental by the guy who became my best friend.'",0.548
"@NFLonFOX @TheDoctorCarson @FOXSports Easy, breezy, beautiful...",0.742
"Being in the countryside all day was so pleasing",0.79
"@bear_ing you asshole... you made me sexually attacked to a animated bear :-P",0.333
"@swarbleflop @LightskinJesuSP they're both pretty awful when you look at them historically",0.233
"@Corsair those sparkling looks like a gay vampire 😁",0.677
"What do Aquila, Ajahnae, and Euriechsa have in common besides ridiculously stupid,horrible,ugly, God awful names? Tracey IS NOT their father",0.274
"@SquishyJiminie aww thank you!! I'm definitely feeling much better today and your messages cheer me up too ☺️",0.776
"The T.I / Shawty Lo beef is one of the more underrated ones in hip-hop history. Chock-full of wit, bravado and hilarity.",0.613
"And you as well! #sparkling @cherebork @MelissaJoyRD @SarahKoszykRD @eat4performance @rustnutrition @jenhaugen",0.638
"@1johndes ball watching &amp; Rojo'd header was equally dreadful!!",0.286
"For every minute you are angry you lose sixty seconds of happiness. - Ralph Waldo Emerson #quote",0.629
"@jccrocker #CharlotteProtest do u #wait 4 the facts #video or do u #hate now ask questions later  #protest #PoliceShootings #suggestions",0.435
"Please bear with me, I'm not Twitter savvy😝 in real life I'm a Facebook person. Help me gain followers 🤓 #blog #selfhelp ",0.517
"And here we go again 😓 ",0.371
"I found #marmite in Australia. `:) #happy",0.968
"Misery loves company. The church ought to be a place where it finds none.\n-Pastor Kris Theobald #joy #rejoice",0.7
"Does this blow your mind as much as it blew mine, or did I just sexually harass someone? #WHOA #Mindblown #huh #setback #fright #madashell 😂",0.717
"@canada4trumpnow @donlemon he has BAD TEMPERAMENT  #HissyFits",0.328
"@TheNotoriousMMA looking like @MIckeyRourkeFP in his heyday",0.517
"@blackeyed_susie They ain't going away, and I don't want to see them hurt; changing hearts/minds is really our only option, no? ",0.375
"i'm doing laundry and watching that 70's show with a bunch of strangers.  #birthday #to #me",0.558
"that's my breezy breezy breezy that's my breezy that's my buzzinnnnnn.",0.645
"never #make a decision when you are .. #angry &gt;_&lt; .... and never make a #promis when you are #happy :) :*",0.467
"@danisnotonfire you made me cry and shake to the point where my parents had to calm me down and give me calming tablets...",0.21
"A delight to be at the Lane tonight and witness the debuts of some young talent that could be the backbone of our club!! #COYS",0.871
"I can never find the exact #emoji that I'm after at the exact moment that I need it #panic",0.267
"@alpuzz Ah, but once I got it to work, there was much rejoicing! Lol thanks will get it to do taht now.",0.845
"..... wakes up and says 'have you tried changing her nappy?' 😡👊🏼 !!!!",0.3
"Praying for the #Lord to keep #anger #hate #jealousy away from your heart is a sign of #maturity #conciseness",0.419
"Never let me see you frown",0.403
"@GoPro your UX online is appalling! No clear save button, not being able to use any generic TLD's #unhappy",0.156
"@alicereidy more of a hearty Italian man myself",0.483
"@amychozick @jswatz Not a word about terrorism.",0.458
"@MaxVenator We've had no foreign policy but have had goofy Secretary of State John Kerry with his devil may care pose and jaunty blue scarf.",0.462
"Very long day. Thank goodness for Bake Off to brighten up a weary Wednesday ☺ #GBBO",0.581
"When you wake up from a dream laughing at something stupid, and that makes you laugh more #hilarious",0.871
"Hope was an instinct only the reasoning human mind could kill. An animal never knew despair.",0.417
"@jonfavs Don King is an insult to the intelligence of the Black Community.  What are these people thinking?",0.207
"@FilthyFrank My first time watching your vids and i died of laughter. Keep this up dude",0.793
"@Spacekatgal @outmagazine Its okay to be trans just rejoice with the trans in the trans way. By the way it's not your business, so why care?",0.518
"Omg I actually thought she was going to jump.  #SouthPark20 #southpark",0.312
"@TheSandraGal Glad to see that you're having fun in the sun. Water sports are always fun, challenging, and exhilarating. #happiness #beauty",0.903
"This whole #VanRE + extradition might turn into a Pandora's box. JT has no idea about that murky corrupt guanxi in China; Toad vs Dada ;-)",0.379
"Body is sleepy but the mind is active. So sad... Have to get ready for work in 30 minutes. Damn! #restless",0.156
"The LORD your God is in your midst—a warrior bringing victory. He will create calm with his love; he will rejoice over you with singing.",0.65
"#personaldevelopment\n\nToday is a gift, that's why it's called the present... #happiness #optimism #entrepreneur #personaldevelopment …",0.855
"Nice Idea collect all relevant socialmedia in one-But dont be automatic pls #worldsapp ⬅️ #chirp #appsworld #socialmedia @DanielFeuer merci🎈",0.607
"I can never find the exact #emoji that I'm after at the exact moment that I need it #nuclear #missiles.\n\n#IndianArmy ",0.375
"Brendan Rodgers looks fuming 😭",0.304
"@GOtvNg CN seems like you only appreciate good reviews. No apologies to my concern years ago.",0.323
"My friend just messaged me 'ugh I'm so hungry I can't wait for breakfast' #socialmedia #WineWednesday #hilarious #funny #laughing #happy",0.871
"I am always ready to #smile.",0.724
"@HebertofNH any time a man who got paid to throw temper tantrums speaks up, you gotta listen.",0.371
"@PuseLepuru it's the irritation of not having found the corpse",0.2
"Like I said ➡ there's plenty of cheddar in the cheese to go around! For everyone. ☺ #smile",0.75
"@RobertWesley3 I'm #mad that my brother is #sad ! Feel better bub!",0.278
"@ClvlndK8 It's so sad! There's always such optimism with a new year. This is...not good. @BuckshotBandit1 @dapostrophearcy",0.31
"one thing I can say is that you kept me smiling",0.871
"It's meant to be!!  ",0.533
"Your lion's heart\nWill protect you under stormy skies\nAnd I will always be listening for your laughter and your tears",0.645
"Lets get this Astros/A's game going already!  We're going to need all 5 of you in attendance to cheer the A's to victory!",0.583
"Well that was exhilarating. I didn't know you could have goosebumps for 2 hrs 5m straight.",0.717
"Bet pawpaw is having a good time rejoicing up in heaven for his first birthday there!",0.603
"Vincent looking super lively boy... Hattrick perhaps lol",0.7
"in health we did a think about depression and now i feel like i have it",0.364
"@Thebeast_ufc what happened to the suicide tweet it was a joke obviously how could that offend anyone?🤔",0.422
"I HATE little girls 😡😡 got a lot off growing up to do!!! #fuming",0.179
"@JamesPiotr I am working on a feature right now about the preponderance of awful owners who are at war with fans. So many to choose from.",0.373
"It take so little to make a child's life joyful, why do we work so hard to make their lives hell? @MiddleEastEye Peace",0.516
"Omg I'm outside making beats with garageband and some little birds  decided to chirp along （≧∇≦）",0.583
"@DoubleEph sadly his best days are behind him",0.234
"@zavvi @zavvihelp only offering 6 moth warranty #ps4pro #shocking #truth #ripoff",0.317
"Ok, it seems there is still hope in BSNL 🙂\nNow, BB speed is ok 🙂\nBut I won't thank and elate much lest it be gone again like before 😐🙂",0.538
"chirp chirp! what a beautiful white and red bird! 🐦",0.638
"@Blancalanka96 thought it'd be fun and it is not fun but on the bright side I don't have to fight for parking",0.448
"It's been 5 weeks and I still go through depression smh",0.111
"@sueblue35 @nsoz7 @immortalbulldog huh? We have a sprint coach? We're the slowest team in the comp. Talk about robbing a living. #outrage",0.1
"@Nikhilv95 @LydiajaneF I wish, I really, truly wish, that I had just a modicum of your banter. ",0.589
"Use your smile to change the world. Don't let the world change your smile.' #quote #actorslife #smile #love #hardworkpaysoff #fun",0.85
"One point: DSP claims YTers lost half their viewership in 2012 if they weren't using direct capture. That's when the search changes happened",0.478
".@POTUS Obama describes his temperament as 'steady &amp; on the buoyant side.'",0.333
"- the joyous occasion of laughing at the ostentatious display of disrespect. Bruce just scoffed at the entire scene. This wasn't Batman’s -",0.574
"The current run of superman continues to be a delight! You can feel the love poured into it by everone on the creative team #superman",0.8
"Come to the @BullSkitComedy FUNdraiser this Fri. at 8pm @TheScottBlock. Because #pie + #face = !",0.641
"@washingtondc @NMAAHC That is Noah Ark, it's a terrific design.",0.581
"I'm a cheery ghost.",0.677
"did you know that the sparkling letters in Super Mario Galaxy spell out U R MR GAY",0.567
"@Markk1872  Red heads are more fiery.",0.5
"Solid starts by #Bozzelli and #BenEvans. Hoping for a good #start !",0.733
"Relive Vegas' heyday with Rat Pack tribute",0.531
"@fleetstreetfox It's buzzing pathetically for sympathy if you let it out it will twirl it's moustache, chuckle and sting you #Psychowasp",0.452
"Job interview in the afternoon  #ek",0.569
"Today I answered a call from a college rep who didn't realize I did, and I got to hear part of his lively debate about if evolution is real.",0.467
"I've got some new pens to break in. Name an animated series and I'll draw you in that style 🖍",0.672
"If I spend more than £10 in shimmy on £1 drinks I'll be raging, but we all know it's gonna happen",0.267
"#terribledebatequestions has given me so many laughs this afternoon! Thanks Twitter!  #cleverpeople",0.823
"Just now we were rejoicing that we finally won a match the draw just revealed that we are facing city next. This life sef",0.411
"I thought I got mad for anything but my bf gets mad over any little thing lmfao shit be hilarious",0.617
"I seriously hope these chances Celtic are missing are going to come back to haunt them with an Alloa sucker punch",0.387
"i cant live anymore my roblox got termianted :(((((((((((((((((((((((( #sad #killme #lol #robloxgamer",0.117
"@Ginger_Naylor *Connie came back in* Hey you seem a bit more lively",0.55
"in my dream....They were trying to steal my kidney!!!  #blackmarket #whydidiwatchthat",0.333
"Obama admin rejects Texas plan to have refugees vetted for terrorism so Texas pulls of of fed refugee resettlement program. Aiding .",0.355
"Just joined #pottermore and was sorted into HUFFLEPUFF 😡😡😡 ",0.25
"Impractical Jokers...practically genius!!!  @BQQuinn #laughter #good4thesoul #ImpracticalJokers #bingewatching",0.732
"#nana 4 hoco bc my dream since freshman year awe 😙❤❤❤ @thecandeyman",0.732
"@crumpledlinen he chirp",0.569
"The ghost of Stefano reflects on the grim indignity of being murdered by corrupt cops in faux love. #days",0.452
"Just like there is a right way to pray, there is a right way to give - not grudgingly or of necessity, but cheerfully. #woficc",0.591
"Guy across from me in a really ugly suit cannot stop expressing his displeasure",0.21
"f breezy",0.672
"Turns out 'it' wasn't even anything to be concerned about at all. Im happy and a bit frustrated it took so long to get this answer.",0.484
"Bojack Horseman: the saddest show ever written?? #depression #season1",0.214
"Dehydrated, exhausted, stressed but still blessed. ",0.586
"I want my highlight to be so bright that if I ever get lost and someone is looking for me in the dark, they'll find me.",0.435
"#Appreciate what you have &amp; enjoy your life. \nUse your #smile 😃 to help others use theirs. ☺️",0.742
"What if.... the Metro LRT went over the Walterdale?!?! 😂 #yeg ",0.629
"@cedricyarbrough We love you! #hilarious   We are looking forward to SO much more!  #kudos on the #pilot @Speechless_ABC #speechless",0.893
"A former diplomat is quite gleeful about the situation of Pakistan on @TimesNow\nNot quite stiff upper lip of diplomacy seen normally",0.339
"Sigh. I got a B- .. #depressing",0.065
"@yoursecretsub1 Trust me dear, if you want to make anything invisible, hang a wet paint on it, and hilarity will ensue.",0.623
"Asked one thing from our guys tonight and got it! #happy #proud #disappointed - THAT IS FOOTBALL #timetoclimbthetable",0.607
"When we give cheerfully and accept gratefully, everyone is blessed. »Maya Angelou",0.726
"When you're prof suggest @Pharrell and William James may be unlikely dialogue partners and then plays the #happy video #WeAreCST",0.61
"be strong, independant and practical. stop living in your world of fantasy. snap out of it. the faster u get used to the reality, the better",0.5
"Beats is accurately all-powerful with respect to high-quality high-frequency speaker in re the extra desolate relating to fire-ea:…",0.603
"@SteveBryantArt I was pretty sure it was a Golden Ticket. Get a tour. Make a mistake. Something horrific will happen to you. Good day sir.",0.581
"@NeoFundie @fitchest Ha. Right. I'm from San Jose, CA, and I was offended right there with you. Dave, go on a walk or something next time.",0.276
"@bradshawjp Sweet! #optimism",0.63
"Repeal/remove the 'Johnson Amendment'. It is a direct affront to the First Amendment of the Constitution.",0.414
"So they #threaten to kill #kapernick for KNEELING. I say every athlete just stop playing until social justice and equality comes forth.",0.375
"@JordySloan love that Jordy #revenge ⚽️",0.519
"Mind if I tag along?' She asked cheerfully, sweeping a lock of hair behind her ear. 'I want to see if you've really got • @DitheringWizard",0.583
"everyone hates twice, and i kinda did too but they got bops i'm bumping rn to cheer up",0.435
"Just watched Django Unchained, Other people may frown, but I titter in delight! 2/5",0.633
"I just want to let everyone out there know you are wonderful people! #beyourself   #late-night #compliment #behappy",0.855
"@el_tityboi bc it's a gloomy day Tony",0.219
"@crimpoop my adorable and cheerful daughter\nAlways pouring positivity green goo on me\ndare hurt her and you'll see hell //growls\n\n#PandaBot",0.638
"@teenageic0n_ you'll be pleased to know my family are blues",0.565
"Are you lost in the fury, fearing that you'll fail?",0.35
"some of the casuals tweets that Vic has faved are making me gag #bitter",0.135
"@judahandthelion TONIGHT. Legit can't wait to rage 🤘🏻🤘🏻🤘🏻🤘🏻🤘🏻🔥",0.359
"ya boy gets mad tired of pine trees",0.397
"MC: what are you listen to these days?\nBogum: these days I feel gloomy, I listen to ccm (spiritual song) often.\n\nChurch oppa mode. :)",0.422
"@6itmap I can't help but feel melancholic!",0.339
"@Casper10666 I assure you there is no laughter, but increasing anger at the costs, and arrogance of Westminster.",0.121
"😩😩😩😩 heads melted, very tired but can't sleep. #nightmare",0.113
"@LPDonovan this is why I think his pre prepped debate answers have the potential for hilarity",0.607
"Once again the only thing on my feed is naay raging about something and my brother filling in all the gaps",0.35
"Women don't like girls because we resent them for looking so great/we wish we still looked like that  #washed",0.449
"the outrage has passed and has been replaced by a mute, fatalistic acceptance of the current situation.  #fatalism",0.274
"#Sports Top seed Johnson chases double delight at Tour Championship",0.565
"@Za_buhmaid Happy birthday sweety .. sweet 21 hun hope u have a wonderful day and a wondrful joyful year better than the last one, Luv U ♥",0.95
"@tylerhower Covering Milo might make sense—not much, even at that—but celebrating him as puckish is cooperation in something ghastly.",0.333
"Aidy: *has a physics question*\nAidy: '... ok, I'm not gonna ask Tristan cause I don't wanna aggravate her'",0.338
"#MeogysDailyVocabEnhancment Elation: quality or state of being elated; feeling or state of great joy or pride",0.694
"I can't pull myself out of depression",0.054
"@jessebwatters lol. Love it when you aggravate Juan. Keep up the good work. Lol",0.6
"@MericanMainer AWW. I had a Maine Coon when I was little named Ted Eddy the Wonder Cat. They're such good cats! Very playful and sweet",0.696
"@CNN please fire don lemon!!Do not let him report on anymore  protest. He is #horrible #negative and runs away from the issue at hand!",0.167
"@NHLstoreNYC  cheering for @TeamNA_WCH and @HC_Men",0.683
"@StephaliciousD afternoon delight",0.65
"@HuffPostUK  NO greater wrath than a woman scorned.",0.362
"When my friends send me ballons and fireworks through text... #amazing ",0.855
"@GarthJennings loved #sing #tiff but 1 q there is 1 japanese line but obviously spoken by non japanese. no way to find japanese for 1 line?",0.519
"I would like to congratulate the people of Saudi Arabia a happy and a joyous national day. May you all have a great time! #اليوم_الوطني",0.758
"You know you're in love when all you can do is smile whenever you talk about how he is to someone.",0.621
"Traditionalists say it should be bored by or bored with, but not bored of, a 'rule' cheerfully ignored",0.444
"@globemartyk 'drunken patroons' make this whole situation much more jovial though.",0.532
"I understand now...if it's not pleasing to the ear...then it ain't what you want! I'm so so tired!!",0.143
"Optimism leads to success. - Bill Kerr @Coach__Kerr #success #optimism #goals",0.7
"Being stuck in the roof of your house provides amazing view but sheer terror of falling down, kinda like life",0.5
"You forever straight so fix that frown u good😇 @amayyaaag__",0.613
"Mon Celtic, give us something to cheer - place is empty, soaked &amp; its my wee nephew's Birthday ffs, started well, now dropped off.",0.467
"5 person of renown cheerful expectation solutions-pleasure principle back: HsNHZMJSc",0.672
"@TrueAggieFan oh so that's where Brian was! Where was my invite? #offended",0.155
"Why does having anxiety drain some much of your energy #anxiety #sotired #needtosleepforhours",0.406
"@TamraBarney @ShannonBeador @RHOC_KellyDodd Tamra would F her up if she swung on Tamra\nKelly is a piece of 💩 #needstobeadmitted ",0.26
"I aspire to have Val's self confidence and optimism tbh 👏💖 #GBBO",0.742
"#Scorpio's can withdraw to a quiet place after being hurt, only to think of a plan to sting back.",0.313
"Circle K is dead to me. I hate your new slushie machine.  #livid",0.342
"If I were assured of your eventual destruction I would, in the interests of the public, cheerfully accept my own.' Sherlock Holmes",0.5
"On the bright side with YouTube heroes leafy will finally get banned",0.484
"@Steeeevie_ breezy luvvvv",0.645
"I love looking at my old statuses on Facebook. The one I have from four years ago on this day was about #glee. I had so many opinions...",0.611
"incredible that anthony weiner has been caught chasing a busty milkmaid across a park at double speed while jaunty music plays",0.387
"@MrsTaraX @PlateGotAte YES! I am rejoicing",0.833
"@David_Stepp Any other election, fine vote 3rd party as useless as it is but not this one. I hesitate to say it'd be selfish but...",0.375
"@NHLstoreNYC @TeamNA_WCH #NHLNYCSWEEPSTAKES having fun watching team North America and cheering team Canada!",0.719
"Hey @gmail why can I only see 15 sent emails? Where's the thousands gone? ",0.234
"Heard of panic! At the disco? How about Kach-ing! at the ATM",0.411
"@pottermore : I can't find my patronus, the website doesn't work, I can't even see the questions.... #sadness...",0.177
"in geometry today hannah started crying of laughter because ms. canning said 'pp' lol",0.75
"I'd rather dump gasoline all over myself and run into a burning building than use Excel.",0.259
"@pbhushan1 @IndianExpress so in your opinion is this the worst delhi govt? #acrid  #hypocrisy",0.328
"@rupindxr my heart actually sunk looooool I was so confused",0.306
"@billie21806 @cnnbrk tell that to your bodies cheering on the deaths of black people by cops. their fear is killing us.",0.274
"@courtneymee I'm 3 days sober don't wanna ruin it",0.433
"A 28 yr old man threw a saucepan of boiling water at a garda, &amp; then hit the garda with the shaft of a brush...Letterkenny District Court.",0.266
"@1barkcom Thank you for the #follow. Looking forward to your tweets as they look entertaining!  #socialmedia",0.781
"Ppl like that irritate my soul",0.267
"@MerenthaProphet - the Hunter in this way, content and joyous in simple, domestic bliss? I cannot wait for word of who you truly are to -",0.656
"Fam what seems more fun for a photo booth: being able to instantly post to Twitter or having to wait till sober to see the hot mess",0.466
"Sir, my concern is not whether God is on our side; my greatest concern is to be on God's side, for God is always right.' - Abraham Lincoln",0.55
"Yes Mourinho, you really should stop speaking about refs! And try cheering up a bit.",0.402
"#BridgetJonesBaby is the best thing I've seen in ages! So funny, I've missed Bridget! #love #hilarious #TeamMark",0.968
"These people irritate tf out of me I swear 🙄 I'm goin to sleep ✌🏾️",0.148
"💥⚖️Yeah‼️ PAUL‼️⚖️💥  #glorious #BB18",0.688
"@MisterSalesman @ThinkPostsDaily #smiling doesnt necessary means your happy.sometimes it just means you're strong!",0.518
"Whatever you decide to do make sure it makes you #happy.",0.65
"Some Erykah Badu to sedate me 💕",0.645
"@JoyAnnReid I totally understood his point, but we need a better messenger and the laughter just pissed me off! 😡",0.203
"At the end of the day you gotta be #happy for you.",0.719
"Girlfriends cooking me dinner again. spag blow it is, not to sure if she need my help 😂😂 #girlfriends #happy",0.8
"Candice's pout gets more preposterous by the week. This week it's gone a bit Jack Nicholson's Joker. #GBBO",0.323
"@partydelightsUK it's 5679787. Cannot DM you as we don't follow each other. Not such a  #party #fail #letdown",0.259
"Thinking about trying some comedy on youtube. Always been fond of it. Time to nut up. #laughter #comedy #maybeoneday #hopefullyfunny #LOL",0.783
"Since the 'update' my @iPhone loses power nearly 40% faster. ",0.278
"Too many are on their 'yeah, the thing going on with cops shooting innocent people is sad - but just not in my backyard, so..'  #blm",0.207
"@JohnGDryden Gud morning sir,,keep smiling!",0.75
"@_Hallospaceboy_ @DailyGrindhouse  I respect when someone can give a second chance to a movie they aren't a fan of. Why #horror is diverse.",0.483
"@_jamiebraidwood haha, horrific is all that needs to be said. Glad I'm away to Spain on Sat so missing game 🍹🍕🍺☉☉",0.569
"The ppl on here defending cops as they continue to kill innocent ppl or ppl who aren't innocent but clearly cooperate irritate tf outta me",0.361
"Mate the thing I get excited about in my profession are mad. A client said she opened her bowels, I'm rejoicing",0.767
"@BratzHead happy birthday to the most beautiful cheerful sister ever, llnp 💕❣🎉",0.883
"@LoriAlan1 Seriously. Digging those eyebrows. ",0.581
"Wine drunk is the worst version of myself ffs, don't even remember seeing basshunter ",0.226
"*violently screams at the four winds* WE AINT EVER GETTING OLDER *cute jovial rhythm starts* *moves hips along and waves arms in the air*",0.685
"@ATrumping hahahahahaha!! Oh gosh. You are hilarious. A black man trying to keep racism alive. Get out of here man.",0.73
"@komaebun He just has that way of thinking, he wants absolute hope born from absolute despair.",0.414
"My ukulele bag has fallen apart. 😐 WELLL AT LEAST my life hasn't yet!! ",0.453
"@veryeloise your gunna make me cry, I need a glee day",0.393
"Hey @gmail why can I only see 15 sent emails? Where's the thousands gone?  #panic",0.339
"myself that despite the absolute delight my children and I would feel having a kitten in our home, the misery my husband would feel is more.",0.414
"Super shitting it about this tattoo #nervous",0.344
"i love those #memories that randomly pop\ninto my head , have me #smiling like an\n#idiot for ages 󾌴",0.81
"smiling through the stress :) :) :) :) :) :) :( :( :( :( :( :( :(",0.5
"My future must be bright af.",0.617
"WHY TF DO BROKE BOYS KEEP TRYNA FIND GF's? GET UR FUCKIN $$$ RIGHT B4 I SMACK YO BITCHASS, she deserves 2be happy &amp; u don't deserve that ass",0.274
"Every single problem we ever face can be solved with a nice blend patience and optimism",0.594
"@Elliot_Eastwick just play rappers delight and have a 15 minute kip",0.522
"@berniedole looks that way. But let's think about Rohan last week ... #optimism",0.776
"This night is sparkling don't you let it go,\nI'm wonder struck,\nBlushing on the way home.'",0.63
"some say my lover is a pale green light\nhe hovers high where the moon shines bright",0.617
"Got to be up in 4 hours to go back to work #cantsleep #excited ",0.704
"@tariqmateen but sadly he missed some crucial and important points. Indian terrorism in pk,  kal Boshan,  etc..  Raw involvement",0.35
"light shining thru a clear sparkling stream of piss ,is a sight women will never know of(also tells tht system ure system is healthy)",0.5
"Don't join @BTCare they put the phone down on you, talk over you and are rude. Taking money out of my acc willynilly! #fuming",0.121
"Heather that was #hilarious! @MsHeatherBates @pattonoswalt @chrishansen #AnthonyWeiner #15gets20 #NYC",0.783
"@bodwell_james did it not just enliven your soul",0.532
"Dentist just said to me' I'm going to numb your front lip up so it'll feel as if you've got lips like Pete Burns!...... She was right ",0.466
"In my room 101 would go  Russell Howard,Tom Odell,Michael Buble!!! #pants #nogood #dire",0.21
"So happy I live in NYC! See you tomorrow .....@SamHeughan @Barbour",0.774
"@warrensarahh @CjKiid awe, miss y'all too!:)",0.433
"Never a dull moment when talking to Nell 😂😂😂😂😋",0.734
"Congress attended by midterm liveliness differently constraints: qmiv",0.503
"@crystaldiamondo impossible to say. We can only hope that I don’t unwittingly trigger her ferocious side again. Hell hath no fury..",0.172
"I really hate Mel and Sue. They think they're hilarious and they're just awful",0.296
"@doctorofinfo I was just introducing a little levity to the convo. Yep!",0.548
"@cstonehoops Gonzaga not listed in the article but at 65/1 they have tremendous value, they are top10 team for sure, got everything you want",0.518
"Home is where the heart lies ! Love my little island but my birth city just ain't acting right &amp; im not feeling too good about it #restless",0.481
"Tom Phillips being all jovial at the start of this week's show when Joe is strutting out after that video package is quite the juxtaposition",0.563
"Bloods boiling",0.31
"Never make a #decision when you're #angry and never make a #promise when you're #happy. #wisewords",0.615
"Leon's cheerfulness is always a big help.",0.645
"@luxbet Did you even give out any pizzas ? Serious fail #hungry  #hangry",0.328
"I would just give her with their naked body. ",0.391
"Bitches aggravate like what inspires you to be the biggest cunt known to man kind?",0.274
"God hears your voice optimism at the moment that you think that everything has failed you ✨.",0.661
"@Cpt_SRogers_\n'Well it can go one of two ways. You either get over it and accept it, because it's not going to change, or you mope about --",0.297
"@WSJNordics You make the world a more joyful place. #TheNiceBot",0.61
"Sioux Valley wins home competitive #cheer invite with a score of 158. ...Dell Rapids second at 138",0.533
"People who go the speed limit irritate me",0.3
"Howard Webb always held up as knowing the answers. No red. Sutton and Craigan raging! Hahaha",0.547
"I #love to #laugh and share #laughter as way to share #joy",0.917
"With a jovial Trump on his ass, Don King just publicly told a crowd that 'We need [him] because you will always be a nigger.'  #FuckTrump",0.203
"@Spotted_H0rse I'm spry, though",0.483
"@esraalajmy huff btw ty😔",0.333
"What day is it #lost",0.35
"I've been loving you too long #OtisRedding #blues",0.633
"@Dubai92 try asking for a cheeseburger with only onion &amp; mustard at any #McDonalds #hilarious",0.717
"Something about these cool, breezy fall days.. 😍🍂🌾🍁",0.796
"A not very young man compiled info on a smiling baby then a mattress created new evil.",0.5
"Food that gets delivered 😍🙌🏻  ",0.707
"Watching Avatar and wondering why I took so long to watch this *collapses in a joyous heap*",0.88
"Final night shift coming up.  I won't miss it but I will miss my work pals and the hysterical laughter that gets us through the night",0.607
"Did we miss the fact that #BurkeRamsey swung &amp;hit his sister #JonBenet in the face with a golf club previously out of a fit of #anger?",0.054
"@MendipHillsAONB do we think the swallows and swifts have gone? Photo'd 3 nights ago, not seen since.  #Autumn",0.4
"@soboleskih Okay this is hilarious",0.871
"Another loss to city in the cup next 🙈 😂😂 cmon united! ",0.617
"I'm so confused by the new American horror story 😩",0.355
"only time I am ever cheering for you Johnny",0.5
"@safaridjh but it's so aesthetically pleasing omg",0.887
"@JessicaZ00 @ZRlondon ditto!! Such an amazing atmosphere! #PhilippPlein #cheerleaders #stunt #LondonEvents ",0.87
"HUGE CONGRATULATIONS TO NICOLE WINNING BIG BROTHER 18! @BBNicole #BB18 sorry not sorry #bitter #bbmichelle",0.571
"i'm doing laundry and watching that 70's show with a bunch of strangers. #happy #birthday #to #me",0.776
"@AmericanAir I am irate at you check-in system. I have tried to checkin all day and it wouldn't let me do it because I had no seat assigned",0.367
"@kymwhitley hello Miss Lady I'm sure today brings you happiness and laughter use your voice also to make us laugh  god knows we need it",0.696
"@comcast you charge 150 extra for sending someone out and your cable service still doesn't work. That's robbery.  #cable #horrible #service",0.129
"Only Geo is capable of cheering me up❤️❤️❤️",0.679
"Am I the only person who dislikes fall? #FirstDayofFall #leaves #thingsdie #depressing #cold #noflipflops 👎🏾👎🏽👎🏻🍂🍁",0.25
"Latest on new optimism on keeping #Raiders in #Oakland, live right now on @KCBSNews: @NFL meets here w/Lott &amp; Schaaf to talk new stadium",0.677
"Harking back to 2012 - DT's challenge to @POTUS...I will give...DT a hearty thank you...if he will release his tax returns....",0.516
"Accrington Stanley? Who are they? Exactly. Things looking dire for West Ham despite the win. What's changed since March? #bbcfootball",0.534
"Let go of the need to need. And find your own joyous path through the richness that extends in every direction.",0.661
"@seangrandillo I beg you, never stop smiling. You deserve to be happy and to know all the beautiful things that life can offers.",0.661
"i was just talking about it last week .. how does your outside appearance (ie. dread locks) affect the ability you have to work?",0.463
"Try to find the good in the negative. The negative can turn out to be good.\n#anxietyrelief #optimism #openminded",0.65
"Lmboo , using my nephew for meme ",0.677
"@LmRyle @tomcolicchio @realDonaldTrump @HillaryClinton @ajjaffe I understand your concerns but look at her foundation contributions ",0.379
"Well look at the bright side. You found a use for that rope #TipsToSurviveAPowerOutage",0.532
"@reikimuse @MHChat I am beyond the sadness point. Have done it inside out. I live with CPTSD and BPD  I can't always do the pity party",0.233
"@rubeseatsinfo from here, it's but a short step to biweekly Community Meetings over a hearty meal of soy flakes",0.613
"@StarklyDark 'I know you trusted me.' His words were soft as he ignored the anger and focused on the hurt beneath. 'I know I screwed up.' --",0.424
"i have so much hw tonight im offended",0.323
"is it bad that kurt is literally me..? #glee",0.4
"@BitchestheCat Look at those teef! #growl",0.393
"@Bickley_Marotta yea because forcing 5 turnovers and holding a pretty good offense to 7 points is concerning.....oh wait. NO!!",0.301
"@hannah_2401 hannah stop being mournful and chill 💁",0.4
"Wanted to get him a cake with sparkling candles but he doesn't like cake😒😒. Ruins everything",0.133
"Not sure if thats an accomplishment or something to worry about",0.403
"8. sweater weather - the neighbourhood\ngirls/girls/boys - panic! at the disco",0.483
"But the lady at the store said I had nice eyelashes so that's good, right? #optimism? @verizon",0.902
"Made my night that @GordonReid91 Reid was included in tonight's hilarity. Some of those points were brilliant. Thanks @andy_murray",0.846
"@LondonMidland #dobetter only two carriages on 14:49 Birmingham to Hereford no room to stand anymore Friday commute #unhappy",0.043
"Lil reminder that my private account is a delight of shittalking and occasionally NSFW stuff! @AngryArchosaur",0.569
"Jeans with fake pockets #horrible",0.258
"@EagleGiles23 @tgilmore_92 what I miss? #outrage",0.322
"@govph I would like to know about the source of The President's optimism about running the country. I wonder if he can answer my curiosity.",0.355
"Some moving clips on youtube tonight of the vigil held at Tulsa Metropolitan Baptist church for #TerenceCruther #justice #anger #sadness",0.194
"Do what makes you successful and #happy now and forever",0.833
"One time I saw Rachel from glee tell someone their job was on a pole and I said that in 5th grade to a boy and he look confused",0.435
"@tbergg1 mine are good rn, gonna be horrid after next week",0.442
"@Patsy1207 @markheardusa @theinquisitr Do your fuc*ing job and report the news.Just another bully to go in the basket.Freedom or fear???",0.145
"@jamiesmart Huh! It's always my fault isn't it &gt;:(  #sulk",0.25
"@RonMexico760 The guy who calls people 'cuck' and is anti-BLM is offended by idea that he might not be pro-policing reform? That's amazing.",0.613
"@BrandedByCas I was like that when I started college. It was horrific but it probably will get better. Don't give up yet",0.516
"I'm strong 'cause I'm weak\nI'm beautiful 'cause I know my flaws\nI'm fearless 'cause I've been afraid\nI can laugh 'cause I've known sadness..",0.5
"ari looks hilarious oh my g d this is too much",0.79
"Wishing the Ipswich Tigers good luck in their games throughout homecoming week!! We are cheering you on here at the City Office! GO TIGERS!",0.828
"@RevTrevK @Wolfman93011 @Daraidernation @EROCKhd Take 2k out of it the numbers on madden are low and have dropped and people are unhappy",0.188
"@ChrisWarcraft species cf. Don Jr. refugees/Skittles.know he likes his snacks,but even @gop frown on talking about eating humans #lizardscum",0.5
"@joeyskawaii i know i don't know u, but physiatrists are seriously the number one best thing for people with anxiety.",0.589
"Gas prices are hilarious. Cause they're simultaneously super subsidised and taxed",0.517
"@_Mrs_Peel @lp_lisa @PaulRGoulden @LisaLuscious Might be the pout of a star baker tho !",0.435
"@lilymacintyre_ she was my favourite such a joyful soul",0.683
"She began to squirm beneath @hcllbent, struggling to get out of his relentless grasp. When she realized that the attempt was useless,++",0.267
"When you wake up from a dream laughing at something stupid, and that makes you laugh more ",0.742
"@narcissusheiyan  maybe it'd have been different if I stayed for sixth form? But still, the oppressive architecture, uninteresting people",0.328
"Niggas murking in each other. In murky water, I try to swim.",0.375
"why do i have such a thing for dark curly hAIR",0.339
"@rosalarian i hate post con blues! But i avoided the plague too yay!! Yay constant hand sanitizer!!!",0.534
"I get embarrassed at the slightest things and then I'll fret about it all day I hate it",0.259
"Had a coworker look at her phone and say, cheerfully, 'oh look, Kap's getting death threats now.' 🙄. Then she goes to say the 49ers are",0.467
"To all who follow me, whether we've ever talked or not hope you have a joyous life. Goodbye.",0.742
"Honestly depression is kicking my ass lately.. 😔",0.048
"@musicfae15 [He grumbled as he sat atop the sushi bar stool, crossing his arms defiantly, in a playful gesture, though he gave anyone who &gt;",0.55
"@jimadair3 Guitar shop owners everywhere rejoice",0.667
"A #smile doesn't always mean a person is #happy . Sometimes it simply means they are #strong enough to face their own #problems .",0.603
"god, Facebook's design has started to remind me of MySpace in its heyday",0.625
"Whenever you are confronted by a wild animal or hostile individual remember that they can smell #fear or the fact you #poop your pants.",0.317
"broken policy' #blasio &lt;&gt; #trump #giuliani 'broken windows' all part of 'pecking order' #bully politics #america RESIST #motto",0.375
"It's Thursday which means it's Grey's day #TGIT ",0.638
"I envy ice, at least if you give it warmth it melts #TaylorLautner #Twilight #hilarious #quote",0.519
"Seeing double am so tired but I always grudge getting off my phone at night 🙄",0.241
"@GameGrumps THANK YOU SO MUCH FOR COMING TO DETROIT I'm going to sob joyful rainbows now brb",0.914
"@Pamela_Moore13 @Ginlefebvre @BarackObama yes exactly &amp; he's sold out this country to #terror while #lying to cover it up",0.29
"@headfirst_dom I often imagine hoe our moon would feel meeting the jovial moons which are all special",0.581
"My siblings look all gangster &amp; I look all cheery 😅😂",0.766
"@daveweigel a laurel and hearty handshake",0.621
"@marthalyssa yep. LOL ",0.844
"Losing the will 2 live with @virginmedia business bb gone down on hold for 23 minutes &amp; whoever picked up cut me off #fuming #NoWorkForMe",0.2
"@RiotzXVl papercuts sting and stub ur toe last for like 10 secs",0.482
"@OniLink86 @DarekMeridian lmao awe... ",0.597
"I asked Jared to marry me and he said no. #offended",0.129
"Good Master Vernon, welcome, nephews, from Bellario :\nThere is my lord, that thou interrupt'st our merriment.",0.482
"@OpentheDoorRadi thanks for playing Crock Pot Going #radio #blog #blues #music #indiemusic",0.79
"Fellaini has been playing ahead of this guy...just let that sink in",0.5
"The world needs more laughter, more love, and a little more of you. - R.M Drake.",0.672
"Boycotting @DunkinDonuts till butter pecan comes back. I am furious",0.232
"@OnesOwnGrief Just a shame his world was gloom from day one almost.Though it makes sense he'd have the whole part hydra,part s.h.i.e.l.d(c)",0.297
"Go follow #beautiful #Snowgang ♥@Amynicolehill12 ♥ #Princess #fitness #bodyposi #haircut  #Whitegirlwednesday",0.783
"Tiangong 1, China's first space laboratory, will come to a fiery end in late 2017. The average decommissioned satellite either burns ...",0.383
"Cool to see when smart #CowboysTwitter folks chirp the same stuff you did during your review.  This is why I joined.",0.638
"HUGE CONGRATULATIONS TO NICOLE WINNING BIG BROTHER 18! @BBNicole #BB18 sorry not sorry  #bbmichelle",0.782
"After this news I'm supposed to be so damn happy and rejoicing but I'm here like 😩😔😭😞",0.15
"@Theresa_Talbot @fleurrbie Haha...sorry about the dreadful puns... I need to get out more....I've been cooped up lately...",0.355
"I was cheering for NA team. Now I just want this is over and Gaudreau comes back in one piece. It is getting way too risky",0.431
"It breaks my heart seeing people down or upset.. I will try my best to make them smile or cheer them up 🤗",0.55
"The abysmal ignorance, frivolity and levity of the Italian priests stupefied him.' - Roland Bainton on Luther, #ReformationDay",0.352
"Always doing the EmotionalHedge™ w #WPS\n\nI'm elated about start.  Have I mentioned I'm on TAMU -6?!",0.5
"#terribledebatequestions has given me so many laughs this afternoon! Thanks Twitter! #hilarious #cleverpeople",0.897
"When's it all finished, you will discover that it was never random! #thoughts #restless #CrossoverLife",0.467
"@DayveeSutton BIG thank you for liking my little Pumpkin  :)  She's the smallest of my 4, but is very playful &amp; wakes me up most mornings.",0.94
"@Singaholic121 Good morning, love! Happy first day of fall. Let's make some awesome #autumnmemories #annabailey  ",0.817
"What's with all pre industrial revolution-esque footwear? You guys tryin out for grapes of wrath today?",0.45
"Thanks for ripping me off again #Luthansa €400 not enough for a one way flight to man from Frk then €30 for a bag then free at gate ",0.274
"@paraplyene @soupper i just read it and it's so fun??!!!! So lighthearted and cheerful, i was right, it's a double cavity for me.",0.734
"@Fly_Norwegian quite simply the #worst #airline #worstairline I've ever used! #shocking #appauling #dire #dismal #beyondajoke #useless",0.121
"#Followback Quote_Soup: Be happy not because everything is good, but because you can see the good side of everything. ",0.5
"Like I said ➡ there's plenty of cheddar in the cheese to go around! For everyone. ☺ ",0.81
"@Kim_is__bored exactly what I have been saying on fb.. #bitter",0.233
"@MCHorseFayse @bockaguyjim @generalgoodsman @nevernotdavid so you were owned by losers on Twitter ",0.226
"@realDonaldTrump She blamed Benghazi on a YouTube video. She blamed emails on #ColinPowell. Now she blames #terrorism on you. #weakHillary",0.267
"i will never watch greys anatomy ever ever ever ever ever again if Shonda Rimes takes away another OG character☹️☹️☹️☹️☹️☹️☹️☹️☹️☹️ #fuming",0.089
"@turoturok  We're glad to hear that everything is resolved. If you need anything else, please do not hesitate to reach out to us.  TY!",0.667
"...X, X... Do... you... hear... me? Darn... Your... optimism led... ...to your own... demise... ... You... should... li...live #ZeroBOT",0.516
"Well that draw is lively! #EFLCup",0.694
"@mrfisher81 Just my attempt at levity 😉",0.563
"Only God knows why things happen, sometimes it's just hard to understand.  #prayingforyou",0.411
"The little sniffle at the end of the song gets me every time. ",0.466
"When's it all finished, you will discover that it was never random! #thoughts  #CrossoverLife",0.484
"@FaultlessFacade &lt;she really said in response to what she perceived as a forced jovial tone. With that, she slid out of the jeep and onto&gt;",0.379
"@Bluebelle89 @lsmith855 liking the optimism",0.588
"@AllegedLowbrow It's 'Eye-for-Eye'. Indian Army never forgives, Never Forgets. They always take revenge, Pakistan breaks laws, I.A follows",0.355
"@inthefade going back to blissful ignorance?! ",0.306
"Already plotting next steps if I get cut off by the same minivan in tomorrow's drop-off line. #preschoolpolitics #momthings ",0.321
"#smile every morning to a positive head start with your #clients relations",0.887
"I'll find Myself smiling and even laughing at jokes that I don't even think are particularly funny, and I know it's because YOU love them!",0.741
"my haters are like crickets. they chirp all day but when I walk past them they shut the fuck up.- @DritaDavanzo (my idol)",0.531
"Thinking about trying some comedy on youtube. Always been fond of it. Time to nut up.  #comedy #maybeoneday #hopefullyfunny #LOL",0.963
"It hasn't sunk in that I'm meeting the twins",0.452
"@nigglydz lydiaaaa, we were the only ones that were supposed to know that you make me nervous 😶",0.233
"@priny_baby happppy happppyyyyyy happppppyyyyy haaapppyyyy birthday best friend!! Love you lots 💖💖💖💖💖💖💖🎉🎊 #chapter22 #bdaygirl  #love",0.942
"@peregrinator1 I admittedly went into this series thinking we'd see the Jedi in their heyday, not as dysfunctional UN Peacekeepers in space",0.315
"@TheRevAl please tell us why 'protesting' injustice requires #burning #beating and #looting terrible optics #toussaintromain is true leader!",0.259
"@airtelindia have some issues with my broadband bill ,I am charged for the month before I signed up with airtel.. #hilarious",0.661
"what happened to breezy",0.484
"brennan cook and breezy should get back together😍😍😍",0.661
"Who actually chooses to drink sparkling water 🤔",0.5
"The true way to render ourselves #happy is to love our work and find in it our pleasure. Francoise de Motteville",0.675
"im like 'this is better' in the moment cuz i panic and then later its so obviously not better. at every opportunity i choose to make it seem",0.65
"Well my evaluation came back and i am minimally effective. Student test scores on the PARCC sunk my eval. it's time for me to quit teaching",0.156
"@markoheight @Cassie_OB we sound like vampires saying we wanna sink our teeth into the TT lads and their talents 😂😂😂😂😂😂",0.672
"Getting my comedic relief w/ @SofiaVergara during season premiere of #ModernFamily. Just what a girl needs! #hilarious",0.75
"@rihaBabyJ Aw no problem. I just felt like speaking because I felt the same before and I want you to overcome it and not be discouraged. :)",0.484
"@CarolynTopol Ciara asks was it a sci-fi movie, Julie &amp; Jen just stare, Claire on her phone, Joey bolts when the cab honks. LMAO ",0.75
"I have no clue where my charger is... #lost",0.243
"#BridgetJonesBaby is the best thing I've seen in ages! So funny, I've missed Bridget! #love  #TeamMark",0.75
"*gets crushes on fictional and animated characters instead if real people*",0.483
"She's foaming at the lips the one between her hips @realobietrice, one of many great lyrics",0.617
"the Bushes were good with the forces of resentment when it made them money and gave them power. Now that it doesn't they've changed tunes.",0.552
"@INCIndia Oh please! INC talking about looting! I'm not saying #BJP is pure but this is such a #hilarious #irony! @BJP4India is def better!",0.703
"#Pakistan is ‘terrorist state’, carries out #war crimes: #India to @UN.\n #UNGA  #UN",0.391
"Not by wrath does one kill, but by laughter.  Friedrich Nietzsche #friedrichnietzsche",0.548
"If Payet goes either in Jan or @ the seasons end, can't say I blame him. The boy must b so disheartened by what he's seeing at the mo.",0.194
"The jovial laughter that Trump and his lackeys showed when Don King used the N word was a truly bizarre sight",0.306
"Reflection: the grind has been so REAL! Working 2 jobs &amp; being in school. #ksudsm #ksu #recruiter #instructor #tumble #cheer #gradschool",0.742
"@saclivin @MrsCagg specific &amp; intentional way. And part of that intention is to provoke conversation around systemic racism towards blacks.",0.352
"And with rich Fumes his sullen sences cheer'd.",0.471
"@Rocks_n_Ropes Can't believe how rude your cashier was today when I was returning an item!  Your customer service is slacking. ",0.203
"@a_mxe7 hah don't speak to me or my cousin like that, mind a had the displeasure of seeing u bare faced on eh train, no a pretty sight mate",0.333
"@JohnKerry can be as indignant as he wants but the world knows Obama will do nothing and Putin will just do what he wants #Aleppo #Syria",0.383
"@AlohaJonathan @AtlantaFX all I've seen is that clip of the jail scene with the sexuality part which was hilarious",0.694
"Clean the #sink and make your #bathroom shine.",0.532
"Take my kindness for weakness when you acting silly keeping it 100 ain't your forté #breezy #ChrisBrown #TeamBreezy",0.463
"Grateful for all the hungry people in my life! Hungry to learn, change, grow, help, etc - not sure anybody has it better! #relentless",0.878
"Now that the n word is normalized by the media? Just wow. No words for this . No. Words. For . This. Frog been boiling in the pot via media.",0.345
"@SowerAsh007 Great to hear. If there's one thing that makes you feel more like yourself, it;s some hearty chicken noodle soup, right?",0.6
"I feel so blessed to work with the family that I nanny for ❤️ nothing but love &amp; appreciation, makes me smile.",0.938
"@chenaidavid easy, breezy, beautiful rasta mon",0.6
"Pre-game nerves have settled in 😱 i'l be #cheering from home guys 🔴⚪️🙌🏻🏉 #AFLCatsSwans #ProudlySydney #goswans @sydneyswans @SwansSupport",0.823
"Never let the sadness of your past ruin your future",0.45
"don't put famous dex in a tweet with breezy lol chris is that guy dex a bitch lmao n music ass",0.531
"Love this! Laughing while crying works too! #katherinemansfield #failure  #dealingwithfailure",0.533
"Every time I hear @jtkantor's organ kick in on the new @sayswhopodcast, I break into the goofiest smile.",0.741
"Have the producers of @soverybritish ever been outside of their country? These are universal problems. #worldwide #anxiety",0.25
"@officialShaky 'Operation Echoes' is gathering momentum ... #tense #nervous #feelsick #excited",0.516
"if you're unhappy with someone just fucking tell them you're unhappy and leave. Don't go fuckin around with other people on the side",0.219
"@eugenelaverty @WorldSBK all the best Moto GP is loosing a very talented rider ",0.359
"@delon03 can you at least just walk past her and break out into laughter",0.569
"@TheBarmyArmy all the optimism...",0.534
"This tweet is dedicated to my back pain, which I do not understand because I am youthful and spry. Full of life. Vivacious.",0.375
"@ltsukis im love you, even if you bully me sadly",0.425
"Tutoring gives me such an exhilarating feeling. I love helping people 😌",0.79
"every time a new Anthony Weiner revelation breaks, Bill Clinton says a prayer of thanks that texting/DMing didn't exist in his heyday.",0.404
"Rooneys fucking untouchable isn't he? Been fucking dreadful again, depay has looked decent(ish)tonight",0.339
"@TNFryed Jesus, you just made think that of all the Vols v fl games I've seen. I've never seen a win. #depression",0.167
"@mcjamie sadly. It's just.. Did the dude have to yell out the frogs name at the Clinton rally that one day. It changed everything",0.355
"@BreezyWeekes hey breezy, you wanna give me some of that coffee you posted on your snap?? please",0.574
"Best quote from a 7 in German - Almost ",0.556
"@Nick_Offerman I'll be there!! Can't wait for all the #mirth!",0.694
"The most important characteristic of leadership is the lack of #fear.  #activism #equity #revolution",0.661
"#twd comes on soon ",0.629
"15 minutes of yoga to your breakfast routine will change your day #preparation #sunriseyoga #bodyawareness #health #yoga #smile #stretch",0.828
"@JoaquinPutoAmo vas a ir al de the amaity affliction?",0.429
"it's not the most comforting &amp; jubilant place to be, but I do find joy in doing what's best for me and being passionate abt company I keep.",0.6
"Did u laugh today? Laugh hard? I hope so..we NEED laughter now. #smile #love",0.85
"Watch this amazing live.ly broadcast by @brooke_bridges #lively #musically",0.7
"@johnmerro1 @Liberobility still bitter about last night lads 😂",0.597
"I'm just doing what u should b doing just minding my business and grinding relentless @LITO615",0.367
"@APkrawczynski   Any possibly KG is being bought out as a player so that he can buy in from Glen as a minority owner? ",0.532
"Smokeys dad is sad :/",0.059
"Rockin to  Bob Dylan singin'  Bob Dylan's 115th Dream on LPCO Klassic Rock #classicrock #klassicrock #rocknroll #blues #onlineradio",0.661
"Did u laugh today? Laugh hard? I hope so..we NEED laughter now.  #love",0.774
"@KevinI @GGGBoxing @SpecialKBrook pretty average, klitschko fury did about 600k and Joshua white did about 450k",0.417
"I know few will mourn the loss of Stitch's Great Escape, but...see, THIS is the kind of cost-cutting at parks I really don't care for.",0.578
"@HuffingtonPost huff i know your pro-hillary and so is CNN and MSNBC, but they made no mention of this, this statement would be gold for em",0.297
"Learning is key while converting your leaning to someone else is door, so when you do both you will open the door of success.\n\n #x33 ",0.638
"i bet dat dog eating name brand cheerios. cant relate. i eat cheery O's",0.333
"Need a new outlet for ",0.391
"@OccasionalGod isn't that the reason horror is popular? the exhilaration that comes from discomfort is enjoyable -- watch The Green Room :D",0.654
"If ydu yell 'fire' in a crowded theater you will burst into flames. It's a cool trick, bu: only once.",0.597
"@SQLBek My liver is elated that isn't us",0.554
"How sad is it that I'm rejoicing over a 72💀 #collegekills",0.333
"@reinervshunter you got this #staystrong #smile #yourebeautiful",0.8
"So happy my next class is canceled bc..im od tired 😭",0.533
"Aw there's a young fox outside on the grass just jumping around all playful and having a little stretch 🙈 soo cute 🐺",0.781
"@HillaryClinton evidently @realDonaldTrump feels above #norms. SHOW the #tax return, if you have nothing to ",0.383
"Mou is too jovial and trying to impress those players too much. No player is bigger than manutd. SAF won't tolerate all this bs @ManUtd",0.417
"I'm still laughing 'Bitch took my pillow' line #glee #kurt",0.661
"@Cassena13 I know if I wasn't an optimist I would despair.",0.328
"It was very hard to stifle my laughter after I overheard this comment. It really is amazing in the worst ways.",0.69
"I don't know why everyone is pretending to be sad about angelina and brad, everyone knows his dumb ass should've stayed with jennifer.",0.419
"A shy failure is nobler than an immodest success.",0.467
"But guess what ? I'm sober",0.25
"2 applications for my dbs and still waiting. Been over a year now. Going to loose my job 👍🏿 @GOVUK  #thanks #unhappy #crb",0.242
"Happy Birthday @Brooke56_56  #cheerchick #jeep #jeepgirl #IDriveAJeep #jeepjeep #Cheer",0.839
"@amstrado_CPC @ShittySUFanart the single tear is him being joyous that he's deleted the monster that has brought generations of despair",0.667
"if Man U lose i may actually have a nervous breakdown",0.433
"@space_gayz high fantasy , i feel like you could make a melancholy college age slice of life thing work too",0.358
"Loving  #Pitch so far !! 🤗🤗🤗 @PITCHonFOX @Global_TV #chills ",0.734
"My friend just messaged me 'ugh I'm so hungry I can't wait for breakfast' #socialmedia #WineWednesday  #funny #laughing ",0.783
"Accept the challenges so that you can feel the exhilaration of victory. George S. Patton #quote #yeg",0.563
"Star trek online has a update to download oh fuming yay",0.641
"crying because @msleamichele's snapchat is bringing on some serious #glee feels 😭❤",0.317
"A @FirstBSA not turning up? Why am I not surprised. Late for work again! ",0.391
"Benefit out exhilaration called online backing off: JkUVmvQXY",0.621
"Not the best horror ever but I like that the uncertainty",0.442
"even if it looks like we are okay,  the reality of that is were actually very worn out and forlorn",0.258
"Me being on my dean really saving a lot of ppl, bc I don't snap nomore &amp; it take so much out of me..",0.55
"I'd pay good money to watch someone slap that pout off Candice.",0.36
"I'm due for a big change! I've prayed on it, I think I deserve it #positivity ",0.734
"Thank you @RachelPlatten for teaching me how to live again. It's been so long since &amp; this ride is about to be exhilarating. I just know it",0.815
"The 'banter' from Craigen and Sutton on BT is fucking horrid",0.226
"I am a third year college student and and English major. Today is the first time I've ever written an essay without having a panic attack",0.719
"Swear all of my guy friends are scaredy cats. You don't do horror movies. You don't do haunted houses. Wtf do you do then?",0.274
"@reluctantnicko Don't ask, you don't get. Apologies if I've offended you. All due respect Alan, I think you've been fed duff info.",0.594
"Scott Dann injured aka my worst nightmare",0.092
"@ManUtd Rooney needs to come off! Absolutely dreadful! 🙈🙈🙈 class goal from @carras16 @carras16 showing why he should be in the team!!",0.367
"Thank you @twitter for the balloons today.  #goodday #48",0.786
"Bilal Abood, #Iraq #immigrant who lives in Mesquite, Texas, was sentenced to 48 months in prison for lying to the Feds about #terrorism.",0.37
"mmmm i'm kinda sad i hope i can shake this before school",0.21
"@faye_catherine happy anger sad melancholy confusion #woodspurge",0.234
"@Zerfash — can't wait.' She said cheerfully and grinned.",0.75
"A liar an a bully for president? They say every vote matter , well  I'm sorry you'll not get my vote until the year 2020",0.328
"@Alanafergusson snap meee",0.446
"I know I've painted quite a grim picture of your chances. But if you simply stand here, we will both surely die.",0.217
"First weekend of fall; let's see if I can stay disciplined to this seasons goals. #fitness #running #sober #Mindset #firstfriday #family",0.586
"i swear people dont wanna see me happy like they will try to do anything to fuck up what i got going",0.367
"And I would advise that everyone wait to watch @KevinCanWaitCBS ,or actually don't wait, just don't even watch it because it is #awful",0.086
"♪OLD FISH  #discourage",0.194
"@TetraVariations I don't need a mask, but I'll gladly make a donation to help in ur name! Is it Mr. TY Rex or first initial only? #serious",0.516
"Our tone of voice: we're like One Direction, we're thoughtful and timid, yet playful",0.517
"Go follow me on Musically @budderlordk1ng I am making a lively. Come and join BFFing and Following ;) See you there!",0.677
"Elinor,' she laughed so little known, all over every body at the brilliant cheerfulness of sweetmeats and a fashion.",0.672
"The Quarterback' wrecks me every time.. #glee",0.357
"#RIP30 Heaven is rejoicing because they've gained an angel, the Keifer family are in my prayers 💙🙏",0.5
"@Coffeeking12 @jsavite I was injecting a little levity! The person who tweeted the coke/rape tweet is obviously an idiot",0.345
"@CohenDS Yell, 'Bye, garbage!' cheerfully after it.",0.339
"When your rewatching glee and break down in tears all over again. 😭😢 #glee",0.435
"@DanLanthier That was exhilarating hockey. They're still out if Russia wins in regulation I'm reading. #fuck",0.387
"@SueWallace78 peanut butter???? You some kinda pervert?? #awful",0.141
"I don't know how people can binge watch horror films ...ALONE!😓😰",0.35
"PM nawaz sharif adressed in uno produced mirth among kashmires well done pak wel done nawaz .we want demilterization",0.69
"@IndieWire @cinemaeyehonors #WaltzWithBashir was incredible, tho I think it's more of an #animated film than #documentary about #Lebanon war",0.722
"Half past midnight, loud banging on our front door, been told about new rape cases in Edinburgh today  #nosleep",0.167
"I've returned from the dead with a desire to clean the apartment and eat something that isn't garbage. #managing #depression",0.125
"•Days!'\nHe was itching for a fight..itching for the exhilaration of battle, of almost getting defeated, the adrenaline pumping•\n@RojinHitto",0.621
"Michael Carrick should start every game for United and England",0.507
"I truly feel like science has the ability to make a milk out of anything ... cashew milk, hemp milk, pine nut milk, dandelion milk",0.548
"Google caffeine-an sprightly lengthening into the corridor re seo: WgJ",0.429
"I'm always smiling so that's why I'm always happy 😂",0.891
"The little sniffle at the end of the song gets me every time. #rejoice",0.774
"#ahs6 every 5 minutes I've been saying 'nope nope I'd be gone by now.' 'MOVE' or 'GTFO' so thank you for the ",0.431
"You're so cute @katienolan #truelove #hilarious @GarbageTime #beautiful &amp; #graceful never heard explicits spoken with such elegance. #Mingo",0.781
"I'm so so so excited for #UsernameRegenerated  I can't wait! I wish I could get a signed copy! I'm so happy for you. @Joe_Sugg",0.919
"Laudrup and his evil white companions rejoice.",0.617
"Literally dying &amp; living at the same time as I catch up on @adrian_ver 's twitter. If you aren't following him your life is BASIC. ",0.532
"I can't even celebrate my wins or mourn my L's cause first test week is that busy 😕",0.359
"@715d1\nI bought the Steam port of Vice City, and to my delight Billie Jean is on the soundtrack!",0.732
"when you find out the initiative isn't even a thing 😧 ",0.226
"@rohan_connolly i think your high-profile female colleague would be one in yhat category... #massexodus #bitter",0.156
"alternate reality where @PoetryFound has a comments section and you can give poems a cheery thumbs up or a disappointed thumbs down",0.484
"I want to pour all my tears on someone right now. So tired of this #upset ",0.113
"@palmtreesarah @WorthingTheatre had more fun than the funniest person in funsville..... Much hilarity as usual.... Thank you ❤️",0.823
"@Jen_Lee @mostlymartha @edotwoods we just found thin mints in a freezer clean. i couldn't be more elated.",0.717
"@eMilsOnWheels I'm furious 😩😩😩",0.081
"@mediacrooks @thenewshour @LodhiMaleeha @ndtv @IndiaToday This is hilarious ! Not a Freudian slip, eh !",0.821
"Kinda wished I watched mischievous kiss before playful kiss",0.532
"@Irenelove83 heres what we can do, Get Brock and Sable to tag team mr and mrs AWOL and watch with glee",0.55
"Happy Birthday shorty. Stay fine stay breezy stay wavy @daviistuart 😘",0.879
"Like hello? I am your first born you must always laugh at my jokes. ",0.5
"@rabpeel snap, seems to be a problem here",0.233
"@S_Moore24 wow that sounds terrific",0.661
"@Babylonian I convinced my mom to watch it. Killgrave gave her literal nightmares, but watched last episode four times. ",0.55
"@SandraTXAS @6bird4 @CajunKangaroo @justanavywife please. Or you could be clouded by your passion. Emotion leads you from the truth.",0.5
"Drop Snapchat names #bored #snap #swap #pics",0.362
"@npagliaro1 That's awesome!  p.s. ok, what are the odds of that, swapping neighborhoods? #hilarious",0.766
"Blake lively is flawless",0.88
"@OrbsOfJoy plan a date... like a date u find pleasing or smth. fuckign\n\n10/10. because the child will grow to be a ten out of ten",0.565
"It's meant to be!! #happy #happy",0.966
"#ThisIsUs has messed with my mind &amp; now I'm anticipating the next episode with #apprehension &amp; ! #isthereahelplineforthis",0.537
"@hotpatooties more like quickie divorce #awful",0.086
"@yap_yip --an uncertainty. [Halsey teases, her lips curving into a jovial smirk.]",0.422
"@BrianaBanksxoxo I send ya a few #playful nibbles 😉",0.679
"@adamrodricks I like your optimism!",0.677
"@RussiaInsider Really sad &amp; surprising. 1 side #Russia fighting against #IS &amp; on the other supporting #Pak which is epic centre 4 ",0.267
"@TheBadgerBoy check out the article on @SaintSkipper5 on @dailyecho #shocking",0.483
"When ya'll talkin about you know who I don't know who ya'll talkin bout, I'm on the new shit....chuckin up ma deuces......🔥🔥 #kanye ",0.468
"The new lock sound is grim",0.355
"Take public opinion on revenge with Pakistan if govt is unable to decide. @aajtak @TimesNow @narendramodi",0.3
"@OilersFanSean yup I feel dirty cheering",0.629
"Another grim &amp; compelling news report by @Nawalf on the blockade of aid to the starving in #Yemen #BBC #dosomethingpoliticans",0.267
"#Violence doesn't fix violence. #pain and #anger are the same reaction in the brain. Cure the pain and the anger will go away.",0.375
"@ThomasHCrown @laurakfillault As a historic evangelical, I wonder if the Donatists had a point? What dreadful clergy in my fmr. circles.",0.379
"@ruthwalford95 you may be right, but since year the bad events begin with B, I'm privately hoping we've got at least C-Z to go 1st #optimism",0.5
"@TalkTalkCare  how on earth can I send an email to you? Very annoyed customer!!! ",0.183
"@pxrfectpeach it's got her little pout",0.484
"@LindseySanford @simplymeasured this makes me giggle with glee!",0.722
"Marcus Roho is dreadful",0.379
"All the bright places :(",0.565
"The return of Matt Damon, and of director Paul Greengrass, brings back all the exhilarating if rather po-faced entertainment to a movie",0.594
"A hearty thank you to you all for joining in tonight. Some delicious British dishes on your menus. #BeerClub",0.685
"final vestiges of my 90's childhood were just dashed on the shoals of hearing a house cover of Tracy Chapman's 'fast car' at the dayjob",0.323
"Liam is too distant makes me mourn 😪",0.24
"The liberal outrage over don king saying the N-word really angers me. The white yuppie progressives can go fuck themselves, shame on blacks",0.177
"When you break a record in #madden I wish it didn't say the same shit after every rush like you just broke the record. #shutupphilsimms",0.286
"the rappers who stayed true to the game is rich.",0.65
"@KeithOlbermann depressing how despicable Trump, with no policies, campaigning on bigotry &amp; rancour can be so close, evil immoral disaster",0.138
"Rojo is hilarious",0.71
"its been ages since ive had shawarma my stomach is #rejoicing",0.823
"i just spent $40 on big little sis tomorrow and i am beyond happy about it #SAW  #mums",0.883
"@rheafraserx took them an awfy long time to spot their goal was disallowed ☺️ #pleasing",0.609
"I need to stop second guess myself and just go with the first thought and go with it. ",0.433
"@ExpressScripts u shd b embrrssd. u jack up my bp meds twice and it will still take 3-5 days? Not express at all. #expressscripts #horrible",0.172
"@matildaswish it's great to see Matilda so happy in her new chair it will provide her with access to lots of new experiences. ",0.859
"which always leads to the kind of hilarity average people will never experience - especially during breakups.",0.419
"Nice to see Balotelli back to his best, good player.. Just lost his way a bit!",0.845
"Hate being sober so I popped two",0.333
"ACT 4 #anxiety &amp; #depression group. @livingwellihc beginning Mon October 17 for 6 weeks. Contact me to register now! #mindfulness #Halifax",0.533
"The feeling of taking someone's life is either scarring or exhilarating, but for people need to realize that we're going to die at some--",0.367
"@Pharah_Amari [Reyes snarled in frustrated anger, steel claws flexing dangerously. But she uttered those damning words, it seems to snap --",0.333
"@Zen1dfabflake You are all our angelic comrades! ",0.633
"Study finds #awe &amp; #wonder of something greater than self, leads to #creative boosts of expansive thinking. @outsideonline #write #thoreau",0.633
"@LaraTheIrish &lt; feel everything. She would remember everything. Evanora hoped this would serve to fuel the creatures anger and run rabid &gt;",0.276
"I'm throwing myself straight into American Horror Story so I don't have time to grieve",0.483
"Way to get a hold of her 😊 #depressing",0.234
"@NM_NickNocturne Incentivise people to roam the Internet being morally offended, as if they didn't do it enough already.",0.328
"@ctp It's daunting trying to follow Swift news/trends, and facing mind-shattering patterns/terms left and right. I'm trying to adopt gently.",0.431
"Ryan Gosling and Eva Mendes finally  ; B joyful an funny/dont boss/dont argue/do everything with kids/go on mini car trips/ focus on love",0.633
"@GlobeChadFinn Sadly, not enough names.  The whole farewell tour situation would make me shy away from good value b et.",0.345
"If I was friends with me I'd hate me SO MUCH with the amount I bully them",0.281
"@EngrNabeeel then rejoicing now is a lil' bit prematured dont you think🤔🤔🤔",0.375
"@PersephoneOD Her cheerful voice echoed through the grand, familiar home, a smile blossoming on my rosy brims, 'Mom.' I reciprocated the --",0.739
"A little nose irritation and a little more chills on my body. I'm so not into flu, into flu, into flu #FallSongs",0.242
"The smell of freshly cut grass didn't even cheer me up...boy oh boy",0.371
"Grateful for all the hungry people in my life! Hungry to learn, change, grow, help, etc - not sure anybody has it better! ",0.8
"Haven't been here a while, been watching lots of TV. Conclusion #whataloadoftat...if I wasn't depressed before afternoon TV is ",0.25
"@israelradioguy @WearingWelcome @SkipBaylessSux U blocking doesnt diminish the hilarity of his observation.Or your child-like response to it",0.448
"@kaijinboyfriend --while being animated much more recently technology-wise which makes for a very nice combination/look)",0.517
"People always tell me that they don't expect me to have anxiety because I'm generally cheerful and don't act the way they expect me to.",0.517
"@JoshNoneYaBiz I love parody accounts! Well done. Vote for #Trump. #lol ",0.677
"It's an exhilarating feeling. Working hard and feeling accomplished whether they notice or not--- you feel fu*king good 🤑",0.903
"@BeastFireTimdog Same with gaming. Sites leaned PS2 during its heyday, leaned 360 most of last gen. This gen started vitriolic mostly by...",0.548
"@FlannelJedi This is why I drink and watch You're the Worst as a way to cheer myself up.",0.452
"If Troyler will die, I'm gonna die with them\n#troyler #sadness #fuckin'lifeisnotafairytale",0.094
"@strictlysimilak something about English sparkling wine would be good. Or farmhouse cider. Or Italian cocktails. Thanks.",0.742
"@rheafraserx took them an awfy long time to spot their goal was disallowed ☺️ ",0.323
"By the way, I'm wearing the smile you gave me today. \n #you #me ",0.804
"Luke 1:14\nHe will be a joy and delight to you, and many will rejoice because of his birth",0.8
"Solange is more aesthetically pleasing than your fave.",0.565
"Being playful as shit😤",0.345
"@ThatBritishDude no okay you don't not need to be going out of your way to make sure you are pleasing everyone do what makes you happy",0.548
"@kjwinston11 2.  the N-word. But I think all Afr-Am are entitled to it: we shouldn't take away from them the insult they have claimed back.",0.25
"@Lil_PowWow @jweiler0528 More fat = more buoyant. Day 1 water stuff",0.518
"@megynkelly We should be ignoring these rioters like the current administration ignores #terrorism. This will obviously make it stop.",0.417
"#twd comes on soon #happy",0.932
"Seeing something that hurt so much in the past in front of me now and not a single sign of grieve. Magicalllll.  ✨",0.452
"will i ever get the nerve to quit the restaurant ??? find out tonite on glee!",0.5
"Will do fine on the mat tonight with or without sleep. theres no worry for that on this side of the water",0.5
"@thenthapple Haha I like the optimism cause I'm the same, but it doesn't make this situation any less mind boggling.",0.581
"@tweet_faver its reaper!! before he became reaper, you can find their stories on the wiki and thru the comics and animated shorts!",0.483
"Class is canceled due to a funeral. Not sure if it's appropriate to be happy or sad.. #happy",0.483
"Add Donte Moncrief to my dismal situation #blessed.",0.5
"Our branch will be closed this Sunday, 9/25, in honor of the IRONMAN 70.3 happening in Downtown! Come cheer on race participants!",0.742
"Well stock finished &amp; listed, living room moved around, new editing done &amp; fitted in a visit to the in-laws. #productivityatitsfinest #happy",0.891
"Does anyone remember a movie that is animated in the late 70's called Shame of the Jungle John Bulushi was in it wild if that's your taste",0.5
"@everycolorbot more like every color looks the same #triggered #colorblind #offended",0.427
"Life izn't about pleasing each others...😕\n\n#hell #with #pleasing",0.328
"Rec'd call 2day from Haitian church we started in Florida some 15yrs ago. Preparing to acquire their own bldg. Wanted me to know. #rejoicing",0.774
"Not untill today has anyone ever said to me they remember what I had on over 7 years ago when they met me n liked me since #cutealert #happy",0.704
"imagine if teppu got animated by madhouse tho &gt;_&lt;",0.467
"@1barkcom Thank you for the #follow. Looking forward to your tweets as they look entertaining! #smile #socialmedia",0.768
"A good thing about being sick is that coughing is like an ab workout. Maybe my abs will be more defined by the time I'm better 😂😅 #optimism",0.55
"I'm not use to getting up early asf this shit goin irritate me.",0.217
"Her charm is liveliness but this is also her weakness.",0.516
"Early morning cheerfulness can be extremely obnoxious #ALDUB62ndWeeksary",0.558
"Skipping meals is the national way of showing #disappointment and #anger. #wiz",0.113
"Forgiving means operating with God's spirit &amp; God isn't unforgiving &amp; doesn't hold a grudge. So who am I? Exactly.",0.548
"Set n alarm '@Innocentia_T: I wanna nap but I'm scared I'll wake up tomorrow .'",0.4
"Dentist just said to me' I'm going to numb your front lip up so it'll feel as if you've got lips like Pete Burns!...... She was right #pout",0.532
"“When we give cheerfully and accept gratefully, everyone is blessed.”―Maya Angelou",0.683
"@TimewarpArcade @tenpencearcade Do you really have to pedal like a nutter to get anywhere? I remember it being more sedate.",0.377
"@EE your website is making me feel violent rage and your upgrade options aren't helping either. #Aaaaarrrrgghhh #iwanttocancel #rage",0.086
"hate overthinking e v e r y t h i n g like i jus' wanna be happy pls",0.426
"Projection is perception. See it in someone else? You also at some level have that within you. #anger ",0.25
"Intermit animated^%%%ncaa pittsburgh vs mississippi sprightly shiny bbva level peg varsity football telly scra...",0.5
"Riding at night has got to be one of the most exhilarating, refreshing things I have ever done.",0.935
"quentin i sait aps dire eastpak i dit aspak msk",0.516
"@MarkDice Agreed.So tired of this nonsense . Soros must be elated.",0.232
"@tunaeP_ cheer up☺️",0.557
"TheNiceBot: WSJNordics You make the world a more joyful place. #TheNiceBot #MPN #DemiLovato",0.759
"@slashersocial #horror H3LL I SURE DID!!! LOL\nHappy about this decision. :)",0.781
"It's amazing how something gets stuck in your head, and you can't shake a memory...  Sometimes, I miss people a lot.  Wish they knew.",0.532
"This pretentious dick in Night Gallery just fucking, used a towel to dry off his sink",0.296
"nooooo. Poor Blue Bell! not again. ",0.2
"Girls with hairy arms scare me",0.367
"hi berniebrocialists of all genders: if I lived in a swingish state I would w/o hesitation vote Clinton &amp; would do so w/o 'supporting' her",0.448
"Jay Z and Brad Pitt cheated ..Bey stayed Angie left #cheaters #love #lust #sex #couples #relationships #date #marriage #divorce",0.552
"I love how cheery and adoring @JackHoward gets every time he produces new content.",0.806
"Whatever you decide to do make sure it makes you .",0.483
"I need a bit of #GBBO to cheer me up after a terrible day!",0.241
"@ADenkyirah Happy birthday! Hope you have a wonderful day filled with lots of joy and laughter &lt;3 (despite tumblr being a jerk- once again)",0.85
"@LiamJamesVernon love the optimism!! BLUE MOON!",0.701
"Somebody who has braved the storm is brewing. #cheerful",0.774
"Beyoncé resentment gets me in my feelings every time. 😩",0.222
"@MariamVeiszadeh it's getting so close in your poll so many ignorant ppl. #depressing #painful something needs to change #BeTheChange ? How?",0.086
"@NoorBazzi14 lowkey I want to go just to chirp Anna LOL but say hi to Atkins for me!! One of my favourite coaches, he's smart and caring",0.696
"Indian time it's already ur birthday @akshaymarwah22. Have a stupendous birthday. Wish you more success, laughter and lots of love. Hugs. x",0.629
"@SimplyMayaMarie @STILLStanding_B 😂😂😂 y'all know I'm crazy its just shocking that's all",0.645
"TheNiceBot: melbjs ;) Here is a smile and a wink from across the web. #TheNiceBot",0.65
"What a fucking muppet.  @jRwild1  #stalker.",0.233
"Tend the sick, Lord Christ; give rest to the weary, bless the dying, soothe the suffering, pity the afflicted, shield the joyous;",0.645
"Like he really just fucking asked me that. ",0.258
"ESPN just assumed I wanted their free magazines #offended",0.3
"She'll be bribing her parents with hearty laughter and giggles :) #Loveet",0.955
"There's a certain hilarity in people angry at protests against the national anthem or the flag when these acts are covered by 1st Amendment.",0.569
"Learning to trust God can quiet a troubled &amp; restless heart, bring peace to a weary soul, &amp; eliminate the hopelessness that #addiction is!",0.65
"i mean i guess most of the mean ones are treated as like playful but i want to support yoosung without dating him ;___;",0.45
"@Cherie_Fitz it's being extremely playful",0.613
"@MarianKeyes the pout tips me over the edge. I am most definitely AGIN. Who the feic bakes with full make up and boots with heels!!!!",0.571
"@SharadK7 awaiting to see ur new avataar #rowdy #action #angry young man",0.431
"But I was so intrigued by your style, boy.Always been a sucker for a wild boy #alarm -@AnneMarieIAm",0.567
"A country that gave safe house to #Osama Bin #Laden is dangerous if not contained. #Pakistan is a #terror heaven, declare so @BanKimoon_amdg",0.331
"@louiseannexx u fucked my house up I'll always hold a grudge",0.19
"@B4caferacer I see things in  the clouds that others can't see so I can #elate",0.638
"@ReadingFC @EFLCup - remind them 'Twenty's Plenty' #revenge!",0.482
"Come and join in with #cakeclubhour tomorrow afternoon from 3pm! #bizhour #chirp",0.625
"But 'for me not to worry, they'll get a glass guy over and bill us for it'",0.438
"@PriceSjrw5614 @Ren102e906 @slb42jcb @swoozyqyah THEN you do what you can and then BLOCK them, they're trying to discourage us",0.321
"@GOT7Official @jrjyp happy birthday jin young!!!!!! #PrinceJinyoungDay  #happyjinyoungday #got7 #happy #birthday",0.844
"You got some dick recently right, you're happy, you're not sick and you're smiling. Life is good' 😭😭😭",0.468
"#ContentwiththeLordsPortion:O satisfy us early with thy #mercy;that we may #rejoice &amp; be glad all our days.#Ps 90:14 #gladness #joy ",0.759
"@UltimateBoxer My heart because you left me for so long again\n\n*slight pout but it turned to a smile*\n\nheheh just kidding, no I'm fine-",0.581
"@Rosie #Strongwomen terrify #weakmen - don't let the #bully wear you down. Loving your consistency and truth in rough times Hang in there ❤️",0.536
"@megalvz literally was gloomy for an hour",0.21
"@TheOnlySweeney their slogan should've been #start instead of #finish",0.375
"@niceoneWern @Alotta_Pain the gleesome threesome",0.422
"@SurfaceSupport A profoundly disappointing experience. I have 2 pay almost $500 2 remedy a defect n the product @Microsoft sold me #terrible",0.161
"TheNiceBot: IndyMN I thought the holidays could not get any more cheerful, and then I met you. #TheNiceBot #الخفجي",0.6
"Go away please ... I'm begging »»» #depression #anxiety #worry #fear #sadness \nDreams of joy and my baby to be found...Sits on #AndisBench",0.194
"Modern family never fails to cheer me up. Especially Phil.",0.655
"For once I gatherp th strength to not try and drink my pain away. #sober #Fighter #strong #lovely #dreamer",0.339
"#ContentwiththeLordsPortion:O satisfy us early with thy #mercy;that we may #rejoice &amp; be glad all our days.#Ps 90:14 #gladness #joy #delight",0.86
"Knowing how to cook is invaluable, what's even better is that even in a 400 sq ft place, I have wide and hearty homestyle egg noodles.",0.804
"Optimism leads to success. - Bill Kerr @Coach__Kerr #success  #goals",0.769
"@WWE is the live event Brock vs Orton 2 this Saturday on the WWE Network? If not it needs to be! :) #wwe @RandyOrton @HeymanHustle #revenge",0.5
"@gingermckchav @MichCorsilles @ArevaMartin @HarvardBLSA @ShareblueMedia Apparently nothing like the terror cops have of black people.",0.333
"@CNBCFastMoney Harwood gleeful at these new numbers, bet your money on this reporting...look to lose it...@HillaryClinton liarthiefscoundrel",0.469
"@Dak2future decorations are up all over Jersey already #outrage",0.188
"Dolores.' A thin lipped smile graced glossed lips as she let blues peer over at the woman. ' A constant delight.. As always.'",0.547
"Function in regard to camshaft exhilaration companies: CQHshJSI",0.54
"#smile is the #respect we give everyone.",0.694
"Sister: (Canadian player does something shady.) Jonathan Toews is frowning and he doesn't know why. #WorldCupOfHockey",0.359
"@AphoticSanguine —but be a little playful. \n\nHe hesitantly pulls away, just enough so he could get words out, lips brushing against—",0.712
"Watching @melissamccarthy in #Spy she's one of Favorite actresses! Last night I was watching her #theboss #hilarious I just want to meet her",0.817
"@AniahROSE I know smh. My heart sunk into my stomach.",0.304
"0 excitement for this weekend just pure dread",0.422
"Light of day per heyday popularization backfire cinematography: XUcQb",0.397
"@enews #breezy deserve it..",0.578
"@nadinekellman yes I can. Don't discourage me.",0.5
"i'm... nervous about this test rip",0.29
"jk. started this week strong and it's still going strong. ",0.75
"STAY JADED everyone is ",0.5
"why is @Iongroadhome so aesthetically pleasing every single day they're even pretty when they just woke up, when they're tired, just. always",0.554
"whenever i pout i just want Adrian to appear and tell me to stop pouting or else",0.484
".@Tolumanda love it! so true. As @Deedeey_ taught me, fear can be an illusion. #coaching  #courage",0.6
"@cc_yandian @HillaryClinton her team must draw from a hat for daily personality #drugged #angry #yeller #quiet #screamer #😂😂",0.367
"PASTOR - 15 FEET away from shooting victim during protest says he is skeptical of official story. #shocking #CharlotteProtest #CharlotteRiot",0.281
"@aGirlHasNo_Name @MdlMurray shot by black police woman Typical looney toon thinking. #Hillary #divide  #chaos",0.4
"We're all in D. T. (Discipleship training or detox) for something. #messy #fearful #cutoff #choosefreedom #CryOut16",0.207
"Come here, let me do whatever I do with it. #dismal",0.431
"when people hit on me i try to shake them off by talking about how i hide from communism",0.367
"Punchline king is back! @Paedeezy 🔥🔥🔥🔥🔥🔥🔥💯💯💯 #bright city lights",0.621
"Watching driven by food and @andrewzimmern going to Devon Ave to eat nihari makes me gleeful af",0.6
"@JoeShennan Meanwhile @JoshuaMurrayBM and I are getting a 7.40am train. I hope you really, really enjoy that hotel, Shennan. ",0.569
"@loueezecee I don't know how much more of that bloody pout I can take!!",0.207
"it gets better. without explanation; you just wake up one morning and you’re just happy, totally and utterly elated.",0.783
"@chelseafc let them know it's the ",0.482
"Best quote from a 7 in German - Almost #happy",0.638
"@tomlinmayniac starting my new challenge ! A glee poll every day !",0.645
"@ashleynwinters I don't like the statement but I love the optimism",0.569
"Q&amp;A with N. Christie @westernuHistory: fr. @marybethstart: What would Peter and Dardanella think of us knowing? #poorthings ",0.276
"Contactless affliction kart are the needs must regarding the psychological moment!: xbeUJGB",0.453
"Oi @THEWIGGYMESS you've absolutely fucking killed me.. 30 mins later im still crying with laughter.. Grindah.. Grindah... 🤓  hahahahahahaha",0.879
"@Apolocreed4 What is even more shocking is that someone gave him a record deal! lol",0.547
"@carysmithwriter @Maria_Savva @RealRockAndRoll We're the least known band in the World, but so glad you asked #muchlove ",0.707
"@D_McMenemy It'll be easy to spot the parade of tiny weans in expensive jammies. Really is hilarious!",0.813
"Be it a rainy day, be it cheerful sunshine, I am a Prussian, want nothing to be but a Prussian.:|",0.7
"@Aamnaa___ @drkarthik_n your per capita income is almost same like us. Gini Coefficient is very dismal. Ambitions are high but output Zero.",0.482
"@Mista_Nightmare i dont understand why u do videos every week spend time with your family instead of working on horror #takeabreak",0.31
"@MalYoung @AngelicaMcD I hope to now see some levity, light, romance and happiness come Stitch and Abby's way after such a long hard road.",0.567
"It's a Moving Day! #stress  #hope",0.34
"Better mood today! Bring me #teasing, #flirting, #xdressers, #laughter, and #roleplayers! Also #confessions and #secrets @underdeskloser",0.766
"testing ",0.5
"Check out this #film Robocoq 301 #animated #shortfilms",0.597
"Val is far too cheery for my liking ✋🏻",0.4
"Be happy not because everything is good, but because you can see the good side of everything. #optimism",0.766
"#RiceFODays now I am Alex Butler's class on financial management. Starts off with a great, relevant class discussion: movies and sunk costs",0.581
"@StephenKing\n\nStephen King never once spoke out about how the Left crushes #FreeSpeech in publishing world.\n\n #Trump  #scifi #ccot #p2",0.429
"I'm so restless",0.19
"troubled soul don't loose your heart 'cause joy and peace he brings and the beauty that's in store outweighs the hurt of life's sting.",0.5
"Tremor!!!\n #tremor",0.367
"Doesn't it just suck when you're so real to someone and try to exhilarate every ounce out of them to only see that they're not down",0.29
"#Awareness seek #shelter .#Letgo Old #habit of chasing #desires resultin in #anger #fear #worry .#Choose #Satisfaction within #Peace #Relax",0.383
"@ryyyshh story of my life. #lost",0.217
"#Terencecutcher #Tulsa the man onthe helicopter said he looks like a bad dude, that is the problem, when they see black they see bad, ",0.29
"Brad Pitt being investigated for child abuse?! this all just got really #dark",0.304
"@westelm tells me my order will ship on Sept 12, arriving by Sept 19. Today is the 22. 😐 #lies #terrible #whereismyfurniture",0.219
"@delta correction 26 ppl. Checked in. Standing at the gate. &amp; Flt 1449 took off without us. ",0.473
"Anytime @perezed gets near a mic, someone needs to smack him w a bat. @BBTN #awful #marblesinmouth",0.355
"[Moment of levity on the B41] Baby: I want ISIS! Give me ISIS!\nMom: Shh!\nBaby: I want ISIS!\nWest Indian woman: She wants what?\nMom: *Ices*.",0.688
"The best revenge is massive success. –Frank Sinatra",0.672
"@m_warner21 Yikes. The wrath of Maddie...",0.391
"When u /only/ talk 2 me or ask me 'how r things' just 2 get 2 say something u want, 4give me if I'm not elated 2 start a conversation with u",0.258
"@HillaryClinton Yeah U gotta make them HEEL. I know U need their votes so U have to wait. But when U LOSE-they're really in for your wrath !",0.286
"@lucy_hyner @Soulboy2266 sadly not !! One less hour drinking time 😢🍻",0.283
"Candace &amp; her pout are getting right on my tits #GBBO",0.339
"It's so breezy I love it 🌬️🍃💛",0.806
"A .500 season is all I'm looking for at this point. #depressing #royals",0.161
"@gypsydragoness wrinkling up. 'Well now, looks here like your name starts with the letter G, eh?' The man smiled up and gave a hearty +",0.726
"I know this is going to be one of those nights where it takes an Act of God to fall asleep. ",0.259
"When something makes you excited, terrified, thrilled, nervous, elated &amp; like you've been kicked in the guts all at once. Need word for that",0.552
"eun: im really unhappy with this and i dont like her like that pls dont\n\nyall: okay but SHE loves HIM",0.267
"if you ain't watching Sugarboy on Hulu, then you ain't shit. #hilarious hahaha",0.741
"Will WHU be old bill free by the time the game with Chelsea comes around? 😂 😂 😂\nThat will be lively to say the least\n#AFC",0.806
"Machine keeps beeping* \nNurse: Don't worry. You're all good. Vitals are normal for your size. \n*Walks back out* \nMatt: so you're dying....😑😂",0.397
"@Ganypede I notice that nice people believe in a nice god and horrid people believe in a horrid god who happens to hate everybody they hate.",0.45
"Evening all. Don't forget it's #RobinHoodHour TONIGHT 🏹\n\n#bizitalk #bizhour #southyorkshire #MansfieldHour #chirp #sheffieldHour #NottsHour",0.534
"@DJ_Musicologist #Disney's 1994 #animated #musical #film #TheLionKing was influenced by #WilliamShakespeare's #Hamlet. Songs by #EltonJohn.",0.661
"And here we go again 😓 #restless",0.4
"Mary Berry and her reign of terror",0.419
"Caballero having a nightmare #sweeperkeepernot",0.355
"but that was a mistake and a half assed excuse and now here i am burning in hell forever",0.306
"I'm so bored and fat and full and ridiculously overweight and rolls galore ",0.155
"@Uber_RSA when you click over and over again for a cupcake but there are no vehicles available... #sadness",0.071
"@beingbrilliant @johnmurrays you're welcome. It's genuinely made me give my head a wobble and realise what's important in life.  #smiling",0.919
"A 'non-permissive environment' is also called a 'battleground' - #MilSpeak #hilarious",0.655
"@comcast you charge 150 extra for sending someone out and your cable service still doesn't work. That's robbery. #cable  #service",0.2
"backed pats -2.5 10/11 just before ",0.536
"3:45am and off to the hospital! Elouise's waters have gone!  #Labour #LittleSister #superexcited",0.839
"@value4tax @Hopkins_Alison That part of Queensbury is a shocking disgrace. The route from the station to Morrisons is festooned with rubbish",0.22
"but losing these games are the worst, you end up feeling a mixture of anger and sadness and shame and anxiety and it lasts for days",0.196
"ima kitchen sink",0.414
"@williamcontrol just preordered The Pale EP... Would have paid for the phone call... But I would have freaked out and not said anything ",0.403
"As the birds begin to chirp, I try to sleep. #Jetlag",0.306
"He replied to my comments 4 times now i'm shaking omg",0.613
"Being #happy means letting go of the clinging and attachment to things in your life. #WednesdayWisdom #life",0.688
"Ive learnt that a #smile and good #morning goes a long way, and saying #thankyou goes even further.  #quote #retweet #inspire",0.783
"Yo this 3 v 3 overtime in hockey got me sweaty damn this ish exhilarating",0.635
"@cassidyyy_0 literally Nicole already had her chance and she played shitty both seasons. ",0.42
"tomorrow will be the last episode of despair arc, so much shit is gonna happen i'm not emotionally prepared...",0.403
"@bolain_branden @GrimsToyShow grim should find broken Matt hardy because he can delete everything lol",0.55
"@blackeyed_susie They ain't going away, and I don't want to see them hurt; changing hearts/minds is really our only option, no? #optimism",0.483
"for an lgbt person to tell someone else that how they identify isn't valid is so sad and against everything we should stand for",0.183
"@ashleighjessica @zacflint1 I'd give that pout the firm D",0.484
"Everyday I wake up, a different @SpursOfficial player signs a contract extension! Love it!! #future #is #bright #COYS",0.933
"I wanna kill you and destroy you. I want you died and I want Flint back. #emo #scene #anger #fuck #die #hatered",0.017
"@JackCurryYES he's just lucky...bad pitchers...#WHATEVER...ElKracken is #legit #future #bright #gottawearshades #LetsGoYankees",0.645
"As the birds chirp and the cows moo we need to listen to the sound of nature to ensure that all is well.",0.581
"If you truly want more of God in your life, it requires letting go of some of the old things, to allow new things to flourish. #stop ",0.483
"I'm really hitting all flavors of my sparkling water rap. But you know what's tripping me out? These half French and Spanish flavors.",0.419
"@VileBairn Turning then, the older woman looked at Sybil with a most somber expression. \n\n“She ran away from me. But I cannot blame her.”",0.383
"Headed to Montalvo w/@jaxster3—bring on the #mirth, bitches!\nd(-_-)b\n@Nick_Offerman\n@MeganOMullally\n#SummerOf69Tour2016",0.537
"Projection is perception. See it in someone else? You also at some level have that within you. #anger #worry",0.115
"@RealMichaelKay Annoys me to about the Ortiz tribute too, how would the Oriole fans and organization feel if Yanks did that to them? #awful",0.167
"How can I tell Happy Anniversary, when u are not happy..  #ampalaya #paitpaitanangpeg",0.483
"@downseung I'm sorry about your loss... no one should ever give you shit for taking your time to mourn. No matter how long it takes.",0.317
"Three days off a month with two ex wives and no home could be worse. I don't know how, but it could #oilandgas ",0.222
"#Talking about our #Problems is our greatest #Addiction#Break the #habitTalk about ur #Joys#quote  #problemsolving #behappy",0.597
"Ok this movie was good in it's time, and whilst we were young... 😂 Still enjoy a shy Ethan Hawk #BeforeSunrise",0.741
"I swear if @devincameron23 blocks me I'm going to hit her back ",0.148
"@alooftroye so what you mean to tell me is that.... glee is...... getting less........... gleeful?",0.391
"@Tweetermeyer The animated version was better",0.433
"@typicalmoony Yes Lia!! Join the dark side!!",0.517
"@iStoleFreeHugs @stephlaris lol I'm happy with my negative, realistic ass self. Sorry to offend you",0.774
".@Travelanswerman: When U ride on a pile of salt life is extra sweet! Always salty always savory! #surfing #aloha #smiling …",0.862
"@5ftanomaly aside from that i'm all about pleasing the individual that i'm involved with, my pleasure comes from their pleasure.",0.71
"@EducatedNPetty white pricks that were laughing at your use of language won't be crying over your coffin but rejoicing that you're another",0.433
"Hey folks sorry if anything offensive got posted on here yesterday my account got hacked. All fixed now though. I hope :-/ #angry #annoyed",0.089
"SRV's 'Voodoo Child' is approximately 76 times better than Jimi's. #guitar #music #blues",0.556
"I Don't know what make #Pakistan fear more their #terrorist or their #terrorism  #TerrorStatePak",0.31
"@BossUpJaee but your pussy was weak from what I heard so stfu up to me bitch . You got to threaten him that your pregnant .",0.233
"It's better to be wetter than it is dry' - @RLevin91 certainly found that hilarious #GBBO",0.703
"I can see how this will end\nIn all its bitter tragedy\nI'll give you all I have to spend\nAnd you'll give nothing back to me",0.292
"@simmy_hanley @Schrise also a ",0.452
"gifs on iOS10 messaging app are hilarious.",0.654
"Rear garden alarm activated  at Telford house at 106.4.",0.484
"@ahtareen1 @ReginalAleman @krelifa @zamansj64 @AwiexaB Very pleasing ty!",0.71
"@iAmSJ I'm so mad for our clients I'm furious lmao",0.283
"@peachkellipop the whole thread is jovial and fun and then this comment is like FULL of misogyny",0.758
"@sydneyswans #cheer #cheer the #red and #white we are now off to #grand final to #win the #fight. Thanks @JetstarAirways",0.783
"Go one extra mile just see her smiling",0.634
"Im so serious about putting words in my mouth bitch don't add ' the ' to my sentence if I didn't say that shit on bloods",0.06
"@BroggersM19 @Calum250284 He had been retired 20 minutes ago by most blues on here 😊",0.548
"@NebulaJoker No, they aren't. Episodes are animated during the week before they air.",0.482
"Well i did hear once before that girls are attracted to men that look like their dad!  👌 ",0.536
"@ArcadianLuthier -- taking out his feelings on Kei unfairly. His lips form a frown as he tries to walk away.",0.266
"Up on melancholy hill",0.339
"You must be knowing #blithe means (adj.)  Happy, cheerful.",0.833
"My ukulele bag has fallen apart. 😐 WELLL AT LEAST my life hasn't yet!! #optimism",0.371
"@nw_autonate \n\n*She held the back of his skull, smiling into the kiss.*",0.629
"@Chr1sMcLaughlin he's brilliant, lost the joyous plot with us that year. Admits being a fan now after that.",0.593
"@KWAYNTjoia it's exhilarating",0.589
"@UKBlogAwards @ModishMale I would always be honest but it's great to feedback opinion to the brand - don't want to offend them #BlogHour",0.468
"So blend the waters lie\nThere shrines and free-  The melancholy waters lie\nNo rays from out the dull tide-  As if the vine",0.397
"And Republicans, you, namely Graham, Flake, Sasse and others are not safe from my wrath, hence that Hillary Hiney-Kissing ad I saw about you",0.419
"@ikhras @benglaze Amal Clooney should try to prosecute  #Bush/ #Blair for #war crimes that turned our World upside down&amp;created ",0.435
"And the weathers so breezy, man why can't life always be this easy?",0.466
"@TiburonChamber plus a hearty pour of #yachtrock by #mustacheharbor !",0.565
"@lmench i'm actually offended by it.  naming the most fattening sandwich after a man who died of coronary disease likely due to his diet?",0.196
"A 'non-permissive environment' is also called a 'battleground' - #MilSpeak ",0.435
"@PixelMonsterYT @TeamGE0 @IZEDEPTIC @ztumtum @CrimtideTV @LtGrandslam @Slinkercorn Bahahahaha Dean looks hilarious and damn I got fat",0.567
"Cuz even the bible talks about the son coming back with a fiery sword he got from his mother. They just called her a whore in revelations",0.483
"Ok but I just got called a 'White Devil' on the train and I didnt know whether to laugh or be offended",0.453
"@suavecitamay sparkling water is nice you know I tried it the other day",0.547
"@scottlocker220 Thank you for that, the notification came in the nick of time to cheer me up - have to re-tweet",0.661
"Turkish exhilaration: for a 30% shade off irruptive russian visitors this twelvemonth, gobbler is nephalism so...",0.379
"Goodbye everyone, tremendous #LTHEchat tonight",0.783
"My back is starting to irritate me and it's barely 2:19 😓",0.226
"Well stock finished &amp; listed, living room moved around, new editing done &amp; fitted in a visit to the in-laws. #productivityatitsfinest ",0.629
"@dish_answers I've contacted @dish @dish_answers  #service #whathappenedtocustomerservice",0.31
"2 biggest fears: incurable STD's and pregnancy...I mean, they're basically the same thing anyway #forlife #annoying  #weirdsmells",0.333
"I was going to say that Rooney is a shadow of his former self but I don't want to offend any shadows. #NTFCvMUFC",0.422
"A warm #smile is the universal language of kindness William Arthur Ward #love #kindness",0.625
"#quote What U #fear controls U. Fear is not out in life but in ur mind. Real difficulties can be overcome - Cheryl Janecky",0.567
"@SilkInSide @TommyJoeRatliff that's so pretty! I love the sky in the background and the purple highlights with the dull colors is great",0.707
" @cailamarsai you've had me   the whole time watching @black_ishABC after you've lost your #glasses! It was #hilarious! @mrbabyboogaloo",0.766
"My irritation level is at an all time high today 🙃",0.161
"Yesterday is history, tomorrow is amystery, and today is a gift; that's why they call it the present #livelife #humbleness  #live",0.733
"@BoardEveryday @turnorder @pinchback21 80s new wave/techno - or jazz / blues depending my mood",0.468
"A goal should scare you a little, and excite you a lot. - Joe Vitale #quote",0.548
"So drunk me hid my keys very well sober me couldn't find it anywhere",0.242
"My mind always seems to work its best at night ",0.531
"As your own lives in order to complete our amazing life journey successfully, it is there. #bitter",0.49
"tim burton never fails to depress me",0.2
"We're all in D. T. (Discipleship training or detox) for something. #messy  #cutoff #choosefreedom #CryOut16",0.333
"All options are on the table - #revenge is coming.",0.367
"@johnwintertweet dudes who wanna play some bass but not buy a bass (me) rejoice",0.656
"There is something v satisfying about  opening an old 'to do'.doc file and being able to check off all the things you have done ",0.589
"@julwhite chirp chirp! :)",0.548
"Synth backing tracks = sadness\n#depresspop #dark #+++ #alt #fuckingmeup",0.21
"It is so exhilarating taking on the challenge of demonstrating + explaining WHY #JamesJoyce's #Ulysses is so endearing &amp; wonderful!",0.733
"Gotta hit up breezy every day to make sure he's breaking in my boots. First class friend right there",0.534
"Hey u never know, Channel 4's version of #GBBO might actually be quite good. A few adverts aren't the end of the world. #optimism",0.641
"Fucking gutted, disheartened &amp; so pissed off.Gone from 1 off the toughest most resolute defences to the worst &amp; most shambolic #SCFC #STOHUL",0.141
"@glacierqxeen \n\n'Whoo, welcome~!' He greeted cheerfully.",0.719
"@gurrie_j thanks for making me super sad about Pizza. #sad #freepizza",0.177
"The best part of this day, Jesus, is to snuggle up in your embrace...to rest in your arms and know you love me...💙❤ #sweetEmbrace ",0.759
"He's seriously so frustrating sometimes! (╯°□°）╯︵ ┻━┻ #ugh #raging",0.088
"LOVE LOVE LOVE #smile #fun #relaxationiskey",0.903
"There goes the butterflies in my stomach.  #anxietyproblems",0.516
"May a man live well-, and long-enough, to leave many joyful widows behind him.",0.534
"@Author_LB Awesome. My 9 yr old grandson runs cross country. No Simon Whitfield but still a lot of fun cheering him on.",0.722
"@DKTaylorWriter I thought that was funny, too. But maybe not such a coincidence. Green must be the official color of optimism.",0.65
"Love being made to feel bad about being scared of the dark",0.417
"Overtime... #TeamNA #WCH2016 #nervous",0.4
"#ArchangelSummit @sethgodin  Anyone can be brave but you just have to last 5 mins longer than everyone else. #leadership #fear",0.352
"Left my phone in Mcds #panic",0.278
"@Mickeyplyler @QualkTalk the refs are in GT's favor tonight. #terrible",0.241
"The Lord thy God in the midst of thee is mighty; he will save, he will rejoice over thee with joy; \nZephaniah 3:17 KJV",0.645
"OMG NOL i love u so so much i love ur cheery face and hugs 😘😘😘 @CRAZYmac17",0.855
"@ryleycathryn @Mack_Shepp did you discover the alarming rate at which bees are dying and how important they are to our way of life?",0.359
"@gagasklaine it's old sadly",0.141
"@sandrosmom The horror!",0.379
"@charles_gaba No, I am probably the person most likely to completely understand how gobsmacked you were to learn how true that is. #sadly",0.141
"I assume that people pick up on my joviality coz I lol a lot but it's just not working. Maybe I need to get heavy handed with emoticons? Ha",0.323
"Can we start a 'get Chris Sutton off our tv campaign? Spread the work #terrible #pundit #noclue",0.344
"@JessicaZ00 @ZRlondon ditto!! Such an amazing atmosphere! #PhilippPlein #cheerleaders #stunt #LondonEvents #cheer",0.855
"@lawson__lynch my kinda girl pleasing the dick right😍😏",0.733
"Why would Enrique sub off busquet? ",0.371
"This weather got me fucked up. Like you either be sunny and hot or gloomy and cold. No in between.",0.2
"A black female LEO💙 was shot 8 times and died in Philadelphia --Where's the #outrage black people? @BarackObama #Sharpton #blm #TheFive",0.196
"I love when #girls are busy in teaching how to #pout while taking #selfie in a mall , their desication is immense #women love #perfection",0.717
"Before the year ends I'll probably get master 12s or flu games, true blues, and space jams.",0.566
"Always do sober what you said you'd do drunk. That will teach you to keep your mouth shut. \n― Ernest Hemingway #quote",0.333
"Good morning joyful people. Choose happiness to have a great day today #morning  #happiness #grandmercurejktkemayoran",0.917
"@airvistara as always it was indeed a wonderful experience flying with you guys today #bestinbusiness #delight #happyme",0.9
"Today I reached 1000 subscribers on YT!! #happy, #goodday, #thankful",0.875
"Trying to loveee somebody, just wanna love somebody right now, guess there's just no pleasing me",0.426
"mustache_harbor: TiburonChamber plus a hearty pour of #yachtrock by #mustacheharbor !",0.655
"@jtkola @danmericaCNN she's still younger and more spry than trump",0.466
"@SomeonesAnIdiot @Sean10Lynagh  due to hearty lawsuit NASCAR will raise beer prices $0.07 to accommodate for losses.",0.313
"#PeopleLikeMeBecause they see the happy exterior, not the hopelessness I sometimes feel inside. #depression #anxiety #anxietyprobz",0.033
"@grahnort wonderful experience watching you yesterday at. @BBCLetItShine thankyou for the #laughter",0.828
"It's 5:55am. I'm hungry but there is no food. #panic",0.183
"talk about a mood pickup i went from depressed to elated so fast",0.517
"Epicurus~ The man least dependent upon the morrow goes to meet the morrow most cheerfully.",0.7
"Now I'm going to sulk again for a week until #OurGirl is back on! @michkeegan and @benaldridge07 are the best! @OurGirlWatch",0.466
"The voice is all about Miley and Alicia this year. No longer about the contestants. #sad @thevoice",0.288
"@NessaMatthews he's perfect. But not even in that way where you sort of resent him or suspect that he leads a double life. Just perfect.",0.365
"@KimLy resent",0.466
"Honestly fuming",0.304
"I screened my own snap what kind of narcissistic ass would smh",0.355
"You don't know what to expect by Brendon's video lmao LA devotee video got me shook ",0.683
"Take my kindness for weakness when you acting silly keeping it 100 ain't your forté  #ChrisBrown #TeamBreezy",0.433
"ramos does what he does best burning haters with his head",0.519
"🍃When #life shows you have a hundred reasons to cry, show it that you have a hundred and one reasons to #smile. 🍃 #quotes @Mind_Console",0.69
"I'm moving this weekend &amp; my sugar daddy will replace it so, it is what it is. Niggas still happy.",0.696
"Go follow #beautiful #Snowgang ♥@Amynicolehill12 ♥ #Princess #fitness #bodyposi #haircut #smile #Whitegirlwednesday",0.757
"Houston might lose a coach tomorrow or by midnight. #yikes ?",0.4
"@BBCSport too dull for the UK.",0.219
"ok so i got my madden 17 refunded but now i gotta wait a few days for the money and now gotta pre-order fifa again....",0.266
"It's so funny cause Cooper's going to go farther than the people who bully her",0.532
"Retweeted GunnySmith93 (@Stephen21Smith):\n\nDays like today I am happy to be alive! #blessed #rejoice",0.897
"Sorry to burst your bubble but it isn't that century anymore. Welcome to the 21st century.",0.589
"@MichiganBromo Good optimism sir :)",0.704
"@SoCalValerie this one was Apples attempt to make muslims happy 🕋",0.552
"#Followback Quote_Soup: Be happy not because everything is good, but because you can see the good side of everything. #optimism",0.672
"me taking a picture by myself: *awkward smile*\nme on picture day: *awkward smile*\nconclusion: stop smiling ;'(\n#pictureday2016 #smile #ornot",0.5
"These girls who are playful and childlike seem to have such lovely relationships. Can't imagine them having serious convos but it's cute  😍😍",0.79
"Congrats to #Nicole #bb18 ... Fix that nose now 😒💁🏻 #bitter #petty",0.426
"2 days until #GoPackGo and 23 days until #GoGipeGo..... I'm so excited! #smiling",0.9
"watching my first Cage of Death and my word this is tremendous",0.719
"$SRPT Why would Etep patients &amp; Mom's advocate for a drug if it did not work? Anyone listen to the Etep MD's @ Adcomm.. all were elated.",0.75
"After soul searching, I'd like to announce that I've chosen @chrissyteigen &amp; @nicolerichie to be my adopted sisters due to their hilarity",0.655
"@Nick_Offerman &amp; @MeganOMullally 's #Summerof69 show was raw sexuality and pure #mirth ! Thanks for the belly laughs and butt sex japes!",0.726
"Completely blown away by @EvaNoblezada @alistairbrammer @JonJonBriones and the cast of @MissSaigonUK tonight. #fathomevents #speechless ",0.677
"This night is sparkling, don't you let it go! I'm wonderstruck, blushing all the way home..' #ValerieBot",0.724
"@lyskoi anyway, I found a short scale today that was perfect for my purposes. soft on the hands, won't aggravate my (now-chronic) tendonitis",0.565
"@R1Breakfast Totes had to re-listen to the endless hilarity that was Tom Odell's 'raaar' this morning 😂😂😂 @grimmers @fionaradio @TinaDaheley",0.7
"@JohnRMoffitt This is the most grim piece of laughter I was stricken with all day.",0.844
"God, I've been so physically weak the whole day. So much shaking :(",0.172
"Yo Yo Yo,my name is #DarthVader \nI feel like I need to puff on my inhaler (I'm no rapper but that was some sick bars)  #bars #rap",0.5
"@TheVulcanSalute , just saw the Save The Day PSA. Why were you in obvious tears doing it? I'd have thought you'd be your cheerful self.",0.516
"The boys rejoice as badger corner has been reclaimed for our first social of the year #cluboftheyear",0.806
"@fixindk @RevoltRazor @dragons1015 Guys don't use that type of language. Save it for raging...",0.328
"The amount of laughter ready to leave my body if United lose is unreal",0.703
"Sometimes I like to talk about my sadness.  Other times, I just want to be distracted by friends, laughter, shopping, eating...  \n\n#MHChat",0.419
"It feels good to get outside for a minute and get some fresh air.  It's hard to stay cooped up inside all day #breezy",0.767
"@r0Ils ppl get triggered over u smiling they're irrelevant",0.375
"Oh I get i see it's #TexasTech playing tonight not the #Texans #TNF #texansarebad ",0.569
"@WHUFC_HUB @westhamtransfer @TheHammers_ I don't see any reason for optimism at this point. Just stringing together bad performances.",0.21
"#Always #borrow #money from a #pessimist. He won't #expect it #back.",0.452
"y'all shabazz's name in my phone is 'easy breezy beautiful' &amp; I will not apologize.",0.468
"This is a beautiful day that the Lord has made. I will rejoice and be glad!!!",0.75
"@VivienLloyd Thank you so much! Just home - stunned but so happy. Don't think it has sunk in yet! Wow.",0.661
"@DamnPatriot You're a POS for rejoicing in someone's death.",0.422
"@Conorojo Loool understand the pessimism but it will 😂",0.688
"@JUSTICESLUT420 sadly this sort of poster died by the 90s afaik",0.234
"@Alex_Philip2648 it's a step up from boiling broccoli tbh",0.532
"Too many gloomy days",0.333
"Good morning chirpy #SpringEquinox and your pensive sister #AutumnEquinox A perfect day however it is expressed 🌹🍁🌓☯️ #theBeautyofBalance",0.688
"@CP24 And I hope when the police met him at the subway that they took him straight to jail 😕 ",0.258
"I can not depict what I feel right now.. I feel jubilant yet anxious, or..dunno. It seems like now I'm having something worth wait everyday.",0.552
"i love that tay &amp; tiff are just sitting at my house while i'm at work 🙃",0.813
"Tip 5: Don't worry about pleasing everyone. #TitanWisdom",0.367
"@AliceGoodman17 i dunno, I'm getting less of the spacious lovely autumnal melancholy from our present apocalypse",0.435
"@mikeburke91 @AP I guess. It's just heartbreaking the ease with which they can kill an innocent man and get away with it. #indignation",0.156
"@footballmcd agreed. Memphis looks lively also",0.609
"I took a yr off school and I'm proud to say I got accepted again, yo girl is going to finish! #happy",0.914
"@TheGoatShow @GameGrumps now that I have been sucked into this wormhole of hilarity with no escape, I can say how weird and accurate this is",0.468
"the ending of how I met your mother is dreadful",0.345
"6 might be a serious number, but 10 sounds better. Wild card race!!",0.5
"Thank you @twitter for the balloons today. #smile #goodday #48",0.845
"You know, you're pro-actively playful. You want to press your boobs into my face, Tatenashi. I'm not saying no, though. =3",0.621
"I know it's the final day of summer when it's the finale of @CBSBigBrother #sadness",0.117
"@jccrocker #CharlotteProtest do u #wait 4 the facts #video or do u #hate now ask questions later #sad #protest #PoliceShootings #suggestions",0.1
"I think what 2016 to really needs to round it out is a @cthulhu4america vs @smod2016 twitter debate. End on something joyful, ya know?.",0.594
"@WellerMonica Hi Monica, I write regularly for @ctysmallholding  - but not on bees - never dared try them #buzz  #HONEY",0.537
"Halfway to work and I realize I forgot to put on underwear....It's going to be one of those days! #mombrain #toomuchgoingon #longday #breezy",0.463
"That was a lovely story to actually see Ruth and hubby who won the cashcow @sunriseon7.It was so funny when she left the phone #happy 😊",0.9
"It's become a verb. 'I'm gonna Villaseñor all those old contacts I don't need anymore.' #sadness @melissavcomedy #waitingforexplanation",0.234
"Charlotte and a friend just climbed to the top of a windmill! Think the view was easy, breezy, beautiful? @PlayHollywoodU",0.839
"@mik61scot @longshankseddie @ROSAZAMBONINI @YouTube I thought it was because she once sunk her teeth into something that's meant 2b sooked",0.419
"semores: let's get this. #mirth #SAW #keepthetradition 💜💛⚛🏵🍇🍋🌼🐤🐥👚😈😈👾🧀",0.483
"What terrible thing to see and have no vision-\n\nHelen Keller-\n\n-Begin with the end in mind-\n\nStephen Covey-\n\n #whereareugoing ",0.426
"It's not that the man did not know how to juggle, he just didn't have the balls to do it. \n#funny #pun #punny #lol #hilarious",0.871
"@Nikhilv95 @LydiajaneF I wish, I really, truly wish, that I had just a modicum of your banter. #hilarious",0.819
"@xiankiefer @TheLincoln Book 5! It's so sprightly &amp; fun cuz he'd been reinvigorated by the Harry Potter series. I'm not kidding.",0.781
"@MeghanEMurphy Oh gosh, if you get 800+ raging comments from cruise fans, I will just die laughing!",0.806
"@washingtonpost#Trump's #fear &amp; #anger are similar to what #Hitler preached to come to power in Germany. Wake up America!!",0.45
"Needed levity: Hubs + I talking of @weareTYPHOON Kyle's new solo album, my 7 yo says '@KyleClark'? She loves ur news show #9News @9NEWS LOLZ",0.707
"A #new day to #live and #smile. Hope all the #followers a nice #night or #day. :D",0.878
"I'm going to get the weirdest thank you note--or worse--total silence and no acknowledgement. ",0.467
"So much #terrible #music playing on the #radio has started to make me wonder weather my taste in music is good or just completely shit",0.25
"How is your toddler coping with the new arrival? Has he tried killing her yet?' they cheerfully ask.",0.656
"@breadf2man @SunApology and it's Kelvin Mackenzie tomorrow... #shudder DontBuyTheSun",0.315
"Rap that will Cut other raper's throat. Who said that? @Paedeezy #badd #wicked. #bright city lights",0.429
"It's just the lack of company and liveliness out here that makes me bored.",0.204
"@MichaelSalfino It still destroys Fear The Walking Dead. That show is horrible",0.148
"And she got all angry telling me 'but what would be doing a 40 year old guy looking for a girl like you' and I felt #offended",0.204
"They tend to loosen up a bit when drunk, and can seem pretty cheerful.",0.677
"@lizbon @anomalily @gerikkransky Sorry for the levity if at all inappropriate but this combined with my love of Charlotte reminds me rn...",0.35
"i had a hard time falling a sleep and woke up several times because i was afraid of bugs crawling on me and i ended up waking up with a bite",0.059
"@simon_penn_r @AntisocialJW2 has turned into a rather fiery GG radical)",0.431
"@MarkTOByrne I offered @WholeFoods @amazon @CheapAir gold or silver but they said Nah... #bitcoin ",0.383
"@SalterUK second pair of scales I have bought that have stopped working after battery change. Is this an issue you are aware of?  #unhappy",0.161
"And I won't even get started with Hillary and her fancy fundraisers! #depressing",0.21
"Manchester United v Manchester City #happy days #EFL",0.758
"@ExpressScripts u shd b embrrssd. u jack up my bp meds twice and it will still take 3-5 days? Not express at all. #expressscripts ",0.321
"I gave up on the U20 Rugby bet on the Roosters!  #nrl",0.391
"Just want Saturday to be over but then again I want to do good #LSAT ",0.422
"Awareness of time is awareness of time lost. #awareness #time #lost",0.345
"@Malkarii_ Korgoth of Barbaria for brutality, King Julian for hilarity, and Ariel... Because hot...",0.552
"@Fatumoriginal there's no sitcom better! If u can't laugh at Sheldon or Leonard then u are sober for real! No two ways about it",0.625
"Yahweh your God is among you, a warrior who saves. He will rejoice over you with gladness.",0.69
"Flight 815 crashed on The Lost Island 2004 #lost @JoshuaJThurston",0.383
"@pixietangerine @hatersbackoff im so exited!! I am shaking so much 😍😍 and im so pround of Colleen and the fandom! Everyone is amazing 😍",0.964
"Yeah, no. I don' mind tweetin' that twice.  #blm #likeThat",0.5
"@lennyabrahamson May I send you a copy of #HeroTheGreyhound? Either e-book or real paper one! A boy and a greyhound #smiles #tears ",0.677
"I like the commercial where @kohara19, on a chocolate milk bender, steals a soccer ball from some guys and refuses to give it back. ",0.583
"@kcbbcxo don't get discouraged! it's early on &amp; it can get overwhelming. keep reading &amp; use cue cards 😊 it'll get better!!",0.655
"It's not #dread. It's called #Locks",0.463
"Good morning! Welcome the new day into your life and your heart #mindfulness  #zen",0.859
"Somewhere between  #hope and #despair the day after #meetingmyabuserincourt \n#DVSurvivor",0.365
"She used to be beautiful, but she lived her life too fast - Forest City Joe #blues #blinddogradio",0.483
"Live simply. Dream big. Be grateful. Give love. Laugh lots. - Unknown #quote #inspiration ",0.724
"When u are strong u offend the weak &amp; insecure. STAY STRONG. Joshua 1:6-9 #god #internationaldayofpeace #actorslife",0.609
"Rec'd call 2day from Haitian church we started in Florida some 15yrs ago. Preparing to acquire their own bldg. Wanted me to know. ",0.672
"@DeltaDomain @SawDraze @qurions dis dat nigga from fume right?",0.419
"I see I'll be hovering over the block button today with much glee.",0.355
"In serious need of a nap",0.362
"Honestly, there are some awful people on the internet... smh...",0.145
"I truly believe in my heart right now that Satan is rejoicing because we are all against one another",0.483
"@DumTeeDum don't think Ian knew of Pavel. He knew about Charlie. I bet Rob will cackle with glee when he heard what has happened #thearchers",0.613
"i lost my wallet lol.... again....",0.234
"repentance, and trusting in Christ. It is lowly and painful, but it is also joyous, peaceful, and absolutely glorious. (2/2)",0.7
"@FoRDaYS14 😳 chewing what? #smile #arcdental #turlock",0.565
"i am SO anxious all the time leaving the house is horrid",0.278
